{"type":"FeatureCollection","metadata":{"source":"Nigeria Grid & Mini-Grid Intelligence Platform","description":"Top 50 viable settlements per state","total_features":1667},"features":[{"type":"Feature","geometry":{"type":"Point","coordinates":[7.485936,4.867422]},"properties":{"settlement_id":"s0v7dq54fc","name":"Location #77146","state":"Abia","lga":"Ukwa East","population":213,"num_buildings":50,"dist_transmission_km":4.35,"solar_pv_value":1256.46,"wealth_index":NaN,"viability_score":NaN,"viability_tier":"A_highly_viable","rank_in_state":1}},{"type":"Feature","geometry":{"type":"Point","coordinates":[7.483476,4.912634]},"properties":{"settlement_id":"s0v7fq361t","name":"Location #148265","state":"Abia","lga":"Ukwa East","population":85,"num_buildings":20,"dist_transmission_km":2.94,"solar_pv_value":1261.939,"wealth_index":NaN,"viability_score":NaN,"viability_tier":"A_highly_viable","rank_in_state":2}},{"type":"Feature","geometry":{"type":"Point","coordinates":[7.595034,5.512687]},"properties":{"settlement_id":"s0vrkgd99p","name":"Location #18663","state":"Abia","lga":"Bende","population":1144,"num_buildings":269,"dist_transmission_km":5.23,"solar_pv_value":1321.84,"wealth_index":NaN,"viability_score":NaN,"viability_tier":"A_highly_viable","rank_in_state":3}},{"type":"Feature","geometry":{"type":"Point","coordinates":[7.61364,5.599418]},"properties":{"settlement_id":"s0vrv724fx","name":"Location #38902","state":"Abia","lga":"Bende","population":515,"num_buildings":121,"dist_transmission_km":null,"solar_pv_value":1345.216,"wealth_index":NaN,"viability_score":NaN,"viability_tier":"A_highly_viable","rank_in_state":4}},{"type":"Feature","geometry":{"type":"Point","coordinates":[7.749269,5.531342]},"properties":{"settlement_id":"s0vx2qfy7h","name":"Location #38702","state":"Abia","lga":"Arochukwu","population":515,"num_buildings":121,"dist_transmission_km":2.85,"solar_pv_value":1333.162,"wealth_index":NaN,"viability_score":NaN,"viability_tier":"A_highly_viable","rank_in_state":5}},{"type":"Feature","geometry":{"type":"Point","coordinates":[7.818027,5.510611]},"properties":{"settlement_id":"s0vx3ghvth","name":"Location #88810","state":"Abia","lga":"Arochukwu","population":174,"num_buildings":41,"dist_transmission_km":3.94,"solar_pv_value":1338.276,"wealth_index":NaN,"viability_score":NaN,"viability_tier":"A_highly_viable","rank_in_state":6}},{"type":"Feature","geometry":{"type":"Point","coordinates":[7.914351,5.466778]},"properties":{"settlement_id":"s0vxh55n39","name":"Location #65967","state":"Abia","lga":"Arochukwu","population":264,"num_buildings":62,"dist_transmission_km":0.53,"solar_pv_value":1327.318,"wealth_index":NaN,"viability_score":NaN,"viability_tier":"A_highly_viable","rank_in_state":7}},{"type":"Feature","geometry":{"type":"Point","coordinates":[7.308998,5.92835]},"properties":{"settlement_id":"s1j1wr4ppu","name":"Location #53122","state":"Abia","lga":"Umu-Nneochi","population":349,"num_buildings":82,"dist_transmission_km":4.15,"solar_pv_value":1346.677,"wealth_index":NaN,"viability_score":NaN,"viability_tier":"A_highly_viable","rank_in_state":8}},{"type":"Feature","geometry":{"type":"Point","coordinates":[7.364377,5.92902]},"properties":{"settlement_id":"s1j1xx6e43","name":"Eziama","state":"Abia","lga":"Umu-Nneochi","population":689,"num_buildings":162,"dist_transmission_km":null,"solar_pv_value":1352.886,"wealth_index":NaN,"viability_score":NaN,"viability_tier":"A_highly_viable","rank_in_state":9}},{"type":"Feature","geometry":{"type":"Point","coordinates":[7.460882,5.686388]},"properties":{"settlement_id":"s1j23g0ve5","name":"Umuobiala\r","state":"Abia","lga":"Umuahia North","population":536,"num_buildings":126,"dist_transmission_km":3.08,"solar_pv_value":1350.694,"wealth_index":NaN,"viability_score":NaN,"viability_tier":"A_highly_viable","rank_in_state":10}},{"type":"Feature","geometry":{"type":"Point","coordinates":[7.490887,5.7013]},"properties":{"settlement_id":"s1j26mysqr","name":"Location #143478","state":"Abia","lga":"Bende","population":89,"num_buildings":21,"dist_transmission_km":0.69,"solar_pv_value":1353.982,"wealth_index":NaN,"viability_score":NaN,"viability_tier":"A_highly_viable","rank_in_state":11}},{"type":"Feature","geometry":{"type":"Point","coordinates":[7.557648,5.707225]},"properties":{"settlement_id":"s1j27yzqcz","name":"Location #53413","state":"Abia","lga":"Isiukwuato","population":344,"num_buildings":81,"dist_transmission_km":1.03,"solar_pv_value":1353.251,"wealth_index":NaN,"viability_score":NaN,"viability_tier":"A_highly_viable","rank_in_state":12}},{"type":"Feature","geometry":{"type":"Point","coordinates":[7.398426,5.820785]},"properties":{"settlement_id":"s1j307ekeb","name":"Uturu","state":"Abia","lga":"Isiukwuato","population":91,"num_buildings":21,"dist_transmission_km":2.98,"solar_pv_value":1363.113,"wealth_index":NaN,"viability_score":NaN,"viability_tier":"A_highly_viable","rank_in_state":13}},{"type":"Feature","geometry":{"type":"Point","coordinates":[7.44934,5.819061]},"properties":{"settlement_id":"s1j31e26qp","name":"Uturu","state":"Abia","lga":"Isiukwuato","population":1543,"num_buildings":361,"dist_transmission_km":1.02,"solar_pv_value":1362.017,"wealth_index":NaN,"viability_score":NaN,"viability_tier":"A_highly_viable","rank_in_state":14}},{"type":"Feature","geometry":{"type":"Point","coordinates":[7.443061,5.903369]},"properties":{"settlement_id":"s1j396eveg","name":"Location #135872","state":"Abia","lga":"Isiukwuato","population":98,"num_buildings":23,"dist_transmission_km":1.01,"solar_pv_value":1357.269,"wealth_index":NaN,"viability_score":NaN,"viability_tier":"A_highly_viable","rank_in_state":15}},{"type":"Feature","geometry":{"type":"Point","coordinates":[7.497998,5.928362]},"properties":{"settlement_id":"s1j3dx5zhn","name":"Location #110746","state":"Abia","lga":"Umu-Nneochi","population":128,"num_buildings":30,"dist_transmission_km":5.92,"solar_pv_value":1360.191,"wealth_index":NaN,"viability_score":NaN,"viability_tier":"A_highly_viable","rank_in_state":16}},{"type":"Feature","geometry":{"type":"Point","coordinates":[7.477863,5.953053]},"properties":{"settlement_id":"s1j3f5tpnc","name":"Location #129572","state":"Abia","lga":"Umu-Nneochi","population":102,"num_buildings":24,"dist_transmission_km":4.56,"solar_pv_value":1360.191,"wealth_index":NaN,"viability_score":NaN,"viability_tier":"A_highly_viable","rank_in_state":17}},{"type":"Feature","geometry":{"type":"Point","coordinates":[11.595037,7.908863]},"properties":{"settlement_id":"s32hzzg0ry","name":"Location #131715","state":"Adamawa","lga":"Toungo","population":102,"num_buildings":24,"dist_transmission_km":19.01,"solar_pv_value":1603.448,"wealth_index":NaN,"viability_score":NaN,"viability_tier":"A_highly_viable","rank_in_state":1}},{"type":"Feature","geometry":{"type":"Point","coordinates":[11.409556,8.039058]},"properties":{"settlement_id":"s32jexknvv","name":"Location #49698","state":"Adamawa","lga":"Toungo","population":379,"num_buildings":89,"dist_transmission_km":15.8,"solar_pv_value":1578.61,"wealth_index":NaN,"viability_score":NaN,"viability_tier":"A_highly_viable","rank_in_state":2}},{"type":"Feature","geometry":{"type":"Point","coordinates":[11.536387,8.021466]},"properties":{"settlement_id":"s32jws283m","name":"Location #64921","state":"Adamawa","lga":"Toungo","population":268,"num_buildings":63,"dist_transmission_km":26.17,"solar_pv_value":1581.532,"wealth_index":NaN,"viability_score":NaN,"viability_tier":"A_highly_viable","rank_in_state":3}},{"type":"Feature","geometry":{"type":"Point","coordinates":[11.876898,7.93682]},"properties":{"settlement_id":"s32mnkb7rf","name":"Gende Kila","state":"Adamawa","lga":"Toungo","population":323,"num_buildings":76,"dist_transmission_km":1.81,"solar_pv_value":1646.912,"wealth_index":NaN,"viability_score":NaN,"viability_tier":"A_highly_viable","rank_in_state":4}},{"type":"Feature","geometry":{"type":"Point","coordinates":[11.887864,7.952168]},"properties":{"settlement_id":"s32mnx8kxr","name":"Gende Kila","state":"Adamawa","lga":"Toungo","population":153,"num_buildings":36,"dist_transmission_km":2.17,"solar_pv_value":1650.2,"wealth_index":NaN,"viability_score":NaN,"viability_tier":"A_highly_viable","rank_in_state":5}},{"type":"Feature","geometry":{"type":"Point","coordinates":[11.891495,7.980332]},"properties":{"settlement_id":"s32mqsg0gc","name":"Location #138791","state":"Adamawa","lga":"Toungo","population":94,"num_buildings":22,"dist_transmission_km":0.67,"solar_pv_value":1648.008,"wealth_index":NaN,"viability_score":NaN,"viability_tier":"A_highly_viable","rank_in_state":6}},{"type":"Feature","geometry":{"type":"Point","coordinates":[11.913666,7.956034]},"properties":{"settlement_id":"s32mr07728","name":"Gende Kila","state":"Adamawa","lga":"Toungo","population":281,"num_buildings":66,"dist_transmission_km":0.3,"solar_pv_value":1656.774,"wealth_index":NaN,"viability_score":NaN,"viability_tier":"A_highly_viable","rank_in_state":7}},{"type":"Feature","geometry":{"type":"Point","coordinates":[11.799202,8.021619]},"properties":{"settlement_id":"s32mskrcm6","name":"Location #129094","state":"Adamawa","lga":"Toungo","population":102,"num_buildings":24,"dist_transmission_km":11.7,"solar_pv_value":1640.338,"wealth_index":NaN,"viability_score":NaN,"viability_tier":"A_highly_viable","rank_in_state":8}},{"type":"Feature","geometry":{"type":"Point","coordinates":[11.619861,8.260353]},"properties":{"settlement_id":"s32qbrv243","name":"Location #55937","state":"Adamawa","lga":"Toungo","population":327,"num_buildings":77,"dist_transmission_km":20.15,"solar_pv_value":1568.749,"wealth_index":NaN,"viability_score":NaN,"viability_tier":"A_highly_viable","rank_in_state":9}},{"type":"Feature","geometry":{"type":"Point","coordinates":[11.836698,8.10638]},"properties":{"settlement_id":"s32qj7epp4","name":"Location #144771","state":"Adamawa","lga":"Toungo","population":89,"num_buildings":21,"dist_transmission_km":15.4,"solar_pv_value":1643.26,"wealth_index":NaN,"viability_score":NaN,"viability_tier":"A_highly_viable","rank_in_state":10}},{"type":"Feature","geometry":{"type":"Point","coordinates":[11.846133,8.216561]},"properties":{"settlement_id":"s32qtxf0fv","name":"Location #122773","state":"Adamawa","lga":"Toungo","population":111,"num_buildings":26,"dist_transmission_km":18.19,"solar_pv_value":1676.498,"wealth_index":NaN,"viability_score":NaN,"viability_tier":"A_highly_viable","rank_in_state":11}},{"type":"Feature","geometry":{"type":"Point","coordinates":[11.641194,8.321056]},"properties":{"settlement_id":"s32r2fucem","name":"Location #132050","state":"Adamawa","lga":"Toungo","population":102,"num_buildings":24,"dist_transmission_km":23.67,"solar_pv_value":1558.156,"wealth_index":NaN,"viability_score":NaN,"viability_tier":"A_highly_viable","rank_in_state":12}},{"type":"Feature","geometry":{"type":"Point","coordinates":[11.711331,8.325873]},"properties":{"settlement_id":"s32r67xvtz","name":"Location #41684","state":"Adamawa","lga":"Toungo","population":472,"num_buildings":111,"dist_transmission_km":31.12,"solar_pv_value":1584.089,"wealth_index":NaN,"viability_score":NaN,"viability_tier":"A_highly_viable","rank_in_state":13}},{"type":"Feature","geometry":{"type":"Point","coordinates":[11.753988,8.305742]},"properties":{"settlement_id":"s32r72nbry","name":"Location #103700","state":"Adamawa","lga":"Toungo","population":140,"num_buildings":33,"dist_transmission_km":29.1,"solar_pv_value":1593.22,"wealth_index":NaN,"viability_score":NaN,"viability_tier":"A_highly_viable","rank_in_state":14}},{"type":"Feature","geometry":{"type":"Point","coordinates":[11.7688,8.325429]},"properties":{"settlement_id":"s32r7g9g0u","name":"Location #152843","state":"Adamawa","lga":"Toungo","population":81,"num_buildings":19,"dist_transmission_km":26.78,"solar_pv_value":1605.639,"wealth_index":NaN,"viability_score":NaN,"viability_tier":"A_highly_viable","rank_in_state":15}},{"type":"Feature","geometry":{"type":"Point","coordinates":[11.662913,8.386408]},"properties":{"settlement_id":"s32r9qswme","name":"Location #151184","state":"Adamawa","lga":"Toungo","population":85,"num_buildings":20,"dist_transmission_km":28.85,"solar_pv_value":1549.025,"wealth_index":NaN,"viability_score":NaN,"viability_tier":"A_highly_viable","rank_in_state":16}},{"type":"Feature","geometry":{"type":"Point","coordinates":[11.810377,8.281438]},"properties":{"settlement_id":"s32rhg84ce","name":"Location #90368","state":"Adamawa","lga":"Toungo","population":170,"num_buildings":40,"dist_transmission_km":22.38,"solar_pv_value":1604.178,"wealth_index":NaN,"viability_score":NaN,"viability_tier":"A_highly_viable","rank_in_state":17}},{"type":"Feature","geometry":{"type":"Point","coordinates":[11.806623,8.32895]},"properties":{"settlement_id":"s32rksjrdk","name":"Location #152733","state":"Adamawa","lga":"Ganye","population":81,"num_buildings":19,"dist_transmission_km":23.7,"solar_pv_value":1613.674,"wealth_index":NaN,"viability_score":NaN,"viability_tier":"A_highly_viable","rank_in_state":18}},{"type":"Feature","geometry":{"type":"Point","coordinates":[11.960285,7.964808]},"properties":{"settlement_id":"s32t21vnqg","name":"Location #144604","state":"Adamawa","lga":"Toungo","population":89,"num_buildings":21,"dist_transmission_km":0.44,"solar_pv_value":1683.072,"wealth_index":NaN,"viability_score":NaN,"viability_tier":"A_highly_viable","rank_in_state":19}},{"type":"Feature","geometry":{"type":"Point","coordinates":[11.97428,7.998491]},"properties":{"settlement_id":"s32t82p6sf","name":"Location #151660","state":"Adamawa","lga":"Toungo","population":85,"num_buildings":20,"dist_transmission_km":2.08,"solar_pv_value":1682.707,"wealth_index":NaN,"viability_score":NaN,"viability_tier":"A_highly_viable","rank_in_state":20}},{"type":"Feature","geometry":{"type":"Point","coordinates":[11.979343,8.084519]},"properties":{"settlement_id":"s32tbxepdz","name":"Toungo","state":"Adamawa","lga":"Toungo","population":98,"num_buildings":23,"dist_transmission_km":4.61,"solar_pv_value":1659.331,"wealth_index":NaN,"viability_score":NaN,"viability_tier":"A_highly_viable","rank_in_state":21}},{"type":"Feature","geometry":{"type":"Point","coordinates":[12.026828,8.084945]},"properties":{"settlement_id":"s32tcxvdjq","name":"Location #112006","state":"Adamawa","lga":"Toungo","population":128,"num_buildings":30,"dist_transmission_km":0.37,"solar_pv_value":1659.331,"wealth_index":NaN,"viability_score":NaN,"viability_tier":"A_highly_viable","rank_in_state":22}},{"type":"Feature","geometry":{"type":"Point","coordinates":[12.063237,8.078025]},"properties":{"settlement_id":"s32tfw81vv","name":"Toungo","state":"Adamawa","lga":"Toungo","population":651,"num_buildings":153,"dist_transmission_km":3.17,"solar_pv_value":1658.966,"wealth_index":NaN,"viability_score":NaN,"viability_tier":"A_highly_viable","rank_in_state":23}},{"type":"Feature","geometry":{"type":"Point","coordinates":[12.02658,8.168973]},"properties":{"settlement_id":"s32w3xj7xw","name":"Location #54613","state":"Adamawa","lga":"Toungo","population":336,"num_buildings":79,"dist_transmission_km":1.62,"solar_pv_value":1664.079,"wealth_index":NaN,"viability_score":NaN,"viability_tier":"A_highly_viable","rank_in_state":24}},{"type":"Feature","geometry":{"type":"Point","coordinates":[12.025717,8.277825]},"properties":{"settlement_id":"s32x1duvgd","name":"Location #149891","state":"Adamawa","lga":"Ganye","population":85,"num_buildings":20,"dist_transmission_km":4.31,"solar_pv_value":1666.636,"wealth_index":NaN,"viability_score":NaN,"viability_tier":"A_highly_viable","rank_in_state":25}},{"type":"Feature","geometry":{"type":"Point","coordinates":[11.961915,8.324937]},"properties":{"settlement_id":"s32x25w2kb","name":"Location #57489","state":"Adamawa","lga":"Ganye","population":315,"num_buildings":74,"dist_transmission_km":10.72,"solar_pv_value":1672.48,"wealth_index":NaN,"viability_score":NaN,"viability_tier":"A_highly_viable","rank_in_state":26}},{"type":"Feature","geometry":{"type":"Point","coordinates":[11.965199,8.324166]},"properties":{"settlement_id":"s32x272gc3","name":"Location #126315","state":"Adamawa","lga":"Ganye","population":106,"num_buildings":25,"dist_transmission_km":10.42,"solar_pv_value":1662.253,"wealth_index":NaN,"viability_score":NaN,"viability_tier":"A_highly_viable","rank_in_state":27}},{"type":"Feature","geometry":{"type":"Point","coordinates":[12.058852,8.275695]},"properties":{"settlement_id":"s32x46scrt","name":"Location #133670","state":"Adamawa","lga":"Ganye","population":98,"num_buildings":23,"dist_transmission_km":1.02,"solar_pv_value":1667.732,"wealth_index":NaN,"viability_score":NaN,"viability_tier":"A_highly_viable","rank_in_state":28}},{"type":"Feature","geometry":{"type":"Point","coordinates":[12.115325,8.301699]},"properties":{"settlement_id":"s32x5xq0gs","name":"Location #100237","state":"Adamawa","lga":"Ganye","population":149,"num_buildings":35,"dist_transmission_km":5.48,"solar_pv_value":1659.696,"wealth_index":NaN,"viability_score":NaN,"viability_tier":"A_highly_viable","rank_in_state":29}},{"type":"Feature","geometry":{"type":"Point","coordinates":[12.16001,8.324548]},"properties":{"settlement_id":"s32xkeqwhb","name":"Location #28154","state":"Adamawa","lga":"Ganye","population":740,"num_buildings":174,"dist_transmission_km":10.45,"solar_pv_value":1654.582,"wealth_index":NaN,"viability_score":NaN,"viability_tier":"A_highly_viable","rank_in_state":30}},{"type":"Feature","geometry":{"type":"Point","coordinates":[12.173192,8.326402]},"properties":{"settlement_id":"s32xm5b0zc","name":"Location #79371","state":"Adamawa","lga":"Ganye","population":204,"num_buildings":48,"dist_transmission_km":11.93,"solar_pv_value":1655.313,"wealth_index":NaN,"viability_score":NaN,"viability_tier":"A_highly_viable","rank_in_state":31}},{"type":"Feature","geometry":{"type":"Point","coordinates":[12.212383,8.323897]},"properties":{"settlement_id":"s32xmgkf1n","name":"Location #48709","state":"Adamawa","lga":"Ganye","population":391,"num_buildings":92,"dist_transmission_km":16.04,"solar_pv_value":1653.122,"wealth_index":NaN,"viability_score":NaN,"viability_tier":"A_highly_viable","rank_in_state":32}},{"type":"Feature","geometry":{"type":"Point","coordinates":[12.236635,8.299914]},"properties":{"settlement_id":"s32xnqyqw2","name":"Location #52769","state":"Adamawa","lga":"Ganye","population":353,"num_buildings":83,"dist_transmission_km":18.49,"solar_pv_value":1651.66,"wealth_index":NaN,"viability_score":NaN,"viability_tier":"A_highly_viable","rank_in_state":33}},{"type":"Feature","geometry":{"type":"Point","coordinates":[12.195068,8.43448]},"properties":{"settlement_id":"s32xvx2nmt","name":"Location #129006","state":"Adamawa","lga":"Ganye","population":106,"num_buildings":25,"dist_transmission_km":11.47,"solar_pv_value":1656.409,"wealth_index":NaN,"viability_score":NaN,"viability_tier":"A_highly_viable","rank_in_state":34}},{"type":"Feature","geometry":{"type":"Point","coordinates":[11.709794,8.463444]},"properties":{"settlement_id":"s3824kwz1u","name":"Location #73258","state":"Adamawa","lga":"Ganye","population":230,"num_buildings":54,"dist_transmission_km":25.06,"solar_pv_value":1556.33,"wealth_index":NaN,"viability_score":NaN,"viability_tier":"A_highly_viable","rank_in_state":35}},{"type":"Feature","geometry":{"type":"Point","coordinates":[11.820534,8.445373]},"properties":{"settlement_id":"s382hcrmy7","name":"Location #78218","state":"Adamawa","lga":"Ganye","population":208,"num_buildings":49,"dist_transmission_km":13.94,"solar_pv_value":1665.54,"wealth_index":NaN,"viability_score":NaN,"viability_tier":"A_highly_viable","rank_in_state":36}},{"type":"Feature","geometry":{"type":"Point","coordinates":[11.900799,8.513094]},"properties":{"settlement_id":"s382qvcbke","name":"Location #35670","state":"Adamawa","lga":"Ganye","population":570,"num_buildings":134,"dist_transmission_km":3.55,"solar_pv_value":1665.905,"wealth_index":NaN,"viability_score":NaN,"viability_tier":"A_highly_viable","rank_in_state":37}},{"type":"Feature","geometry":{"type":"Point","coordinates":[11.909222,8.516027]},"properties":{"settlement_id":"s382rn212y","name":"Location #87799","state":"Adamawa","lga":"Ganye","population":179,"num_buildings":42,"dist_transmission_km":2.96,"solar_pv_value":1665.54,"wealth_index":NaN,"viability_score":NaN,"viability_tier":"A_highly_viable","rank_in_state":38}},{"type":"Feature","geometry":{"type":"Point","coordinates":[11.783838,8.60938]},"properties":{"settlement_id":"s382upk9r2","name":"Tibak","state":"Adamawa","lga":"Mayo-Belwa","population":289,"num_buildings":68,"dist_transmission_km":17.24,"solar_pv_value":1697.317,"wealth_index":NaN,"viability_score":NaN,"viability_tier":"A_highly_viable","rank_in_state":39}},{"type":"Feature","geometry":{"type":"Point","coordinates":[11.802708,8.596592]},"properties":{"settlement_id":"s382usfqz0","name":"Location #138304","state":"Adamawa","lga":"Mayo-Belwa","population":94,"num_buildings":22,"dist_transmission_km":17.66,"solar_pv_value":1638.146,"wealth_index":NaN,"viability_score":NaN,"viability_tier":"A_highly_viable","rank_in_state":40}},{"type":"Feature","geometry":{"type":"Point","coordinates":[11.804906,8.599975]},"properties":{"settlement_id":"s382uts46p","name":"Location #100224","state":"Adamawa","lga":"Mayo-Belwa","population":149,"num_buildings":35,"dist_transmission_km":17.64,"solar_pv_value":1638.146,"wealth_index":NaN,"viability_score":NaN,"viability_tier":"A_highly_viable","rank_in_state":41}},{"type":"Feature","geometry":{"type":"Point","coordinates":[11.818469,8.61239]},"properties":{"settlement_id":"s382uzvfy3","name":"Location #148212","state":"Adamawa","lga":"Mayo-Belwa","population":85,"num_buildings":20,"dist_transmission_km":17.4,"solar_pv_value":1645.451,"wealth_index":NaN,"viability_score":NaN,"viability_tier":"A_highly_viable","rank_in_state":42}},{"type":"Feature","geometry":{"type":"Point","coordinates":[11.935363,8.595748]},"properties":{"settlement_id":"s382zsg1f5","name":"Location #102907","state":"Adamawa","lga":"Ganye","population":145,"num_buildings":34,"dist_transmission_km":8.64,"solar_pv_value":1659.331,"wealth_index":NaN,"viability_score":NaN,"viability_tier":"A_highly_viable","rank_in_state":43}},{"type":"Feature","geometry":{"type":"Point","coordinates":[11.811978,8.622916]},"properties":{"settlement_id":"s383hcc0ph","name":"Tibak","state":"Adamawa","lga":"Mayo-Belwa","population":111,"num_buildings":26,"dist_transmission_km":17.19,"solar_pv_value":1645.451,"wealth_index":NaN,"viability_score":NaN,"viability_tier":"A_highly_viable","rank_in_state":44}},{"type":"Feature","geometry":{"type":"Point","coordinates":[11.818246,8.624726]},"properties":{"settlement_id":"s383hfjf9j","name":"Location #115270","state":"Adamawa","lga":"Mayo-Belwa","population":123,"num_buildings":29,"dist_transmission_km":17.31,"solar_pv_value":1646.912,"wealth_index":NaN,"viability_score":NaN,"viability_tier":"A_highly_viable","rank_in_state":45}},{"type":"Feature","geometry":{"type":"Point","coordinates":[11.821579,8.626546]},"properties":{"settlement_id":"s383j42jqb","name":"Location #112652","state":"Adamawa","lga":"Mayo-Belwa","population":128,"num_buildings":30,"dist_transmission_km":17.28,"solar_pv_value":1649.834,"wealth_index":NaN,"viability_score":NaN,"viability_tier":"A_highly_viable","rank_in_state":46}},{"type":"Feature","geometry":{"type":"Point","coordinates":[11.930625,8.72775]},"properties":{"settlement_id":"s383xkzdgd","name":"Gangfada","state":"Adamawa","lga":"Mayo-Belwa","population":255,"num_buildings":60,"dist_transmission_km":5.39,"solar_pv_value":1662.253,"wealth_index":NaN,"viability_score":NaN,"viability_tier":"A_highly_viable","rank_in_state":47}},{"type":"Feature","geometry":{"type":"Point","coordinates":[11.917569,8.794772]},"properties":{"settlement_id":"s386p1n172","name":"Location #92474","state":"Adamawa","lga":"Mayo-Belwa","population":166,"num_buildings":39,"dist_transmission_km":6.62,"solar_pv_value":1662.253,"wealth_index":NaN,"viability_score":NaN,"viability_tier":"A_highly_viable","rank_in_state":48}},{"type":"Feature","geometry":{"type":"Point","coordinates":[11.786136,9.115899]},"properties":{"settlement_id":"s387u5qruy","name":"Alkaliman","state":"Adamawa","lga":"Mayo-Belwa","population":128,"num_buildings":30,"dist_transmission_km":13.47,"solar_pv_value":1633.398,"wealth_index":NaN,"viability_score":NaN,"viability_tier":"A_highly_viable","rank_in_state":49}},{"type":"Feature","geometry":{"type":"Point","coordinates":[11.790443,9.110379]},"properties":{"settlement_id":"s387u63xc1","name":"Alkaliman","state":"Adamawa","lga":"Mayo-Belwa","population":170,"num_buildings":40,"dist_transmission_km":13.16,"solar_pv_value":1633.398,"wealth_index":NaN,"viability_score":NaN,"viability_tier":"A_highly_viable","rank_in_state":50}},{"type":"Feature","geometry":{"type":"Point","coordinates":[7.660698,4.672384]},"properties":{"settlement_id":"s0v6w6d6e5","name":"Location #37298","state":"Akwa Ibom","lga":"Ikot Abasi","population":540,"num_buildings":127,"dist_transmission_km":2.09,"solar_pv_value":1234.91,"wealth_index":NaN,"viability_score":NaN,"viability_tier":"A_highly_viable","rank_in_state":1}},{"type":"Feature","geometry":{"type":"Point","coordinates":[7.484892,4.9024]},"properties":{"settlement_id":"s0v7fk6qd9","name":"Location #132373","state":"Akwa Ibom","lga":"Etim Ekpo","population":102,"num_buildings":24,"dist_transmission_km":4.1,"solar_pv_value":1261.939,"wealth_index":NaN,"viability_score":NaN,"viability_tier":"A_highly_viable","rank_in_state":2}},{"type":"Feature","geometry":{"type":"Point","coordinates":[7.485902,4.912247]},"properties":{"settlement_id":"s0v7fq5pfj","name":"Location #137643","state":"Akwa Ibom","lga":"Etim Ekpo","population":94,"num_buildings":22,"dist_transmission_km":3.04,"solar_pv_value":1263.4,"wealth_index":NaN,"viability_score":NaN,"viability_tier":"A_highly_viable","rank_in_state":3}},{"type":"Feature","geometry":{"type":"Point","coordinates":[7.716816,4.777355]},"properties":{"settlement_id":"s0v7ptenng","name":"Location #63317","state":"Akwa Ibom","lga":"Oruk Anam","population":276,"num_buildings":65,"dist_transmission_km":2.25,"solar_pv_value":1240.024,"wealth_index":NaN,"viability_score":NaN,"viability_tier":"A_highly_viable","rank_in_state":4}},{"type":"Feature","geometry":{"type":"Point","coordinates":[7.717439,4.785318]},"properties":{"settlement_id":"s0v7px5smr","name":"Ekparakwa\r","state":"Akwa Ibom","lga":"Oruk Anam","population":204,"num_buildings":48,"dist_transmission_km":1.85,"solar_pv_value":1240.754,"wealth_index":NaN,"viability_score":NaN,"viability_tier":"A_highly_viable","rank_in_state":5}},{"type":"Feature","geometry":{"type":"Point","coordinates":[7.713231,4.794615]},"properties":{"settlement_id":"s0v7r8bdem","name":"Ekparakwa\r","state":"Akwa Ibom","lga":"Oruk Anam","population":472,"num_buildings":111,"dist_transmission_km":1.69,"solar_pv_value":1241.12,"wealth_index":NaN,"viability_score":NaN,"viability_tier":"A_highly_viable","rank_in_state":6}},{"type":"Feature","geometry":{"type":"Point","coordinates":[7.716339,4.799501]},"properties":{"settlement_id":"s0v7r9dz5e","name":"Ekparakwa\r","state":"Akwa Ibom","lga":"Oruk Anam","population":119,"num_buildings":28,"dist_transmission_km":1.5,"solar_pv_value":1241.12,"wealth_index":NaN,"viability_score":NaN,"viability_tier":"A_highly_viable","rank_in_state":7}},{"type":"Feature","geometry":{"type":"Point","coordinates":[7.727516,4.79282]},"properties":{"settlement_id":"s0v7rbe00n","name":"Ekparakwa\r","state":"Akwa Ibom","lga":"Oruk Anam","population":1061,"num_buildings":220,"dist_transmission_km":0.42,"solar_pv_value":1241.85,"wealth_index":NaN,"viability_score":NaN,"viability_tier":"A_highly_viable","rank_in_state":8}},{"type":"Feature","geometry":{"type":"Point","coordinates":[7.814059,4.537808]},"properties":{"settlement_id":"s0v9cf448u","name":"Atabrikang Ekeme\r","state":"Akwa Ibom","lga":"Eastern Obolo","population":111,"num_buildings":26,"dist_transmission_km":2.29,"solar_pv_value":1285.315,"wealth_index":NaN,"viability_score":NaN,"viability_tier":"A_highly_viable","rank_in_state":9}},{"type":"Feature","geometry":{"type":"Point","coordinates":[7.866831,4.528028]},"properties":{"settlement_id":"s0v9g023wm","name":"Akata","state":"Akwa Ibom","lga":"Ibeno","population":174,"num_buildings":41,"dist_transmission_km":7.88,"solar_pv_value":1293.35,"wealth_index":NaN,"viability_score":NaN,"viability_tier":"A_highly_viable","rank_in_state":10}},{"type":"Feature","geometry":{"type":"Point","coordinates":[7.881398,4.530011]},"properties":{"settlement_id":"s0v9g2ej1z","name":"Akata","state":"Akwa Ibom","lga":"Ibeno","population":685,"num_buildings":161,"dist_transmission_km":9.03,"solar_pv_value":1294.081,"wealth_index":NaN,"viability_score":NaN,"viability_tier":"A_highly_viable","rank_in_state":11}},{"type":"Feature","geometry":{"type":"Point","coordinates":[7.934532,4.543622]},"properties":{"settlement_id":"s0v9ue1sxb","name":"Location #145723","state":"Akwa Ibom","lga":"Ibeno","population":89,"num_buildings":21,"dist_transmission_km":6.96,"solar_pv_value":1294.811,"wealth_index":NaN,"viability_score":NaN,"viability_tier":"A_highly_viable","rank_in_state":12}},{"type":"Feature","geometry":{"type":"Point","coordinates":[8.021215,4.544388]},"properties":{"settlement_id":"s0v9ye2bgz","name":"Kwa Ibo\r","state":"Akwa Ibom","lga":"Ibeno","population":153,"num_buildings":36,"dist_transmission_km":0.3,"solar_pv_value":1296.272,"wealth_index":NaN,"viability_score":NaN,"viability_tier":"A_highly_viable","rank_in_state":13}},{"type":"Feature","geometry":{"type":"Point","coordinates":[8.051743,4.544382]},"properties":{"settlement_id":"s0v9z5r0gn","name":"Kwa Ibo\r","state":"Akwa Ibom","lga":"Ibeno","population":1123,"num_buildings":264,"dist_transmission_km":1.78,"solar_pv_value":1295.176,"wealth_index":NaN,"viability_score":NaN,"viability_tier":"A_highly_viable","rank_in_state":14}},{"type":"Feature","geometry":{"type":"Point","coordinates":[8.186996,4.54537]},"properties":{"settlement_id":"s0vcf73wdy","name":"Location #78735","state":"Akwa Ibom","lga":"Ibeno","population":208,"num_buildings":49,"dist_transmission_km":3.9,"solar_pv_value":1299.56,"wealth_index":NaN,"viability_score":NaN,"viability_tier":"A_highly_viable","rank_in_state":15}},{"type":"Feature","geometry":{"type":"Point","coordinates":[8.199,4.544159]},"properties":{"settlement_id":"s0vcfe4rds","name":"Location #111840","state":"Akwa Ibom","lga":"Ibeno","population":128,"num_buildings":30,"dist_transmission_km":4.2,"solar_pv_value":1299.925,"wealth_index":NaN,"viability_score":NaN,"viability_tier":"A_highly_viable","rank_in_state":16}},{"type":"Feature","geometry":{"type":"Point","coordinates":[8.210232,4.567516]},"properties":{"settlement_id":"s0vcfz6x8q","name":"Location #132970","state":"Akwa Ibom","lga":"Ibeno","population":98,"num_buildings":23,"dist_transmission_km":2.65,"solar_pv_value":1284.584,"wealth_index":NaN,"viability_score":NaN,"viability_tier":"A_highly_viable","rank_in_state":17}},{"type":"Feature","geometry":{"type":"Point","coordinates":[8.218265,4.542142]},"properties":{"settlement_id":"s0vcg4b7gk","name":"Location #125999","state":"Akwa Ibom","lga":"Ibeno","population":106,"num_buildings":25,"dist_transmission_km":5.27,"solar_pv_value":1301.386,"wealth_index":NaN,"viability_score":NaN,"viability_tier":"A_highly_viable","rank_in_state":18}},{"type":"Feature","geometry":{"type":"Point","coordinates":[7.742894,4.798963]},"properties":{"settlement_id":"s0ve21w5yx","name":"Iffe\r","state":"Akwa Ibom","lga":"Mkpat Enin","population":179,"num_buildings":42,"dist_transmission_km":0.66,"solar_pv_value":1242.946,"wealth_index":NaN,"viability_score":NaN,"viability_tier":"A_highly_viable","rank_in_state":19}},{"type":"Feature","geometry":{"type":"Point","coordinates":[7.748137,4.793562]},"properties":{"settlement_id":"s0ve22dh88","name":"Location #31635","state":"Akwa Ibom","lga":"Mkpat Enin","population":717,"num_buildings":153,"dist_transmission_km":0.9,"solar_pv_value":1242.946,"wealth_index":NaN,"viability_score":NaN,"viability_tier":"A_highly_viable","rank_in_state":20}},{"type":"Feature","geometry":{"type":"Point","coordinates":[7.752305,4.798711]},"properties":{"settlement_id":"s0ve23t49b","name":"Location #102529","state":"Akwa Ibom","lga":"Mkpat Enin","population":145,"num_buildings":34,"dist_transmission_km":1.72,"solar_pv_value":1242.946,"wealth_index":NaN,"viability_score":NaN,"viability_tier":"A_highly_viable","rank_in_state":21}},{"type":"Feature","geometry":{"type":"Point","coordinates":[7.735565,4.807094]},"properties":{"settlement_id":"s0ve250g7e","name":"Ekparakwa\r","state":"Akwa Ibom","lga":"Mkpat Enin","population":204,"num_buildings":48,"dist_transmission_km":0.24,"solar_pv_value":1242.946,"wealth_index":NaN,"viability_score":NaN,"viability_tier":"A_highly_viable","rank_in_state":22}},{"type":"Feature","geometry":{"type":"Point","coordinates":[7.75949,4.805825]},"properties":{"settlement_id":"s0ve2df7cn","name":"Location #115687","state":"Akwa Ibom","lga":"Mkpat Enin","population":123,"num_buildings":29,"dist_transmission_km":2.68,"solar_pv_value":1244.042,"wealth_index":NaN,"viability_score":NaN,"viability_tier":"A_highly_viable","rank_in_state":23}},{"type":"Feature","geometry":{"type":"Point","coordinates":[8.073028,4.846254]},"properties":{"settlement_id":"s0vexdnx7p","name":"Okopedi","state":"Akwa Ibom","lga":"Okobo","population":115,"num_buildings":27,"dist_transmission_km":3.38,"solar_pv_value":1257.921,"wealth_index":NaN,"viability_score":NaN,"viability_tier":"A_highly_viable","rank_in_state":24}},{"type":"Feature","geometry":{"type":"Point","coordinates":[8.23737,4.631425]},"properties":{"settlement_id":"s0vf77nk08","name":"Enwang","state":"Akwa Ibom","lga":"Mbo","population":149,"num_buildings":35,"dist_transmission_km":7.63,"solar_pv_value":1264.861,"wealth_index":NaN,"viability_score":NaN,"viability_tier":"A_highly_viable","rank_in_state":25}},{"type":"Feature","geometry":{"type":"Point","coordinates":[8.258665,4.616162]},"properties":{"settlement_id":"s0vf7bmg0f","name":"Location #119948","state":"Akwa Ibom","lga":"Mbo","population":115,"num_buildings":27,"dist_transmission_km":6.62,"solar_pv_value":1267.783,"wealth_index":NaN,"viability_score":NaN,"viability_tier":"A_highly_viable","rank_in_state":26}},{"type":"Feature","geometry":{"type":"Point","coordinates":[8.258851,4.733841]},"properties":{"settlement_id":"s0vfgvvbt5","name":"Isung Udun Ukor\r","state":"Akwa Ibom","lga":"Udung Uko","population":383,"num_buildings":90,"dist_transmission_km":0.31,"solar_pv_value":1258.286,"wealth_index":NaN,"viability_score":NaN,"viability_tier":"A_highly_viable","rank_in_state":27}},{"type":"Feature","geometry":{"type":"Point","coordinates":[8.267924,4.732199]},"properties":{"settlement_id":"s0vfujkx09","name":"Isung Udun Ukor\r","state":"Akwa Ibom","lga":"Udung Uko","population":310,"num_buildings":73,"dist_transmission_km":1.21,"solar_pv_value":1260.112,"wealth_index":NaN,"viability_score":NaN,"viability_tier":"A_highly_viable","rank_in_state":28}},{"type":"Feature","geometry":{"type":"Point","coordinates":[8.319787,4.710155]},"properties":{"settlement_id":"s0vfv36q9h","name":"James Town\r","state":"Akwa Ibom","lga":"Mbo","population":136,"num_buildings":32,"dist_transmission_km":6.04,"solar_pv_value":1282.393,"wealth_index":NaN,"viability_score":NaN,"viability_tier":"A_highly_viable","rank_in_state":29}},{"type":"Feature","geometry":{"type":"Point","coordinates":[8.190927,4.916719]},"properties":{"settlement_id":"s0vgfrh3yq","name":"Location #122342","state":"Akwa Ibom","lga":"Okobo","population":111,"num_buildings":26,"dist_transmission_km":10.46,"solar_pv_value":1296.272,"wealth_index":NaN,"viability_score":NaN,"viability_tier":"A_highly_viable","rank_in_state":30}},{"type":"Feature","geometry":{"type":"Point","coordinates":[7.742562,4.929248]},"properties":{"settlement_id":"s0vs01mfyy","name":"Nung Ita","state":"Akwa Ibom","lga":"Oruk Anam","population":166,"num_buildings":39,"dist_transmission_km":5.24,"solar_pv_value":1265.226,"wealth_index":NaN,"viability_score":NaN,"viability_tier":"A_highly_viable","rank_in_state":31}},{"type":"Feature","geometry":{"type":"Point","coordinates":[7.751283,4.928546]},"properties":{"settlement_id":"s0vs03hqcg","name":"Location #88644","state":"Akwa Ibom","lga":"Oruk Anam","population":179,"num_buildings":42,"dist_transmission_km":4.91,"solar_pv_value":1265.226,"wealth_index":NaN,"viability_score":NaN,"viability_tier":"A_highly_viable","rank_in_state":32}},{"type":"Feature","geometry":{"type":"Point","coordinates":[7.745346,4.939629]},"properties":{"settlement_id":"s0vs05pzrt","name":"Nung Ita","state":"Akwa Ibom","lga":"Oruk Anam","population":179,"num_buildings":42,"dist_transmission_km":4.07,"solar_pv_value":1266.687,"wealth_index":NaN,"viability_score":NaN,"viability_tier":"A_highly_viable","rank_in_state":33}},{"type":"Feature","geometry":{"type":"Point","coordinates":[8.046845,5.113826]},"properties":{"settlement_id":"s0vtp4gw1n","name":"Location #101336","state":"Akwa Ibom","lga":"Uruan","population":145,"num_buildings":34,"dist_transmission_km":3.39,"solar_pv_value":1288.967,"wealth_index":NaN,"viability_score":NaN,"viability_tier":"A_highly_viable","rank_in_state":34}},{"type":"Feature","geometry":{"type":"Point","coordinates":[7.851666,5.333055]},"properties":{"settlement_id":"s0vw6dv7m1","name":"Location #138166","state":"Akwa Ibom","lga":"Ibiono Ibom","population":94,"num_buildings":22,"dist_transmission_km":7.21,"solar_pv_value":1314.9,"wealth_index":NaN,"viability_score":NaN,"viability_tier":"A_highly_viable","rank_in_state":35}},{"type":"Feature","geometry":{"type":"Point","coordinates":[6.855304,6.353217]},"properties":{"settlement_id":"s1hu5uxfhj","name":"Otuocha\r","state":"Anambra","lga":"Anambra East","population":515,"num_buildings":121,"dist_transmission_km":0.19,"solar_pv_value":1378.454,"wealth_index":NaN,"viability_score":NaN,"viability_tier":"A_highly_viable","rank_in_state":1}},{"type":"Feature","geometry":{"type":"Point","coordinates":[6.809987,6.407559]},"properties":{"settlement_id":"s1hu6yqysp","name":"Nmiata\r","state":"Anambra","lga":"Anambra West","population":85,"num_buildings":20,"dist_transmission_km":0.72,"solar_pv_value":1369.322,"wealth_index":NaN,"viability_score":NaN,"viability_tier":"A_highly_viable","rank_in_state":2}},{"type":"Feature","geometry":{"type":"Point","coordinates":[6.814349,6.399575]},"properties":{"settlement_id":"s1hu7j401z","name":"Nmiata\r","state":"Anambra","lga":"Anambra West","population":272,"num_buildings":64,"dist_transmission_km":0.63,"solar_pv_value":1370.053,"wealth_index":NaN,"viability_score":NaN,"viability_tier":"A_highly_viable","rank_in_state":3}},{"type":"Feature","geometry":{"type":"Point","coordinates":[6.819646,6.401114]},"properties":{"settlement_id":"s1hu7jmcjq","name":"Location #149257","state":"Anambra","lga":"Anambra West","population":85,"num_buildings":20,"dist_transmission_km":1.46,"solar_pv_value":1368.957,"wealth_index":NaN,"viability_score":NaN,"viability_tier":"A_highly_viable","rank_in_state":4}},{"type":"Feature","geometry":{"type":"Point","coordinates":[6.822505,6.400849]},"properties":{"settlement_id":"s1hu7jpzxu","name":"Location #147776","state":"Anambra","lga":"Anambra West","population":85,"num_buildings":20,"dist_transmission_km":1.75,"solar_pv_value":1368.957,"wealth_index":NaN,"viability_score":NaN,"viability_tier":"A_highly_viable","rank_in_state":5}},{"type":"Feature","geometry":{"type":"Point","coordinates":[6.82607,6.400041]},"properties":{"settlement_id":"s1hu7m4dfy","name":"Location #26655","state":"Anambra","lga":"Anambra West","population":787,"num_buildings":185,"dist_transmission_km":1.94,"solar_pv_value":1368.592,"wealth_index":NaN,"viability_score":NaN,"viability_tier":"A_highly_viable","rank_in_state":6}},{"type":"Feature","geometry":{"type":"Point","coordinates":[6.85792,6.356592]},"properties":{"settlement_id":"s1huhj1vc4","name":"Otuocha\r","state":"Anambra","lga":"Anambra East","population":157,"num_buildings":37,"dist_transmission_km":null,"solar_pv_value":1378.454,"wealth_index":NaN,"viability_score":NaN,"viability_tier":"A_highly_viable","rank_in_state":7}},{"type":"Feature","geometry":{"type":"Point","coordinates":[6.947958,6.39548]},"properties":{"settlement_id":"s1huqh7275","name":"Igbamam\r","state":"Anambra","lga":"Anambra East","population":94,"num_buildings":22,"dist_transmission_km":0.01,"solar_pv_value":1366.4,"wealth_index":NaN,"viability_score":NaN,"viability_tier":"A_highly_viable","rank_in_state":8}},{"type":"Feature","geometry":{"type":"Point","coordinates":[6.876382,6.48887]},"properties":{"settlement_id":"s1huumr0rm","name":"Oronia Utu\r","state":"Anambra","lga":"Anambra West","population":106,"num_buildings":25,"dist_transmission_km":1.56,"solar_pv_value":1359.095,"wealth_index":NaN,"viability_score":NaN,"viability_tier":"A_highly_viable","rank_in_state":9}},{"type":"Feature","geometry":{"type":"Point","coordinates":[6.877714,6.491398]},"properties":{"settlement_id":"s1huut8pnk","name":"Oronia Utu\r","state":"Anambra","lga":"Anambra West","population":89,"num_buildings":21,"dist_transmission_km":1.82,"solar_pv_value":1359.095,"wealth_index":NaN,"viability_score":NaN,"viability_tier":"A_highly_viable","rank_in_state":10}},{"type":"Feature","geometry":{"type":"Point","coordinates":[7.015048,6.416678]},"properties":{"settlement_id":"s1hux8h5y7","name":"Oba-Umulokpe\r","state":"Anambra","lga":"Awka North","population":434,"num_buildings":102,"dist_transmission_km":null,"solar_pv_value":1365.67,"wealth_index":NaN,"viability_score":NaN,"viability_tier":"A_highly_viable","rank_in_state":11}},{"type":"Feature","geometry":{"type":"Point","coordinates":[6.832292,6.669577]},"properties":{"settlement_id":"s1hvgqpj5g","name":"Location #108124","state":"Anambra","lga":"Anambra West","population":136,"num_buildings":32,"dist_transmission_km":12.98,"solar_pv_value":1369.322,"wealth_index":NaN,"viability_score":NaN,"viability_tier":"A_highly_viable","rank_in_state":12}},{"type":"Feature","geometry":{"type":"Point","coordinates":[6.927167,6.691626]},"properties":{"settlement_id":"s1hyjdhjw9","name":"Location #43954","state":"Anambra","lga":"Anambra West","population":442,"num_buildings":104,"dist_transmission_km":2.73,"solar_pv_value":1359.826,"wealth_index":NaN,"viability_score":NaN,"viability_tier":"A_highly_viable","rank_in_state":13}},{"type":"Feature","geometry":{"type":"Point","coordinates":[7.201643,6.137408]},"properties":{"settlement_id":"s1j4gvk0fr","name":"Agbaliji","state":"Anambra","lga":"Orumba North","population":111,"num_buildings":26,"dist_transmission_km":2.01,"solar_pv_value":1345.581,"wealth_index":NaN,"viability_score":NaN,"viability_tier":"A_highly_viable","rank_in_state":14}},{"type":"Feature","geometry":{"type":"Point","coordinates":[7.095269,6.343703]},"properties":{"settlement_id":"s1jh16ydez","name":"Location #42114","state":"Anambra","lga":"Awka North","population":464,"num_buildings":109,"dist_transmission_km":null,"solar_pv_value":1351.06,"wealth_index":NaN,"viability_score":NaN,"viability_tier":"A_highly_viable","rank_in_state":15}},{"type":"Feature","geometry":{"type":"Point","coordinates":[9.906442,9.692322]},"properties":{"settlement_id":"s1xp1kmtug","name":"Dull A","state":"Bauchi","lga":"Tafawa-Balewa","population":196,"num_buildings":46,"dist_transmission_km":14.71,"solar_pv_value":1695.491,"wealth_index":NaN,"viability_score":NaN,"viability_tier":"A_highly_viable","rank_in_state":1}},{"type":"Feature","geometry":{"type":"Point","coordinates":[10.509597,9.754054]},"properties":{"settlement_id":"s1xrrpsv7r","name":"Lim Kundak","state":"Bauchi","lga":"Alkaleri","population":272,"num_buildings":64,"dist_transmission_km":null,"solar_pv_value":1626.093,"wealth_index":NaN,"viability_score":NaN,"viability_tier":"A_highly_viable","rank_in_state":2}},{"type":"Feature","geometry":{"type":"Point","coordinates":[10.925908,9.731025]},"properties":{"settlement_id":"s1xz2ekp24","name":"Futuk East","state":"Bauchi","lga":"Alkaleri","population":94,"num_buildings":22,"dist_transmission_km":5.84,"solar_pv_value":1629.746,"wealth_index":NaN,"viability_score":NaN,"viability_tier":"A_highly_viable","rank_in_state":3}},{"type":"Feature","geometry":{"type":"Point","coordinates":[10.924441,9.734095]},"properties":{"settlement_id":"s1xz2s4cjy","name":"Futuk East","state":"Bauchi","lga":"Alkaleri","population":140,"num_buildings":33,"dist_transmission_km":5.58,"solar_pv_value":1633.398,"wealth_index":NaN,"viability_score":NaN,"viability_tier":"A_highly_viable","rank_in_state":4}},{"type":"Feature","geometry":{"type":"Point","coordinates":[9.005728,10.115933]},"properties":{"settlement_id":"s1y3sctc8d","name":"Ribina West","state":"Bauchi","lga":"Toro","population":604,"num_buildings":142,"dist_transmission_km":7.12,"solar_pv_value":1720.328,"wealth_index":NaN,"viability_score":NaN,"viability_tier":"A_highly_viable","rank_in_state":5}},{"type":"Feature","geometry":{"type":"Point","coordinates":[9.466706,10.136971]},"properties":{"settlement_id":"s1y9xmmknh","name":"Jama'a","state":"Bauchi","lga":"Dass","population":200,"num_buildings":47,"dist_transmission_km":7.81,"solar_pv_value":1703.891,"wealth_index":NaN,"viability_score":NaN,"viability_tier":"A_highly_viable","rank_in_state":6}},{"type":"Feature","geometry":{"type":"Point","coordinates":[9.478425,10.165736]},"properties":{"settlement_id":"s1y9zdtgxq","name":"Jama'a","state":"Bauchi","lga":"Toro","population":119,"num_buildings":28,"dist_transmission_km":6.27,"solar_pv_value":1707.544,"wealth_index":NaN,"viability_score":NaN,"viability_tier":"A_highly_viable","rank_in_state":7}},{"type":"Feature","geometry":{"type":"Point","coordinates":[9.600985,9.928325]},"properties":{"settlement_id":"s1yb6rrhxj","name":"Bununu South","state":"Bauchi","lga":"Dass","population":128,"num_buildings":30,"dist_transmission_km":10.32,"solar_pv_value":1695.856,"wealth_index":NaN,"viability_score":NaN,"viability_tier":"A_highly_viable","rank_in_state":8}},{"type":"Feature","geometry":{"type":"Point","coordinates":[9.497064,10.072442]},"properties":{"settlement_id":"s1yc21es1x","name":"Bagel Bajar","state":"Bauchi","lga":"Dass","population":540,"num_buildings":127,"dist_transmission_km":null,"solar_pv_value":1706.083,"wealth_index":NaN,"viability_score":NaN,"viability_tier":"A_highly_viable","rank_in_state":9}},{"type":"Feature","geometry":{"type":"Point","coordinates":[9.500076,10.070641]},"properties":{"settlement_id":"s1yc21m9xz","name":"Bagel Bajar","state":"Bauchi","lga":"Dass","population":94,"num_buildings":22,"dist_transmission_km":null,"solar_pv_value":1706.083,"wealth_index":NaN,"viability_score":NaN,"viability_tier":"A_highly_viable","rank_in_state":10}},{"type":"Feature","geometry":{"type":"Point","coordinates":[9.506499,10.072645]},"properties":{"settlement_id":"s1yc23dmmm","name":"Bagel Bajar","state":"Bauchi","lga":"Dass","population":1059,"num_buildings":249,"dist_transmission_km":null,"solar_pv_value":1703.526,"wealth_index":NaN,"viability_score":NaN,"viability_tier":"A_highly_viable","rank_in_state":11}},{"type":"Feature","geometry":{"type":"Point","coordinates":[9.514812,10.072719]},"properties":{"settlement_id":"s1yc298mz4","name":"Bagel Bajar","state":"Bauchi","lga":"Dass","population":396,"num_buildings":93,"dist_transmission_km":null,"solar_pv_value":1703.891,"wealth_index":NaN,"viability_score":NaN,"viability_tier":"A_highly_viable","rank_in_state":12}},{"type":"Feature","geometry":{"type":"Point","coordinates":[9.664293,10.028145]},"properties":{"settlement_id":"s1yc5ct64m","name":"Dajin","state":"Bauchi","lga":"Tafawa-Balewa","population":1208,"num_buildings":284,"dist_transmission_km":6.36,"solar_pv_value":1698.778,"wealth_index":NaN,"viability_score":NaN,"viability_tier":"A_highly_viable","rank_in_state":13}},{"type":"Feature","geometry":{"type":"Point","coordinates":[9.532302,10.114114]},"properties":{"settlement_id":"s1yc8cjnyx","name":"Dajin","state":"Bauchi","lga":"Dass","population":187,"num_buildings":44,"dist_transmission_km":5.02,"solar_pv_value":1697.317,"wealth_index":NaN,"viability_score":NaN,"viability_tier":"A_highly_viable","rank_in_state":14}},{"type":"Feature","geometry":{"type":"Point","coordinates":[9.695114,10.069916]},"properties":{"settlement_id":"s1yck95v88","name":"Bauchi","state":"Bauchi","lga":"Bauchi","population":179,"num_buildings":42,"dist_transmission_km":4.47,"solar_pv_value":1702.796,"wealth_index":NaN,"viability_score":NaN,"viability_tier":"A_highly_viable","rank_in_state":15}},{"type":"Feature","geometry":{"type":"Point","coordinates":[9.76176,10.137368]},"properties":{"settlement_id":"s1ycwjkq3q","name":"Bauchi","state":"Bauchi","lga":"Bauchi","population":306,"num_buildings":72,"dist_transmission_km":7.64,"solar_pv_value":1696.221,"wealth_index":NaN,"viability_score":NaN,"viability_tier":"A_highly_viable","rank_in_state":16}},{"type":"Feature","geometry":{"type":"Point","coordinates":[9.764675,10.139077]},"properties":{"settlement_id":"s1ycwjy2mk","name":"Bauchi","state":"Bauchi","lga":"Bauchi","population":111,"num_buildings":26,"dist_transmission_km":7.88,"solar_pv_value":1696.221,"wealth_index":NaN,"viability_score":NaN,"viability_tier":"A_highly_viable","rank_in_state":17}},{"type":"Feature","geometry":{"type":"Point","coordinates":[9.210936,10.250953]},"properties":{"settlement_id":"s1yd3d5hnk","name":"Lame","state":"Bauchi","lga":"Toro","population":370,"num_buildings":87,"dist_transmission_km":14.47,"solar_pv_value":1726.537,"wealth_index":NaN,"viability_score":NaN,"viability_tier":"A_highly_viable","rank_in_state":18}},{"type":"Feature","geometry":{"type":"Point","coordinates":[9.375002,10.207186]},"properties":{"settlement_id":"s1ydj64tjm","name":"Jama'a","state":"Bauchi","lga":"Toro","population":948,"num_buildings":223,"dist_transmission_km":0.01,"solar_pv_value":1715.579,"wealth_index":NaN,"viability_score":NaN,"viability_tier":"A_highly_viable","rank_in_state":19}},{"type":"Feature","geometry":{"type":"Point","coordinates":[9.364778,10.21773]},"properties":{"settlement_id":"s1ydjh54x4","name":"Zaranda","state":"Bauchi","lga":"Toro","population":179,"num_buildings":42,"dist_transmission_km":1.21,"solar_pv_value":1714.118,"wealth_index":NaN,"viability_score":NaN,"viability_tier":"A_highly_viable","rank_in_state":20}},{"type":"Feature","geometry":{"type":"Point","coordinates":[9.374903,10.223585]},"properties":{"settlement_id":"s1ydjm4sen","name":"Zaranda","state":"Bauchi","lga":"Toro","population":264,"num_buildings":62,"dist_transmission_km":1.09,"solar_pv_value":1715.579,"wealth_index":NaN,"viability_score":NaN,"viability_tier":"A_highly_viable","rank_in_state":21}},{"type":"Feature","geometry":{"type":"Point","coordinates":[9.380174,10.248504]},"properties":{"settlement_id":"s1ydm3wmvg","name":"Zaranda","state":"Bauchi","lga":"Toro","population":493,"num_buildings":116,"dist_transmission_km":3.29,"solar_pv_value":1710.831,"wealth_index":NaN,"viability_score":NaN,"viability_tier":"A_highly_viable","rank_in_state":22}},{"type":"Feature","geometry":{"type":"Point","coordinates":[9.376689,10.251636]},"properties":{"settlement_id":"s1ydm67bhe","name":"Zaranda","state":"Bauchi","lga":"Toro","population":123,"num_buildings":29,"dist_transmission_km":3.97,"solar_pv_value":1709.37,"wealth_index":NaN,"viability_score":NaN,"viability_tier":"A_highly_viable","rank_in_state":23}},{"type":"Feature","geometry":{"type":"Point","coordinates":[9.371214,10.322836]},"properties":{"settlement_id":"s1ydtppyvh","name":"Zaranda","state":"Bauchi","lga":"Toro","population":102,"num_buildings":24,"dist_transmission_km":11.66,"solar_pv_value":1698.778,"wealth_index":NaN,"viability_score":NaN,"viability_tier":"A_highly_viable","rank_in_state":24}},{"type":"Feature","geometry":{"type":"Point","coordinates":[9.638824,10.247682]},"properties":{"settlement_id":"s1yf73dc0f","name":"Rauta geji","state":"Bauchi","lga":"Toro","population":293,"num_buildings":69,"dist_transmission_km":0.71,"solar_pv_value":1714.849,"wealth_index":NaN,"viability_score":NaN,"viability_tier":"A_highly_viable","rank_in_state":25}},{"type":"Feature","geometry":{"type":"Point","coordinates":[9.648522,10.483911]},"properties":{"settlement_id":"s1yges9c4y","name":"Bauchi","state":"Bauchi","lga":"Bauchi","population":166,"num_buildings":39,"dist_transmission_km":12.04,"solar_pv_value":1700.604,"wealth_index":NaN,"viability_score":NaN,"viability_tier":"A_highly_viable","rank_in_state":26}},{"type":"Feature","geometry":{"type":"Point","coordinates":[8.918348,10.880852]},"properties":{"settlement_id":"s1ymfuy1s9","name":"Kyata","state":"Bauchi","lga":"Ningi","population":208,"num_buildings":49,"dist_transmission_km":13.65,"solar_pv_value":1704.622,"wealth_index":NaN,"viability_score":NaN,"viability_tier":"A_highly_viable","rank_in_state":27}},{"type":"Feature","geometry":{"type":"Point","coordinates":[9.120104,11.108793]},"properties":{"settlement_id":"s1yrpw313v","name":"Kurmi","state":"Bauchi","lga":"Ningi","population":111,"num_buildings":26,"dist_transmission_km":3.94,"solar_pv_value":1704.987,"wealth_index":NaN,"viability_score":NaN,"viability_tier":"A_highly_viable","rank_in_state":28}},{"type":"Feature","geometry":{"type":"Point","coordinates":[9.145512,10.675514]},"properties":{"settlement_id":"s1ys8p7t3u","name":"Lame","state":"Bauchi","lga":"Toro","population":115,"num_buildings":27,"dist_transmission_km":31.6,"solar_pv_value":1714.483,"wealth_index":NaN,"viability_score":NaN,"viability_tier":"A_highly_viable","rank_in_state":29}},{"type":"Feature","geometry":{"type":"Point","coordinates":[9.434723,10.966082]},"properties":{"settlement_id":"s1ywqsq4hc","name":"Kudu Yamma","state":"Bauchi","lga":"Ningi","population":2177,"num_buildings":512,"dist_transmission_km":13.1,"solar_pv_value":1702.796,"wealth_index":NaN,"viability_score":NaN,"viability_tier":"A_highly_viable","rank_in_state":30}},{"type":"Feature","geometry":{"type":"Point","coordinates":[9.308199,11.099262]},"properties":{"settlement_id":"s1yx5ud1bu","name":"Kudu Yamma","state":"Bauchi","lga":"Ningi","population":89,"num_buildings":21,"dist_transmission_km":2.3,"solar_pv_value":1697.317,"wealth_index":NaN,"viability_score":NaN,"viability_tier":"A_highly_viable","rank_in_state":31}},{"type":"Feature","geometry":{"type":"Point","coordinates":[9.954737,9.879392]},"properties":{"settlement_id":"s1z04w2zdh","name":"Lim Kundak","state":"Bauchi","lga":"Alkaleri","population":102,"num_buildings":24,"dist_transmission_km":20.23,"solar_pv_value":1679.42,"wealth_index":NaN,"viability_score":NaN,"viability_tier":"A_highly_viable","rank_in_state":32}},{"type":"Feature","geometry":{"type":"Point","coordinates":[10.079469,9.865461]},"properties":{"settlement_id":"s1z0j7gwkx","name":"Dan","state":"Bauchi","lga":"Alkaleri","population":115,"num_buildings":27,"dist_transmission_km":10.21,"solar_pv_value":1697.317,"wealth_index":NaN,"viability_score":NaN,"viability_tier":"A_highly_viable","rank_in_state":33}},{"type":"Feature","geometry":{"type":"Point","coordinates":[10.075577,9.867874]},"properties":{"settlement_id":"s1z0jk2u9c","name":"Dan","state":"Bauchi","lga":"Alkaleri","population":213,"num_buildings":50,"dist_transmission_km":10.59,"solar_pv_value":1695.856,"wealth_index":NaN,"viability_score":NaN,"viability_tier":"A_highly_viable","rank_in_state":34}},{"type":"Feature","geometry":{"type":"Point","coordinates":[10.135992,9.964485]},"properties":{"settlement_id":"s1z0wtuz3d","name":"Birim Gigyara","state":"Bauchi","lga":"Alkaleri","population":442,"num_buildings":104,"dist_transmission_km":4.06,"solar_pv_value":1695.856,"wealth_index":NaN,"viability_score":NaN,"viability_tier":"A_highly_viable","rank_in_state":35}},{"type":"Feature","geometry":{"type":"Point","coordinates":[10.035533,10.094197]},"properties":{"settlement_id":"s1z1kmeduy","name":"Bauchi","state":"Bauchi","lga":"Bauchi","population":259,"num_buildings":61,"dist_transmission_km":0.84,"solar_pv_value":1686.724,"wealth_index":NaN,"viability_score":NaN,"viability_tier":"A_highly_viable","rank_in_state":36}},{"type":"Feature","geometry":{"type":"Point","coordinates":[10.022289,10.097726]},"properties":{"settlement_id":"s1z1kn4p82","name":"Bauchi","state":"Bauchi","lga":"Bauchi","population":204,"num_buildings":48,"dist_transmission_km":2.1,"solar_pv_value":1686.724,"wealth_index":NaN,"viability_score":NaN,"viability_tier":"A_highly_viable","rank_in_state":37}},{"type":"Feature","geometry":{"type":"Point","coordinates":[10.027041,10.101452]},"properties":{"settlement_id":"s1z1knvmnz","name":"Bauchi","state":"Bauchi","lga":"Bauchi","population":166,"num_buildings":39,"dist_transmission_km":2.15,"solar_pv_value":1686.359,"wealth_index":NaN,"viability_score":NaN,"viability_tier":"A_highly_viable","rank_in_state":38}},{"type":"Feature","geometry":{"type":"Point","coordinates":[10.307668,10.094448]},"properties":{"settlement_id":"s1z36t9u6j","name":"Gwaram B","state":"Bauchi","lga":"Alkaleri","population":106,"num_buildings":25,"dist_transmission_km":1.51,"solar_pv_value":1672.48,"wealth_index":NaN,"viability_score":NaN,"viability_tier":"A_highly_viable","rank_in_state":39}},{"type":"Feature","geometry":{"type":"Point","coordinates":[10.403024,10.070918]},"properties":{"settlement_id":"s1z3k9r725","name":"Pali West","state":"Bauchi","lga":"Alkaleri","population":204,"num_buildings":48,"dist_transmission_km":1.48,"solar_pv_value":1671.019,"wealth_index":NaN,"viability_score":NaN,"viability_tier":"A_highly_viable","rank_in_state":40}},{"type":"Feature","geometry":{"type":"Point","coordinates":[10.47048,10.160533]},"properties":{"settlement_id":"s1z3y38m7u","name":"Pali East","state":"Bauchi","lga":"Alkaleri","population":213,"num_buildings":50,"dist_transmission_km":0.96,"solar_pv_value":1680.515,"wealth_index":NaN,"viability_score":NaN,"viability_tier":"A_highly_viable","rank_in_state":41}},{"type":"Feature","geometry":{"type":"Point","coordinates":[10.478353,10.159561]},"properties":{"settlement_id":"s1z3y3qper","name":"Pali East","state":"Bauchi","lga":"Alkaleri","population":85,"num_buildings":20,"dist_transmission_km":0.74,"solar_pv_value":1680.15,"wealth_index":NaN,"viability_score":NaN,"viability_tier":"A_highly_viable","rank_in_state":42}},{"type":"Feature","geometry":{"type":"Point","coordinates":[10.111182,10.224498]},"properties":{"settlement_id":"s1z4nj6dp8","name":"Bauchi","state":"Bauchi","lga":"Bauchi","population":94,"num_buildings":22,"dist_transmission_km":3.04,"solar_pv_value":1688.551,"wealth_index":NaN,"viability_score":NaN,"viability_tier":"A_highly_viable","rank_in_state":43}},{"type":"Feature","geometry":{"type":"Point","coordinates":[10.35864,10.22758]},"properties":{"settlement_id":"s1z65tygvz","name":"Alkaleri East","state":"Bauchi","lga":"Alkaleri","population":85,"num_buildings":20,"dist_transmission_km":4.7,"solar_pv_value":1700.969,"wealth_index":NaN,"viability_score":NaN,"viability_tier":"A_highly_viable","rank_in_state":44}},{"type":"Feature","geometry":{"type":"Point","coordinates":[10.360903,10.224914]},"properties":{"settlement_id":"s1z65v2s6w","name":"Alkaleri East","state":"Bauchi","lga":"Alkaleri","population":353,"num_buildings":83,"dist_transmission_km":4.93,"solar_pv_value":1703.526,"wealth_index":NaN,"viability_score":NaN,"viability_tier":"A_highly_viable","rank_in_state":45}},{"type":"Feature","geometry":{"type":"Point","coordinates":[10.41052,10.289639]},"properties":{"settlement_id":"s1z6schtqx","name":"Kwagal","state":"Bauchi","lga":"Kirfi","population":221,"num_buildings":52,"dist_transmission_km":null,"solar_pv_value":1680.515,"wealth_index":NaN,"viability_score":NaN,"viability_tier":"A_highly_viable","rank_in_state":46}},{"type":"Feature","geometry":{"type":"Point","coordinates":[10.431074,10.421929]},"properties":{"settlement_id":"s1z7m378js","name":"Kirfi","state":"Bauchi","lga":"Kirfi","population":115,"num_buildings":27,"dist_transmission_km":0.02,"solar_pv_value":1686.724,"wealth_index":NaN,"viability_score":NaN,"viability_tier":"A_highly_viable","rank_in_state":47}},{"type":"Feature","geometry":{"type":"Point","coordinates":[10.697359,10.159597]},"properties":{"settlement_id":"s1z9g3mxfw","name":"Kwiamawa","state":"Bauchi","lga":"Alkaleri","population":472,"num_buildings":111,"dist_transmission_km":4.48,"solar_pv_value":1665.905,"wealth_index":NaN,"viability_score":NaN,"viability_tier":"A_highly_viable","rank_in_state":48}},{"type":"Feature","geometry":{"type":"Point","coordinates":[10.755654,10.180517]},"properties":{"settlement_id":"s1z9uv21bc","name":"Kwiamawa","state":"Bauchi","lga":"Alkaleri","population":157,"num_buildings":37,"dist_transmission_km":7.9,"solar_pv_value":1669.192,"wealth_index":NaN,"viability_score":NaN,"viability_tier":"A_highly_viable","rank_in_state":49}},{"type":"Feature","geometry":{"type":"Point","coordinates":[10.385462,10.835925]},"properties":{"settlement_id":"s1zmskd7yf","name":"Ganjuwa A","state":"Bauchi","lga":"Ganjuwa","population":438,"num_buildings":103,"dist_transmission_km":3.21,"solar_pv_value":1719.962,"wealth_index":NaN,"viability_score":NaN,"viability_tier":"A_highly_viable","rank_in_state":50}},{"type":"Feature","geometry":{"type":"Point","coordinates":[5.577854,4.720842]},"properties":{"settlement_id":"s0gfygmsvk","name":"Ezeotu-Zion","state":"Bayelsa","lga":"Southern Ijaw","population":625,"num_buildings":147,"dist_transmission_km":41.48,"solar_pv_value":1304.673,"wealth_index":NaN,"viability_score":NaN,"viability_tier":"A_highly_viable","rank_in_state":1}},{"type":"Feature","geometry":{"type":"Point","coordinates":[5.521734,4.982608]},"properties":{"settlement_id":"s0gumehcc9","name":"Gbotebo\r","state":"Bayelsa","lga":"Ekeremor","population":89,"num_buildings":21,"dist_transmission_km":21.1,"solar_pv_value":1268.513,"wealth_index":NaN,"viability_score":NaN,"viability_tier":"A_highly_viable","rank_in_state":2}},{"type":"Feature","geometry":{"type":"Point","coordinates":[5.408281,5.114205]},"properties":{"settlement_id":"s0gv5540qh","name":"Agge\r","state":"Bayelsa","lga":"Ekeremor","population":327,"num_buildings":77,"dist_transmission_km":2.67,"solar_pv_value":1332.797,"wealth_index":NaN,"viability_score":NaN,"viability_tier":"A_highly_viable","rank_in_state":3}},{"type":"Feature","geometry":{"type":"Point","coordinates":[5.910848,4.398133]},"properties":{"settlement_id":"s0u1n88hux","name":"Location #150125","state":"Bayelsa","lga":"Southern Ijaw","population":85,"num_buildings":20,"dist_transmission_km":53.49,"solar_pv_value":1279.471,"wealth_index":NaN,"viability_score":NaN,"viability_tier":"A_highly_viable","rank_in_state":4}},{"type":"Feature","geometry":{"type":"Point","coordinates":[5.909353,4.461147]},"properties":{"settlement_id":"s0u1qkph1f","name":"Ngukulagbene","state":"Bayelsa","lga":"Southern Ijaw","population":234,"num_buildings":55,"dist_transmission_km":50.76,"solar_pv_value":1242.946,"wealth_index":NaN,"viability_score":NaN,"viability_tier":"A_highly_viable","rank_in_state":5}},{"type":"Feature","geometry":{"type":"Point","coordinates":[5.863632,4.486193]},"properties":{"settlement_id":"s0u1t2tvbw","name":"Abalagiagbene","state":"Bayelsa","lga":"Southern Ijaw","population":157,"num_buildings":37,"dist_transmission_km":54.11,"solar_pv_value":1249.52,"wealth_index":NaN,"viability_score":NaN,"viability_tier":"A_highly_viable","rank_in_state":6}},{"type":"Feature","geometry":{"type":"Point","coordinates":[5.919323,4.483308]},"properties":{"settlement_id":"s0u1w8nm4j","name":"Oporopogbene","state":"Bayelsa","lga":"Southern Ijaw","population":115,"num_buildings":27,"dist_transmission_km":48.54,"solar_pv_value":1233.814,"wealth_index":NaN,"viability_score":NaN,"viability_tier":"A_highly_viable","rank_in_state":7}},{"type":"Feature","geometry":{"type":"Point","coordinates":[6.003106,4.306555]},"properties":{"settlement_id":"s0u22xgrd8","name":"Opu-Okumbiri","state":"Bayelsa","lga":"Brass","population":166,"num_buildings":39,"dist_transmission_km":49.45,"solar_pv_value":1311.247,"wealth_index":NaN,"viability_score":NaN,"viability_tier":"A_highly_viable","rank_in_state":8}},{"type":"Feature","geometry":{"type":"Point","coordinates":[6.011095,4.303182]},"properties":{"settlement_id":"s0u22z35ue","name":"Opu-Okumbiri","state":"Bayelsa","lga":"Brass","population":566,"num_buildings":133,"dist_transmission_km":48.81,"solar_pv_value":1311.247,"wealth_index":NaN,"viability_score":NaN,"viability_tier":"A_highly_viable","rank_in_state":9}},{"type":"Feature","geometry":{"type":"Point","coordinates":[6.137153,4.27542]},"properties":{"settlement_id":"s0u27dkfnh","name":"Location #119301","state":"Bayelsa","lga":"Brass","population":115,"num_buildings":27,"dist_transmission_km":40.17,"solar_pv_value":1307.595,"wealth_index":NaN,"viability_score":NaN,"viability_tier":"A_highly_viable","rank_in_state":10}},{"type":"Feature","geometry":{"type":"Point","coordinates":[6.140592,4.275549]},"properties":{"settlement_id":"s0u27dr6yh","name":"Location #118255","state":"Bayelsa","lga":"Brass","population":119,"num_buildings":28,"dist_transmission_km":39.9,"solar_pv_value":1307.595,"wealth_index":NaN,"viability_score":NaN,"viability_tier":"A_highly_viable","rank_in_state":11}},{"type":"Feature","geometry":{"type":"Point","coordinates":[6.022571,4.387683]},"properties":{"settlement_id":"s0u2cnc805","name":"Akassa","state":"Bayelsa","lga":"Brass","population":94,"num_buildings":22,"dist_transmission_km":43.11,"solar_pv_value":1250.616,"wealth_index":NaN,"viability_score":NaN,"viability_tier":"A_highly_viable","rank_in_state":12}},{"type":"Feature","geometry":{"type":"Point","coordinates":[6.143989,4.33171]},"properties":{"settlement_id":"s0u2eu9fj3","name":"Akassa","state":"Bayelsa","lga":"Brass","population":166,"num_buildings":39,"dist_transmission_km":35.31,"solar_pv_value":1264.13,"wealth_index":NaN,"viability_score":NaN,"viability_tier":"A_highly_viable","rank_in_state":13}},{"type":"Feature","geometry":{"type":"Point","coordinates":[6.171677,4.277744]},"properties":{"settlement_id":"s0u2k6wpdm","name":"Beletiama","state":"Bayelsa","lga":"Brass","population":128,"num_buildings":30,"dist_transmission_km":37.39,"solar_pv_value":1305.769,"wealth_index":NaN,"viability_score":NaN,"viability_tier":"A_highly_viable","rank_in_state":14}},{"type":"Feature","geometry":{"type":"Point","coordinates":[6.176231,4.285726]},"properties":{"settlement_id":"s0u2ks1qht","name":"Egwema","state":"Bayelsa","lga":"Brass","population":689,"num_buildings":162,"dist_transmission_km":36.24,"solar_pv_value":1299.925,"wealth_index":NaN,"viability_score":NaN,"viability_tier":"A_highly_viable","rank_in_state":15}},{"type":"Feature","geometry":{"type":"Point","coordinates":[6.217593,4.347398]},"properties":{"settlement_id":"s0u2trrt2m","name":"Beletiama","state":"Bayelsa","lga":"Brass","population":191,"num_buildings":45,"dist_transmission_km":28.13,"solar_pv_value":1252.808,"wealth_index":NaN,"viability_score":NaN,"viability_tier":"A_highly_viable","rank_in_state":16}},{"type":"Feature","geometry":{"type":"Point","coordinates":[6.221728,4.357078]},"properties":{"settlement_id":"s0u2v94tbf","name":"Kala Orubou","state":"Bayelsa","lga":"Brass","population":276,"num_buildings":65,"dist_transmission_km":27.08,"solar_pv_value":1250.616,"wealth_index":NaN,"viability_score":NaN,"viability_tier":"A_highly_viable","rank_in_state":17}},{"type":"Feature","geometry":{"type":"Point","coordinates":[6.052211,4.423005]},"properties":{"settlement_id":"s0u31tpjfe","name":"Location #122901","state":"Bayelsa","lga":"Brass","population":111,"num_buildings":26,"dist_transmission_km":38.37,"solar_pv_value":1230.892,"wealth_index":NaN,"viability_score":NaN,"viability_tier":"A_highly_viable","rank_in_state":18}},{"type":"Feature","geometry":{"type":"Point","coordinates":[6.025223,4.439017]},"properties":{"settlement_id":"s0u33057ju","name":"Location #65734","state":"Bayelsa","lga":"Brass","population":264,"num_buildings":62,"dist_transmission_km":40.11,"solar_pv_value":1231.623,"wealth_index":NaN,"viability_score":NaN,"viability_tier":"A_highly_viable","rank_in_state":19}},{"type":"Feature","geometry":{"type":"Point","coordinates":[6.053662,4.46181]},"properties":{"settlement_id":"s0u33u0put","name":"Location #77958","state":"Bayelsa","lga":"Brass","population":213,"num_buildings":50,"dist_transmission_km":36.2,"solar_pv_value":1225.414,"wealth_index":NaN,"viability_score":NaN,"viability_tier":"A_highly_viable","rank_in_state":20}},{"type":"Feature","geometry":{"type":"Point","coordinates":[6.074432,4.399076]},"properties":{"settlement_id":"s0u340z62x","name":"Akassa","state":"Bayelsa","lga":"Brass","population":132,"num_buildings":31,"dist_transmission_km":37.31,"solar_pv_value":1242.215,"wealth_index":NaN,"viability_score":NaN,"viability_tier":"A_highly_viable","rank_in_state":21}},{"type":"Feature","geometry":{"type":"Point","coordinates":[6.082581,4.469238]},"properties":{"settlement_id":"s0u36mt5nq","name":"Location #96309","state":"Bayelsa","lga":"Brass","population":157,"num_buildings":37,"dist_transmission_km":32.99,"solar_pv_value":1224.318,"wealth_index":NaN,"viability_score":NaN,"viability_tier":"A_highly_viable","rank_in_state":22}},{"type":"Feature","geometry":{"type":"Point","coordinates":[6.156895,4.395058]},"properties":{"settlement_id":"s0u3h05744","name":"Location #126514","state":"Bayelsa","lga":"Brass","population":106,"num_buildings":25,"dist_transmission_km":29.93,"solar_pv_value":1233.084,"wealth_index":NaN,"viability_score":NaN,"viability_tier":"A_highly_viable","rank_in_state":23}},{"type":"Feature","geometry":{"type":"Point","coordinates":[6.229526,4.425404]},"properties":{"settlement_id":"s0u3jv85y7","name":"Location #141864","state":"Bayelsa","lga":"Nembe","population":89,"num_buildings":21,"dist_transmission_km":21.56,"solar_pv_value":1227.97,"wealth_index":NaN,"viability_score":NaN,"viability_tier":"A_highly_viable","rank_in_state":24}},{"type":"Feature","geometry":{"type":"Point","coordinates":[6.178723,4.477238]},"properties":{"settlement_id":"s0u3kx51y9","name":"Location #131843","state":"Bayelsa","lga":"Nembe","population":102,"num_buildings":24,"dist_transmission_km":23.18,"solar_pv_value":1221.396,"wealth_index":NaN,"viability_score":NaN,"viability_tier":"A_highly_viable","rank_in_state":25}},{"type":"Feature","geometry":{"type":"Point","coordinates":[6.226364,4.446634]},"properties":{"settlement_id":"s0u3m9mzsb","name":"Golubokiri","state":"Bayelsa","lga":"Nembe","population":187,"num_buildings":44,"dist_transmission_km":20.31,"solar_pv_value":1226.144,"wealth_index":NaN,"viability_score":NaN,"viability_tier":"A_highly_viable","rank_in_state":26}},{"type":"Feature","geometry":{"type":"Point","coordinates":[6.24172,4.408205]},"properties":{"settlement_id":"s0u3n43pds","name":"Location #123413","state":"Bayelsa","lga":"Nembe","population":111,"num_buildings":26,"dist_transmission_km":21.67,"solar_pv_value":1242.946,"wealth_index":NaN,"viability_score":NaN,"viability_tier":"A_highly_viable","rank_in_state":27}},{"type":"Feature","geometry":{"type":"Point","coordinates":[6.281729,4.400217]},"properties":{"settlement_id":"s0u3ncn1ng","name":"Location #121192","state":"Bayelsa","lga":"Nembe","population":115,"num_buildings":27,"dist_transmission_km":19.12,"solar_pv_value":1253.173,"wealth_index":NaN,"viability_score":NaN,"viability_tier":"A_highly_viable","rank_in_state":28}},{"type":"Feature","geometry":{"type":"Point","coordinates":[6.245374,4.435775]},"properties":{"settlement_id":"s0u3npe8rb","name":"Location #99162","state":"Bayelsa","lga":"Nembe","population":153,"num_buildings":36,"dist_transmission_km":19.38,"solar_pv_value":1234.545,"wealth_index":NaN,"viability_score":NaN,"viability_tier":"A_highly_viable","rank_in_state":29}},{"type":"Feature","geometry":{"type":"Point","coordinates":[6.183252,4.497855]},"properties":{"settlement_id":"s0u3sdy9bh","name":"Location #145725","state":"Bayelsa","lga":"Nembe","population":89,"num_buildings":21,"dist_transmission_km":21.74,"solar_pv_value":1220.3,"wealth_index":NaN,"viability_score":NaN,"viability_tier":"A_highly_viable","rank_in_state":30}},{"type":"Feature","geometry":{"type":"Point","coordinates":[6.209001,4.482752]},"properties":{"settlement_id":"s0u3t213bj","name":"Location #114118","state":"Bayelsa","lga":"Nembe","population":123,"num_buildings":29,"dist_transmission_km":19.86,"solar_pv_value":1220.3,"wealth_index":NaN,"viability_score":NaN,"viability_tier":"A_highly_viable","rank_in_state":31}},{"type":"Feature","geometry":{"type":"Point","coordinates":[6.225494,4.521561]},"properties":{"settlement_id":"s0u3txjk08","name":"Location #113248","state":"Bayelsa","lga":"Nembe","population":128,"num_buildings":30,"dist_transmission_km":16.34,"solar_pv_value":1222.857,"wealth_index":NaN,"viability_score":NaN,"viability_tier":"A_highly_viable","rank_in_state":32}},{"type":"Feature","geometry":{"type":"Point","coordinates":[6.196269,4.534856]},"properties":{"settlement_id":"s0u3ucxcrw","name":"Location #120127","state":"Bayelsa","lga":"Nembe","population":115,"num_buildings":27,"dist_transmission_km":18.46,"solar_pv_value":1220.666,"wealth_index":NaN,"viability_score":NaN,"viability_tier":"A_highly_viable","rank_in_state":33}},{"type":"Feature","geometry":{"type":"Point","coordinates":[6.241967,4.520675]},"properties":{"settlement_id":"s0u3wncqb6","name":"Location #50939","state":"Bayelsa","lga":"Nembe","population":370,"num_buildings":87,"dist_transmission_km":14.67,"solar_pv_value":1224.683,"wealth_index":NaN,"viability_score":NaN,"viability_tier":"A_highly_viable","rank_in_state":34}},{"type":"Feature","geometry":{"type":"Point","coordinates":[6.283676,4.523657]},"properties":{"settlement_id":"s0u3wzx8hq","name":"Location #111372","state":"Bayelsa","lga":"Nembe","population":128,"num_buildings":30,"dist_transmission_km":10.39,"solar_pv_value":1225.414,"wealth_index":NaN,"viability_score":NaN,"viability_tier":"A_highly_viable","rank_in_state":35}},{"type":"Feature","geometry":{"type":"Point","coordinates":[6.265502,4.566636]},"properties":{"settlement_id":"s0u3yx66sf","name":"Mbiakpaba","state":"Bayelsa","lga":"Nembe","population":111,"num_buildings":26,"dist_transmission_km":10.01,"solar_pv_value":1227.24,"wealth_index":NaN,"viability_score":NaN,"viability_tier":"A_highly_viable","rank_in_state":36}},{"type":"Feature","geometry":{"type":"Point","coordinates":[5.733752,4.582491]},"properties":{"settlement_id":"s0u446pnyn","name":"Location #153510","state":"Bayelsa","lga":"Southern Ijaw","population":77,"num_buildings":18,"dist_transmission_km":52.05,"solar_pv_value":1253.173,"wealth_index":NaN,"viability_score":NaN,"viability_tier":"A_highly_viable","rank_in_state":37}},{"type":"Feature","geometry":{"type":"Point","coordinates":[5.706545,4.718835]},"properties":{"settlement_id":"s0u4cg53hn","name":"Location #152917","state":"Bayelsa","lga":"Southern Ijaw","population":81,"num_buildings":19,"dist_transmission_km":37.22,"solar_pv_value":1230.892,"wealth_index":NaN,"viability_score":NaN,"viability_tier":"A_highly_viable","rank_in_state":38}},{"type":"Feature","geometry":{"type":"Point","coordinates":[5.708875,4.720827]},"properties":{"settlement_id":"s0u4cgmhf3","name":"Location #145972","state":"Bayelsa","lga":"Southern Ijaw","population":89,"num_buildings":21,"dist_transmission_km":36.96,"solar_pv_value":1228.336,"wealth_index":NaN,"viability_score":NaN,"viability_tier":"A_highly_viable","rank_in_state":39}},{"type":"Feature","geometry":{"type":"Point","coordinates":[5.755578,4.668921]},"properties":{"settlement_id":"s0u4dczn6t","name":"Lobia","state":"Bayelsa","lga":"Southern Ijaw","population":85,"num_buildings":20,"dist_transmission_km":42.36,"solar_pv_value":1219.204,"wealth_index":NaN,"viability_score":NaN,"viability_tier":"A_highly_viable","rank_in_state":40}},{"type":"Feature","geometry":{"type":"Point","coordinates":[5.777145,4.69044]},"properties":{"settlement_id":"s0u4emygc1","name":"Lobia","state":"Bayelsa","lga":"Southern Ijaw","population":94,"num_buildings":22,"dist_transmission_km":39.99,"solar_pv_value":1213.726,"wealth_index":NaN,"viability_score":NaN,"viability_tier":"A_highly_viable","rank_in_state":41}},{"type":"Feature","geometry":{"type":"Point","coordinates":[5.715638,4.719937]},"properties":{"settlement_id":"s0u4f54p8h","name":"Location #145366","state":"Bayelsa","lga":"Southern Ijaw","population":89,"num_buildings":21,"dist_transmission_km":36.96,"solar_pv_value":1228.336,"wealth_index":NaN,"viability_score":NaN,"viability_tier":"A_highly_viable","rank_in_state":42}},{"type":"Feature","geometry":{"type":"Point","coordinates":[5.950869,4.728523]},"properties":{"settlement_id":"s0u4zkv39k","name":"Azuzuama","state":"Bayelsa","lga":"Southern Ijaw","population":166,"num_buildings":39,"dist_transmission_km":30.71,"solar_pv_value":1244.042,"wealth_index":NaN,"viability_score":NaN,"viability_tier":"A_highly_viable","rank_in_state":43}},{"type":"Feature","geometry":{"type":"Point","coordinates":[5.802288,4.751971]},"properties":{"settlement_id":"s0u5h1145p","name":"Location #142003","state":"Bayelsa","lga":"Southern Ijaw","population":89,"num_buildings":21,"dist_transmission_km":33.15,"solar_pv_value":1223.222,"wealth_index":NaN,"viability_score":NaN,"viability_tier":"A_highly_viable","rank_in_state":44}},{"type":"Feature","geometry":{"type":"Point","coordinates":[5.825779,4.829178]},"properties":{"settlement_id":"s0u5kx4hn2","name":"Ajatiton","state":"Bayelsa","lga":"Ekeremor","population":102,"num_buildings":24,"dist_transmission_km":24.46,"solar_pv_value":1237.467,"wealth_index":NaN,"viability_score":NaN,"viability_tier":"A_highly_viable","rank_in_state":45}},{"type":"Feature","geometry":{"type":"Point","coordinates":[5.911295,4.763786]},"properties":{"settlement_id":"s0u5ne0rp4","name":"Kokologbene","state":"Bayelsa","lga":"Southern Ijaw","population":442,"num_buildings":104,"dist_transmission_km":29.83,"solar_pv_value":1242.946,"wealth_index":NaN,"viability_score":NaN,"viability_tier":"A_highly_viable","rank_in_state":46}},{"type":"Feature","geometry":{"type":"Point","coordinates":[6.149264,4.654623]},"properties":{"settlement_id":"s0u67zmg0h","name":"Location #21808","state":"Bayelsa","lga":"Southern Ijaw","population":978,"num_buildings":230,"dist_transmission_km":18.25,"solar_pv_value":1241.85,"wealth_index":NaN,"viability_score":NaN,"viability_tier":"A_highly_viable","rank_in_state":47}},{"type":"Feature","geometry":{"type":"Point","coordinates":[6.204597,4.578799]},"properties":{"settlement_id":"s0u6j1w13t","name":"Sangakubu","state":"Bayelsa","lga":"Nembe","population":119,"num_buildings":28,"dist_transmission_km":15.74,"solar_pv_value":1225.049,"wealth_index":NaN,"viability_score":NaN,"viability_tier":"A_highly_viable","rank_in_state":48}},{"type":"Feature","geometry":{"type":"Point","coordinates":[6.245433,4.575377]},"properties":{"settlement_id":"s0u6n0gv90","name":"Sangakubu","state":"Bayelsa","lga":"Nembe","population":89,"num_buildings":21,"dist_transmission_km":11.71,"solar_pv_value":1226.875,"wealth_index":NaN,"viability_score":NaN,"viability_tier":"A_highly_viable","rank_in_state":49}},{"type":"Feature","geometry":{"type":"Point","coordinates":[6.266878,4.676328]},"properties":{"settlement_id":"s0u6we73sf","name":"Ibobio","state":"Bayelsa","lga":"Ogbia","population":136,"num_buildings":32,"dist_transmission_km":5.02,"solar_pv_value":1249.52,"wealth_index":NaN,"viability_score":NaN,"viability_tier":"A_highly_viable","rank_in_state":50}},{"type":"Feature","geometry":{"type":"Point","coordinates":[7.93033,6.845233]},"properties":{"settlement_id":"s1jwuqnsq5","name":"Igumale\r","state":"Benue","lga":"Ado","population":106,"num_buildings":25,"dist_transmission_km":5.94,"solar_pv_value":1414.978,"wealth_index":NaN,"viability_score":NaN,"viability_tier":"A_highly_viable","rank_in_state":1}},{"type":"Feature","geometry":{"type":"Point","coordinates":[7.988915,6.814685]},"properties":{"settlement_id":"s1jwvb967j","name":"Igumale\r","state":"Benue","lga":"Ado","population":128,"num_buildings":30,"dist_transmission_km":0.07,"solar_pv_value":1414.248,"wealth_index":NaN,"viability_score":NaN,"viability_tier":"A_highly_viable","rank_in_state":2}},{"type":"Feature","geometry":{"type":"Point","coordinates":[8.181341,6.971147]},"properties":{"settlement_id":"s1jzdjj3z5","name":"Location #135158","state":"Benue","lga":"Ado","population":98,"num_buildings":23,"dist_transmission_km":8.41,"solar_pv_value":1415.344,"wealth_index":NaN,"viability_score":NaN,"viability_tier":"A_highly_viable","rank_in_state":3}},{"type":"Feature","geometry":{"type":"Point","coordinates":[8.284493,7.019319]},"properties":{"settlement_id":"s1jzutbd6x","name":"Location #106754","state":"Benue","lga":"Obi","population":136,"num_buildings":32,"dist_transmission_km":0.44,"solar_pv_value":1421.188,"wealth_index":NaN,"viability_score":NaN,"viability_tier":"A_highly_viable","rank_in_state":4}},{"type":"Feature","geometry":{"type":"Point","coordinates":[8.28785,7.023704]},"properties":{"settlement_id":"s1jzuweh0c","name":"Location #38045","state":"Benue","lga":"Obi","population":527,"num_buildings":124,"dist_transmission_km":null,"solar_pv_value":1421.188,"wealth_index":NaN,"viability_score":NaN,"viability_tier":"A_highly_viable","rank_in_state":5}},{"type":"Feature","geometry":{"type":"Point","coordinates":[8.296833,7.029648]},"properties":{"settlement_id":"s1jzuz9wdj","name":"Location #53357","state":"Benue","lga":"Obi","population":344,"num_buildings":81,"dist_transmission_km":0.92,"solar_pv_value":1421.918,"wealth_index":NaN,"viability_score":NaN,"viability_tier":"A_highly_viable","rank_in_state":6}},{"type":"Feature","geometry":{"type":"Point","coordinates":[7.865426,7.077729]},"properties":{"settlement_id":"s1m86brqv8","name":"Ingele\r","state":"Benue","lga":"Okpokwu","population":452,"num_buildings":105,"dist_transmission_km":1.21,"solar_pv_value":1423.014,"wealth_index":NaN,"viability_score":NaN,"viability_tier":"A_highly_viable","rank_in_state":7}},{"type":"Feature","geometry":{"type":"Point","coordinates":[7.878955,7.298954]},"properties":{"settlement_id":"s1m9e29r2z","name":"Location #99069","state":"Benue","lga":"Ohimini","population":153,"num_buildings":36,"dist_transmission_km":6.34,"solar_pv_value":1434.702,"wealth_index":NaN,"viability_score":NaN,"viability_tier":"A_highly_viable","rank_in_state":8}},{"type":"Feature","geometry":{"type":"Point","coordinates":[7.877833,7.30248]},"properties":{"settlement_id":"s1m9e32knb","name":"Location #68279","state":"Benue","lga":"Ohimini","population":251,"num_buildings":59,"dist_transmission_km":5.9,"solar_pv_value":1436.894,"wealth_index":NaN,"viability_score":NaN,"viability_tier":"A_highly_viable","rank_in_state":9}},{"type":"Feature","geometry":{"type":"Point","coordinates":[8.251487,7.173007]},"properties":{"settlement_id":"s1mbgcb9c9","name":"Oturkpo\r","state":"Benue","lga":"Oturkpo","population":102,"num_buildings":24,"dist_transmission_km":7.49,"solar_pv_value":1425.206,"wealth_index":NaN,"viability_score":NaN,"viability_tier":"A_highly_viable","rank_in_state":10}},{"type":"Feature","geometry":{"type":"Point","coordinates":[8.112904,7.290018]},"properties":{"settlement_id":"s1mc2x5ekm","name":"Oturkpo\r","state":"Benue","lga":"Oturkpo","population":157,"num_buildings":37,"dist_transmission_km":2.12,"solar_pv_value":1434.702,"wealth_index":NaN,"viability_score":NaN,"viability_tier":"A_highly_viable","rank_in_state":11}},{"type":"Feature","geometry":{"type":"Point","coordinates":[8.271499,7.362864]},"properties":{"settlement_id":"s1mcuhr5gc","name":"Location #147190","state":"Benue","lga":"Gwer East","population":85,"num_buildings":20,"dist_transmission_km":4.68,"solar_pv_value":1439.815,"wealth_index":NaN,"viability_score":NaN,"viability_tier":"A_highly_viable","rank_in_state":12}},{"type":"Feature","geometry":{"type":"Point","coordinates":[7.953745,7.514558]},"properties":{"settlement_id":"s1mdszzxrx","name":"Oturkpo","state":"Benue","lga":"Oturkpo","population":421,"num_buildings":99,"dist_transmission_km":2.21,"solar_pv_value":1450.042,"wealth_index":NaN,"viability_score":NaN,"viability_tier":"A_highly_viable","rank_in_state":13}},{"type":"Feature","geometry":{"type":"Point","coordinates":[7.909095,7.658051]},"properties":{"settlement_id":"s1meefp5rk","name":"Ochumeku","state":"Benue","lga":"Apa","population":349,"num_buildings":82,"dist_transmission_km":2.6,"solar_pv_value":1451.869,"wealth_index":NaN,"viability_score":NaN,"viability_tier":"A_highly_viable","rank_in_state":14}},{"type":"Feature","geometry":{"type":"Point","coordinates":[7.927717,7.734038]},"properties":{"settlement_id":"s1meuruy11","name":"Ikobi","state":"Benue","lga":"Apa","population":94,"num_buildings":22,"dist_transmission_km":4.4,"solar_pv_value":1448.947,"wealth_index":NaN,"viability_score":NaN,"viability_tier":"A_highly_viable","rank_in_state":15}},{"type":"Feature","geometry":{"type":"Point","coordinates":[8.313893,7.524215]},"properties":{"settlement_id":"s1mfv1tzxx","name":"Location #76290","state":"Benue","lga":"Gwer West","population":217,"num_buildings":51,"dist_transmission_km":8.8,"solar_pv_value":1441.276,"wealth_index":NaN,"viability_score":NaN,"viability_tier":"A_highly_viable","rank_in_state":16}},{"type":"Feature","geometry":{"type":"Point","coordinates":[8.370858,7.528045]},"properties":{"settlement_id":"s1mfy6rqp1","name":"Location #127583","state":"Benue","lga":"Gwer East","population":106,"num_buildings":25,"dist_transmission_km":11.37,"solar_pv_value":1442.372,"wealth_index":NaN,"viability_score":NaN,"viability_tier":"A_highly_viable","rank_in_state":17}},{"type":"Feature","geometry":{"type":"Point","coordinates":[8.373115,7.526641]},"properties":{"settlement_id":"s1mfyd1jge","name":"Location #147877","state":"Benue","lga":"Gwer East","population":85,"num_buildings":20,"dist_transmission_km":11.72,"solar_pv_value":1442.372,"wealth_index":NaN,"viability_score":NaN,"viability_tier":"A_highly_viable","rank_in_state":18}},{"type":"Feature","geometry":{"type":"Point","coordinates":[8.375499,7.535429]},"properties":{"settlement_id":"s1mfyefc53","name":"Location #68638","state":"Benue","lga":"Gwer East","population":251,"num_buildings":59,"dist_transmission_km":11.04,"solar_pv_value":1443.103,"wealth_index":NaN,"viability_score":NaN,"viability_tier":"A_highly_viable","rank_in_state":19}},{"type":"Feature","geometry":{"type":"Point","coordinates":[8.085984,7.720267]},"properties":{"settlement_id":"s1mgbj2jc4","name":"Location #108573","state":"Benue","lga":"Gwer West","population":132,"num_buildings":31,"dist_transmission_km":5.52,"solar_pv_value":1452.599,"wealth_index":NaN,"viability_score":NaN,"viability_tier":"A_highly_viable","rank_in_state":20}},{"type":"Feature","geometry":{"type":"Point","coordinates":[8.304664,7.600193]},"properties":{"settlement_id":"s1mghzx62d","name":"Location #145152","state":"Benue","lga":"Gwer West","population":89,"num_buildings":21,"dist_transmission_km":0.72,"solar_pv_value":1444.198,"wealth_index":NaN,"viability_score":NaN,"viability_tier":"A_highly_viable","rank_in_state":21}},{"type":"Feature","geometry":{"type":"Point","coordinates":[8.3051,7.619004]},"properties":{"settlement_id":"s1mgkfzxfv","name":"Location #145231","state":"Benue","lga":"Gwer West","population":89,"num_buildings":21,"dist_transmission_km":0.87,"solar_pv_value":1444.564,"wealth_index":NaN,"viability_score":NaN,"viability_tier":"A_highly_viable","rank_in_state":22}},{"type":"Feature","geometry":{"type":"Point","coordinates":[8.312925,7.60403]},"properties":{"settlement_id":"s1mgm0m29j","name":"Location #61824","state":"Benue","lga":"Gwer West","population":289,"num_buildings":68,"dist_transmission_km":0.83,"solar_pv_value":1444.929,"wealth_index":NaN,"viability_score":NaN,"viability_tier":"A_highly_viable","rank_in_state":23}},{"type":"Feature","geometry":{"type":"Point","coordinates":[8.315875,7.610348]},"properties":{"settlement_id":"s1mgm1rmmz","name":"Markurdi\r","state":"Benue","lga":"Gwer West","population":404,"num_buildings":95,"dist_transmission_km":0.32,"solar_pv_value":1444.564,"wealth_index":NaN,"viability_score":NaN,"viability_tier":"A_highly_viable","rank_in_state":24}},{"type":"Feature","geometry":{"type":"Point","coordinates":[8.319323,7.617238]},"properties":{"settlement_id":"s1mgm69vwk","name":"Markurdi\r","state":"Benue","lga":"Gwer West","population":191,"num_buildings":45,"dist_transmission_km":0.05,"solar_pv_value":1444.564,"wealth_index":NaN,"viability_score":NaN,"viability_tier":"A_highly_viable","rank_in_state":25}},{"type":"Feature","geometry":{"type":"Point","coordinates":[8.320052,7.621128]},"properties":{"settlement_id":"s1mgm76kr3","name":"Markurdi\r","state":"Benue","lga":"Gwer West","population":293,"num_buildings":69,"dist_transmission_km":null,"solar_pv_value":1444.564,"wealth_index":NaN,"viability_score":NaN,"viability_tier":"A_highly_viable","rank_in_state":26}},{"type":"Feature","geometry":{"type":"Point","coordinates":[8.315421,7.625477]},"properties":{"settlement_id":"s1mgmhpje7","name":"Location #148482","state":"Benue","lga":"Gwer West","population":85,"num_buildings":20,"dist_transmission_km":0.71,"solar_pv_value":1444.564,"wealth_index":NaN,"viability_score":NaN,"viability_tier":"A_highly_viable","rank_in_state":27}},{"type":"Feature","geometry":{"type":"Point","coordinates":[8.406559,7.589911]},"properties":{"settlement_id":"s1mgpm9qrj","name":"Markurdi\r","state":"Benue","lga":"Gwer West","population":242,"num_buildings":57,"dist_transmission_km":7.41,"solar_pv_value":1447.12,"wealth_index":NaN,"viability_score":NaN,"viability_tier":"A_highly_viable","rank_in_state":28}},{"type":"Feature","geometry":{"type":"Point","coordinates":[8.394523,7.61779]},"properties":{"settlement_id":"s1mgr4b8yd","name":"Location #139970","state":"Benue","lga":"Gwer West","population":94,"num_buildings":22,"dist_transmission_km":4.07,"solar_pv_value":1447.486,"wealth_index":NaN,"viability_score":NaN,"viability_tier":"A_highly_viable","rank_in_state":29}},{"type":"Feature","geometry":{"type":"Point","coordinates":[8.395242,7.623497]},"properties":{"settlement_id":"s1mgr5c4p6","name":"Location #48748","state":"Benue","lga":"Gwer West","population":391,"num_buildings":92,"dist_transmission_km":3.44,"solar_pv_value":1447.486,"wealth_index":NaN,"viability_score":NaN,"viability_tier":"A_highly_viable","rank_in_state":30}},{"type":"Feature","geometry":{"type":"Point","coordinates":[8.410478,7.61427]},"properties":{"settlement_id":"s1mgr6hk66","name":"Markurdi\r","state":"Benue","lga":"Gwer West","population":98,"num_buildings":23,"dist_transmission_km":5.23,"solar_pv_value":1449.312,"wealth_index":NaN,"viability_score":NaN,"viability_tier":"A_highly_viable","rank_in_state":31}},{"type":"Feature","geometry":{"type":"Point","coordinates":[8.024303,7.926687]},"properties":{"settlement_id":"s1mtne507c","name":"Location #136912","state":"Benue","lga":"Agatu","population":94,"num_buildings":22,"dist_transmission_km":10.97,"solar_pv_value":1477.071,"wealth_index":NaN,"viability_score":NaN,"viability_tier":"A_highly_viable","rank_in_state":32}},{"type":"Feature","geometry":{"type":"Point","coordinates":[8.101109,7.799286]},"properties":{"settlement_id":"s1mu27g41s","name":"Location #106613","state":"Benue","lga":"Agatu","population":136,"num_buildings":32,"dist_transmission_km":10.02,"solar_pv_value":1451.869,"wealth_index":NaN,"viability_score":NaN,"viability_tier":"A_highly_viable","rank_in_state":33}},{"type":"Feature","geometry":{"type":"Point","coordinates":[8.424043,7.809633]},"properties":{"settlement_id":"s1murtwnqm","name":"Markurdi\r","state":"Benue","lga":"Makurdi","population":200,"num_buildings":47,"dist_transmission_km":5.28,"solar_pv_value":1473.053,"wealth_index":NaN,"viability_score":NaN,"viability_tier":"A_highly_viable","rank_in_state":34}},{"type":"Feature","geometry":{"type":"Point","coordinates":[8.418764,7.812633]},"properties":{"settlement_id":"s1murw4rgk","name":"Markurdi\r","state":"Benue","lga":"Makurdi","population":561,"num_buildings":132,"dist_transmission_km":5.01,"solar_pv_value":1473.053,"wealth_index":NaN,"viability_score":NaN,"viability_tier":"A_highly_viable","rank_in_state":35}},{"type":"Feature","geometry":{"type":"Point","coordinates":[8.404728,7.832072]},"properties":{"settlement_id":"s1mux3b1hk","name":"Markurdi\r","state":"Benue","lga":"Makurdi","population":430,"num_buildings":101,"dist_transmission_km":4.23,"solar_pv_value":1473.784,"wealth_index":NaN,"viability_score":NaN,"viability_tier":"A_highly_viable","rank_in_state":36}},{"type":"Feature","geometry":{"type":"Point","coordinates":[8.430596,7.856969]},"properties":{"settlement_id":"s1muxy6fpj","name":"Markurdi\r","state":"Benue","lga":"Guma","population":183,"num_buildings":43,"dist_transmission_km":0.42,"solar_pv_value":1473.784,"wealth_index":NaN,"viability_score":NaN,"viability_tier":"A_highly_viable","rank_in_state":37}},{"type":"Feature","geometry":{"type":"Point","coordinates":[8.39797,7.874085]},"properties":{"settlement_id":"s1muz17jyg","name":"Markurdi\r","state":"Benue","lga":"Guma","population":183,"num_buildings":43,"dist_transmission_km":4.5,"solar_pv_value":1475.245,"wealth_index":NaN,"viability_score":NaN,"viability_tier":"A_highly_viable","rank_in_state":38}},{"type":"Feature","geometry":{"type":"Point","coordinates":[8.395423,8.052032]},"properties":{"settlement_id":"s1mvz1c67x","name":"Location #49680","state":"Benue","lga":"Guma","population":379,"num_buildings":89,"dist_transmission_km":16.93,"solar_pv_value":1479.628,"wealth_index":NaN,"viability_score":NaN,"viability_tier":"A_highly_viable","rank_in_state":39}},{"type":"Feature","geometry":{"type":"Point","coordinates":[8.429331,8.061418]},"properties":{"settlement_id":"s1mvzgd11t","name":"Location #102207","state":"Benue","lga":"Guma","population":145,"num_buildings":34,"dist_transmission_km":13.51,"solar_pv_value":1475.245,"wealth_index":NaN,"viability_score":NaN,"viability_tier":"A_highly_viable","rank_in_state":40}},{"type":"Feature","geometry":{"type":"Point","coordinates":[8.737134,7.020543]},"properties":{"settlement_id":"s1npyy41tu","name":"Location #97197","state":"Benue","lga":"Konshisha","population":157,"num_buildings":37,"dist_transmission_km":3.12,"solar_pv_value":1422.649,"wealth_index":NaN,"viability_score":NaN,"viability_tier":"A_highly_viable","rank_in_state":41}},{"type":"Feature","geometry":{"type":"Point","coordinates":[8.754244,7.012692]},"properties":{"settlement_id":"s1npzhweus","name":"Location #77636","state":"Benue","lga":"Konshisha","population":213,"num_buildings":50,"dist_transmission_km":2.98,"solar_pv_value":1423.744,"wealth_index":NaN,"viability_score":NaN,"viability_tier":"A_highly_viable","rank_in_state":42}},{"type":"Feature","geometry":{"type":"Point","coordinates":[8.761007,7.015694]},"properties":{"settlement_id":"s1npzm5t6k","name":"Location #90416","state":"Benue","lga":"Konshisha","population":170,"num_buildings":40,"dist_transmission_km":3.3,"solar_pv_value":1424.11,"wealth_index":NaN,"viability_score":NaN,"viability_tier":"A_highly_viable","rank_in_state":43}},{"type":"Feature","geometry":{"type":"Point","coordinates":[9.49792,6.660191]},"properties":{"settlement_id":"s1nvbhknmt","name":"Location #154196","state":"Benue","lga":"Kwande","population":51,"num_buildings":12,"dist_transmission_km":6.87,"solar_pv_value":1503.369,"wealth_index":NaN,"viability_score":NaN,"viability_tier":"A_highly_viable","rank_in_state":44}},{"type":"Feature","geometry":{"type":"Point","coordinates":[9.228778,6.73105]},"properties":{"settlement_id":"s1nw6125nn","name":"Ajio","state":"Benue","lga":"Kwande","population":94,"num_buildings":22,"dist_transmission_km":4.76,"solar_pv_value":1451.869,"wealth_index":NaN,"viability_score":NaN,"viability_tier":"A_highly_viable","rank_in_state":45}},{"type":"Feature","geometry":{"type":"Point","coordinates":[9.232418,6.740027]},"properties":{"settlement_id":"s1nw64fzdb","name":"Ajio","state":"Benue","lga":"Kwande","population":94,"num_buildings":22,"dist_transmission_km":5.47,"solar_pv_value":1459.904,"wealth_index":NaN,"viability_score":NaN,"viability_tier":"A_highly_viable","rank_in_state":46}},{"type":"Feature","geometry":{"type":"Point","coordinates":[9.269659,6.737858]},"properties":{"settlement_id":"s1nw6ftfye","name":"Location #149406","state":"Benue","lga":"Kwande","population":85,"num_buildings":20,"dist_transmission_km":5.38,"solar_pv_value":1479.263,"wealth_index":NaN,"viability_score":NaN,"viability_tier":"A_highly_viable","rank_in_state":47}},{"type":"Feature","geometry":{"type":"Point","coordinates":[9.270605,6.742601]},"properties":{"settlement_id":"s1nw6gqwkz","name":"Location #80541","state":"Benue","lga":"Kwande","population":200,"num_buildings":47,"dist_transmission_km":5.9,"solar_pv_value":1479.628,"wealth_index":NaN,"viability_score":NaN,"viability_tier":"A_highly_viable","rank_in_state":48}},{"type":"Feature","geometry":{"type":"Point","coordinates":[9.272628,6.738262]},"properties":{"settlement_id":"s1nw748j5z","name":"Location #78640","state":"Benue","lga":"Kwande","population":208,"num_buildings":49,"dist_transmission_km":5.48,"solar_pv_value":1479.263,"wealth_index":NaN,"viability_score":NaN,"viability_tier":"A_highly_viable","rank_in_state":49}},{"type":"Feature","geometry":{"type":"Point","coordinates":[9.275521,6.739505]},"properties":{"settlement_id":"s1nw74fhrq","name":"Location #142998","state":"Benue","lga":"Kwande","population":89,"num_buildings":21,"dist_transmission_km":5.83,"solar_pv_value":1482.185,"wealth_index":NaN,"viability_score":NaN,"viability_tier":"A_highly_viable","rank_in_state":50}},{"type":"Feature","geometry":{"type":"Point","coordinates":[11.680392,10.225398]},"properties":{"settlement_id":"s3b61v3rkb","name":"Jara-Dali","state":"Borno","lga":"Bayo","population":94,"num_buildings":22,"dist_transmission_km":3.09,"solar_pv_value":1656.774,"wealth_index":NaN,"viability_score":NaN,"viability_tier":"A_highly_viable","rank_in_state":1}},{"type":"Feature","geometry":{"type":"Point","coordinates":[12.113883,10.115627]},"properties":{"settlement_id":"s3b9e9mpcc","name":"Gwalasho","state":"Borno","lga":"Shani","population":153,"num_buildings":36,"dist_transmission_km":11.59,"solar_pv_value":1652.026,"wealth_index":NaN,"viability_score":NaN,"viability_tier":"A_highly_viable","rank_in_state":2}},{"type":"Feature","geometry":{"type":"Point","coordinates":[11.984483,10.245335]},"properties":{"settlement_id":"s3bd29ng6s","name":"Shani","state":"Borno","lga":"Shani","population":115,"num_buildings":27,"dist_transmission_km":0.56,"solar_pv_value":1657.87,"wealth_index":NaN,"viability_score":NaN,"viability_tier":"A_highly_viable","rank_in_state":3}},{"type":"Feature","geometry":{"type":"Point","coordinates":[11.992297,10.246895]},"properties":{"settlement_id":"s3bd2cks2z","name":"Shani","state":"Borno","lga":"Shani","population":344,"num_buildings":81,"dist_transmission_km":0.69,"solar_pv_value":1658.6,"wealth_index":NaN,"viability_score":NaN,"viability_tier":"A_highly_viable","rank_in_state":4}},{"type":"Feature","geometry":{"type":"Point","coordinates":[12.057227,10.270453]},"properties":{"settlement_id":"s3bd6mev9z","name":"Gwangang Chata","state":"Borno","lga":"Shani","population":179,"num_buildings":42,"dist_transmission_km":3.6,"solar_pv_value":1658.966,"wealth_index":NaN,"viability_score":NaN,"viability_tier":"A_highly_viable","rank_in_state":5}},{"type":"Feature","geometry":{"type":"Point","coordinates":[12.042027,10.297216]},"properties":{"settlement_id":"s3bdd489xs","name":"Gwangang Chata","state":"Borno","lga":"Hawul","population":102,"num_buildings":24,"dist_transmission_km":6.31,"solar_pv_value":1670.288,"wealth_index":NaN,"viability_score":NaN,"viability_tier":"A_highly_viable","rank_in_state":6}},{"type":"Feature","geometry":{"type":"Point","coordinates":[12.151889,10.330905]},"properties":{"settlement_id":"s3bdu88tzs","name":"Gwangang Chata","state":"Borno","lga":"Hawul","population":128,"num_buildings":30,"dist_transmission_km":8.16,"solar_pv_value":1658.235,"wealth_index":NaN,"viability_score":NaN,"viability_tier":"A_highly_viable","rank_in_state":7}},{"type":"Feature","geometry":{"type":"Point","coordinates":[12.299725,10.335802]},"properties":{"settlement_id":"s3bdzcs6km","name":"Puba Vidau","state":"Borno","lga":"Hawul","population":94,"num_buildings":22,"dist_transmission_km":18.42,"solar_pv_value":1686.359,"wealth_index":NaN,"viability_score":NaN,"viability_tier":"A_highly_viable","rank_in_state":8}},{"type":"Feature","geometry":{"type":"Point","coordinates":[12.177739,10.39297]},"properties":{"settlement_id":"s3bej5gx3y","name":"Marama Kidang","state":"Borno","lga":"Hawul","population":132,"num_buildings":31,"dist_transmission_km":4.85,"solar_pv_value":1687.09,"wealth_index":NaN,"viability_score":NaN,"viability_tier":"A_highly_viable","rank_in_state":9}},{"type":"Feature","geometry":{"type":"Point","coordinates":[12.284584,10.453859]},"properties":{"settlement_id":"s3berx165s","name":"Pama Whitambaya","state":"Borno","lga":"Hawul","population":115,"num_buildings":27,"dist_transmission_km":7.43,"solar_pv_value":1705.718,"wealth_index":NaN,"viability_score":NaN,"viability_tier":"A_highly_viable","rank_in_state":10}},{"type":"Feature","geometry":{"type":"Point","coordinates":[12.240503,10.492876]},"properties":{"settlement_id":"s3beww1m2m","name":"Bilingwi","state":"Borno","lga":"Hawul","population":140,"num_buildings":33,"dist_transmission_km":2.76,"solar_pv_value":1723.98,"wealth_index":NaN,"viability_score":NaN,"viability_tier":"A_highly_viable","rank_in_state":11}},{"type":"Feature","geometry":{"type":"Point","coordinates":[12.299182,10.504221]},"properties":{"settlement_id":"s3bezb5zx8","name":"Hizhibwala","state":"Borno","lga":"Hawul","population":111,"num_buildings":26,"dist_transmission_km":1.96,"solar_pv_value":1728.363,"wealth_index":NaN,"viability_score":NaN,"viability_tier":"A_highly_viable","rank_in_state":12}},{"type":"Feature","geometry":{"type":"Point","coordinates":[12.410292,10.334271]},"properties":{"settlement_id":"s3bff3kckz","name":"Puba Vidau","state":"Borno","lga":"Hawul","population":102,"num_buildings":24,"dist_transmission_km":14.09,"solar_pv_value":1667.366,"wealth_index":NaN,"viability_score":NaN,"viability_tier":"A_highly_viable","rank_in_state":13}},{"type":"Feature","geometry":{"type":"Point","coordinates":[12.390094,10.422059]},"properties":{"settlement_id":"s3bg3cq0yh","name":"Puba Vidau","state":"Borno","lga":"Hawul","population":115,"num_buildings":27,"dist_transmission_km":5.59,"solar_pv_value":1693.664,"wealth_index":NaN,"viability_score":NaN,"viability_tier":"A_highly_viable","rank_in_state":14}},{"type":"Feature","geometry":{"type":"Point","coordinates":[12.36514,10.441384]},"properties":{"settlement_id":"s3bg3ku12x","name":"Puba Vidau","state":"Borno","lga":"Hawul","population":153,"num_buildings":36,"dist_transmission_km":5.92,"solar_pv_value":1698.047,"wealth_index":NaN,"viability_score":NaN,"viability_tier":"A_highly_viable","rank_in_state":15}},{"type":"Feature","geometry":{"type":"Point","coordinates":[12.372234,10.442408]},"properties":{"settlement_id":"s3bg3scpmv","name":"Puba Vidau","state":"Borno","lga":"Hawul","population":196,"num_buildings":46,"dist_transmission_km":5.24,"solar_pv_value":1706.083,"wealth_index":NaN,"viability_score":NaN,"viability_tier":"A_highly_viable","rank_in_state":16}},{"type":"Feature","geometry":{"type":"Point","coordinates":[11.922382,10.820379]},"properties":{"settlement_id":"s3bmx3c978","name":"Biu","state":"Borno","lga":"Biu","population":115,"num_buildings":27,"dist_transmission_km":20.02,"solar_pv_value":1691.838,"wealth_index":NaN,"viability_score":NaN,"viability_tier":"A_highly_viable","rank_in_state":17}},{"type":"Feature","geometry":{"type":"Point","coordinates":[12.266549,10.626364]},"properties":{"settlement_id":"s3bsrnkpp3","name":"Kidda","state":"Borno","lga":"Biu","population":106,"num_buildings":25,"dist_transmission_km":5.59,"solar_pv_value":1719.232,"wealth_index":NaN,"viability_score":NaN,"viability_tier":"A_highly_viable","rank_in_state":18}},{"type":"Feature","geometry":{"type":"Point","coordinates":[12.035216,10.824728]},"properties":{"settlement_id":"s3bt9fef8g","name":"Biu","state":"Borno","lga":"Biu","population":327,"num_buildings":77,"dist_transmission_km":9.24,"solar_pv_value":1722.519,"wealth_index":NaN,"viability_score":NaN,"viability_tier":"A_highly_viable","rank_in_state":19}},{"type":"Feature","geometry":{"type":"Point","coordinates":[11.973658,10.855722]},"properties":{"settlement_id":"s3btb2nznm","name":"Biu","state":"Borno","lga":"Biu","population":489,"num_buildings":115,"dist_transmission_km":13.23,"solar_pv_value":1703.526,"wealth_index":NaN,"viability_score":NaN,"viability_tier":"A_highly_viable","rank_in_state":20}},{"type":"Feature","geometry":{"type":"Point","coordinates":[12.201269,10.859192]},"properties":{"settlement_id":"s3btv8ueqh","name":"Biu","state":"Borno","lga":"Biu","population":532,"num_buildings":125,"dist_transmission_km":8.56,"solar_pv_value":1713.388,"wealth_index":NaN,"viability_score":NaN,"viability_tier":"A_highly_viable","rank_in_state":21}},{"type":"Feature","geometry":{"type":"Point","coordinates":[11.977682,10.982628]},"properties":{"settlement_id":"s3bw2x3fkn","name":"Dokshi","state":"Borno","lga":"Biu","population":98,"num_buildings":23,"dist_transmission_km":14.4,"solar_pv_value":1721.789,"wealth_index":NaN,"viability_score":NaN,"viability_tier":"A_highly_viable","rank_in_state":22}},{"type":"Feature","geometry":{"type":"Point","coordinates":[12.153826,10.989012]},"properties":{"settlement_id":"s3bws86pss","name":"Biu","state":"Borno","lga":"Biu","population":106,"num_buildings":25,"dist_transmission_km":11.37,"solar_pv_value":1713.753,"wealth_index":NaN,"viability_score":NaN,"viability_tier":"A_highly_viable","rank_in_state":23}},{"type":"Feature","geometry":{"type":"Point","coordinates":[12.164417,11.149662]},"properties":{"settlement_id":"s3bxkv9z7r","name":"Ajigin A","state":"Borno","lga":"Damboa","population":85,"num_buildings":20,"dist_transmission_km":28.2,"solar_pv_value":1715.579,"wealth_index":NaN,"viability_score":NaN,"viability_tier":"A_highly_viable","rank_in_state":24}},{"type":"Feature","geometry":{"type":"Point","coordinates":[12.170456,11.149845]},"properties":{"settlement_id":"s3bxkvy281","name":"Ajigin A","state":"Borno","lga":"Damboa","population":230,"num_buildings":54,"dist_transmission_km":28.32,"solar_pv_value":1715.944,"wealth_index":NaN,"viability_score":NaN,"viability_tier":"A_highly_viable","rank_in_state":25}},{"type":"Feature","geometry":{"type":"Point","coordinates":[12.155935,11.152824]},"properties":{"settlement_id":"s3bxkw79vv","name":"Ajigin A","state":"Borno","lga":"Damboa","population":140,"num_buildings":33,"dist_transmission_km":28.27,"solar_pv_value":1715.579,"wealth_index":NaN,"viability_score":NaN,"viability_tier":"A_highly_viable","rank_in_state":26}},{"type":"Feature","geometry":{"type":"Point","coordinates":[12.527873,11.055203]},"properties":{"settlement_id":"s3byvhd90x","name":"Wawa Korode","state":"Borno","lga":"Damboa","population":646,"num_buildings":152,"dist_transmission_km":7.01,"solar_pv_value":1716.675,"wealth_index":NaN,"viability_score":NaN,"viability_tier":"A_highly_viable","rank_in_state":27}},{"type":"Feature","geometry":{"type":"Point","coordinates":[12.593003,11.033021]},"properties":{"settlement_id":"s3byy89bn0","name":"Wawa Korode","state":"Borno","lga":"Damboa","population":880,"num_buildings":207,"dist_transmission_km":0.92,"solar_pv_value":1711.927,"wealth_index":NaN,"viability_score":NaN,"viability_tier":"A_highly_viable","rank_in_state":28}},{"type":"Feature","geometry":{"type":"Point","coordinates":[12.651725,11.153828]},"properties":{"settlement_id":"s3bzrykxy8","name":"Nzuda Wuyaram","state":"Borno","lga":"Damboa","population":115,"num_buildings":27,"dist_transmission_km":7.98,"solar_pv_value":1707.909,"wealth_index":NaN,"viability_score":NaN,"viability_tier":"A_highly_viable","rank_in_state":29}},{"type":"Feature","geometry":{"type":"Point","coordinates":[12.581904,11.213537]},"properties":{"settlement_id":"s3bzy33ged","name":"Wawa Korode","state":"Borno","lga":"Damboa","population":183,"num_buildings":43,"dist_transmission_km":17.77,"solar_pv_value":1707.544,"wealth_index":NaN,"viability_score":NaN,"viability_tier":"A_highly_viable","rank_in_state":30}},{"type":"Feature","geometry":{"type":"Point","coordinates":[12.723849,10.580199]},"properties":{"settlement_id":"s3ch1w14ph","name":"Ngohi","state":"Borno","lga":"Askira/Uba","population":102,"num_buildings":24,"dist_transmission_km":24.87,"solar_pv_value":1689.281,"wealth_index":NaN,"viability_score":NaN,"viability_tier":"A_highly_viable","rank_in_state":31}},{"type":"Feature","geometry":{"type":"Point","coordinates":[12.842759,10.582429]},"properties":{"settlement_id":"s3chhnrz1g","name":"Hausari Zadawa","state":"Borno","lga":"Askira/Uba","population":102,"num_buildings":24,"dist_transmission_km":32.93,"solar_pv_value":1691.838,"wealth_index":NaN,"viability_score":NaN,"viability_tier":"A_highly_viable","rank_in_state":32}},{"type":"Feature","geometry":{"type":"Point","coordinates":[12.965067,10.667212]},"properties":{"settlement_id":"s3chxjbv5b","name":"Askira East","state":"Borno","lga":"Askira/Uba","population":680,"num_buildings":160,"dist_transmission_km":43.08,"solar_pv_value":1702.065,"wealth_index":NaN,"viability_score":NaN,"viability_tier":"A_highly_viable","rank_in_state":33}},{"type":"Feature","geometry":{"type":"Point","coordinates":[12.898656,10.896812]},"properties":{"settlement_id":"s3cjvx8w82","name":"Chibok","state":"Borno","lga":"Chibok","population":187,"num_buildings":44,"dist_transmission_km":30.56,"solar_pv_value":1705.718,"wealth_index":NaN,"viability_score":NaN,"viability_tier":"A_highly_viable","rank_in_state":34}},{"type":"Feature","geometry":{"type":"Point","coordinates":[12.965884,10.846229]},"properties":{"settlement_id":"s3cjxn3ryg","name":"Kautikari","state":"Borno","lga":"Chibok","population":115,"num_buildings":27,"dist_transmission_km":39.76,"solar_pv_value":1708.274,"wealth_index":NaN,"viability_score":NaN,"viability_tier":"A_highly_viable","rank_in_state":35}},{"type":"Feature","geometry":{"type":"Point","coordinates":[13.249897,10.676934]},"properties":{"settlement_id":"s3cktx8m8u","name":"Lassa","state":"Borno","lga":"Askira/Uba","population":123,"num_buildings":29,"dist_transmission_km":39.44,"solar_pv_value":1695.856,"wealth_index":NaN,"viability_score":NaN,"viability_tier":"A_highly_viable","rank_in_state":36}},{"type":"Feature","geometry":{"type":"Point","coordinates":[13.206757,10.805004]},"properties":{"settlement_id":"s3cmkwbzew","name":"Dille Huyim","state":"Borno","lga":"Askira/Uba","population":85,"num_buildings":20,"dist_transmission_km":52.83,"solar_pv_value":1696.586,"wealth_index":NaN,"viability_score":NaN,"viability_tier":"A_highly_viable","rank_in_state":37}},{"type":"Feature","geometry":{"type":"Point","coordinates":[12.877509,10.911602]},"properties":{"settlement_id":"s3cnj43hew","name":"Chibok","state":"Borno","lga":"Chibok","population":689,"num_buildings":162,"dist_transmission_km":27.78,"solar_pv_value":1704.622,"wealth_index":NaN,"viability_score":NaN,"viability_tier":"A_highly_viable","rank_in_state":38}},{"type":"Feature","geometry":{"type":"Point","coordinates":[12.904193,10.920923]},"properties":{"settlement_id":"s3cnjshdcr","name":"Chibok","state":"Borno","lga":"Chibok","population":153,"num_buildings":36,"dist_transmission_km":29.1,"solar_pv_value":1706.813,"wealth_index":NaN,"viability_score":NaN,"viability_tier":"A_highly_viable","rank_in_state":39}},{"type":"Feature","geometry":{"type":"Point","coordinates":[12.906759,10.922834]},"properties":{"settlement_id":"s3cnjsqqj7","name":"Chibok","state":"Borno","lga":"Chibok","population":111,"num_buildings":26,"dist_transmission_km":29.17,"solar_pv_value":1706.813,"wealth_index":NaN,"viability_score":NaN,"viability_tier":"A_highly_viable","rank_in_state":40}},{"type":"Feature","geometry":{"type":"Point","coordinates":[12.668807,11.148931]},"properties":{"settlement_id":"s3cp2m95hx","name":"Nzuda Wuyaram","state":"Borno","lga":"Damboa","population":379,"num_buildings":89,"dist_transmission_km":6.48,"solar_pv_value":1706.813,"wealth_index":NaN,"viability_score":NaN,"viability_tier":"A_highly_viable","rank_in_state":41}},{"type":"Feature","geometry":{"type":"Point","coordinates":[12.723189,11.148057]},"properties":{"settlement_id":"s3cp3t2wpu","name":"Nzuda Wuyaram","state":"Borno","lga":"Damboa","population":145,"num_buildings":34,"dist_transmission_km":2.47,"solar_pv_value":1706.448,"wealth_index":NaN,"viability_score":NaN,"viability_tier":"A_highly_viable","rank_in_state":42}},{"type":"Feature","geometry":{"type":"Point","coordinates":[13.081814,10.982924]},"properties":{"settlement_id":"s3cq3xmuhm","name":"Gumsuri","state":"Borno","lga":"Damboa","population":153,"num_buildings":36,"dist_transmission_km":38.5,"solar_pv_value":1696.951,"wealth_index":NaN,"viability_score":NaN,"viability_tier":"A_highly_viable","rank_in_state":43}},{"type":"Feature","geometry":{"type":"Point","coordinates":[13.020173,11.238574]},"properties":{"settlement_id":"s3crbmcj2n","name":"Mulgo Kopchi","state":"Borno","lga":"Damboa","population":98,"num_buildings":23,"dist_transmission_km":18.29,"solar_pv_value":1700.239,"wealth_index":NaN,"viability_score":NaN,"viability_tier":"A_highly_viable","rank_in_state":44}},{"type":"Feature","geometry":{"type":"Point","coordinates":[13.069933,11.215516]},"properties":{"settlement_id":"s3crc3tppe","name":"Mulgo Kopchi","state":"Borno","lga":"Damboa","population":85,"num_buildings":20,"dist_transmission_km":24.28,"solar_pv_value":1702.065,"wealth_index":NaN,"viability_score":NaN,"viability_tier":"A_highly_viable","rank_in_state":45}},{"type":"Feature","geometry":{"type":"Point","coordinates":[13.358995,11.095131]},"properties":{"settlement_id":"s3crpgz9z4","name":"Gwoza","state":"Borno","lga":"Gwoza","population":298,"num_buildings":70,"dist_transmission_km":32.46,"solar_pv_value":1693.299,"wealth_index":NaN,"viability_score":NaN,"viability_tier":"A_highly_viable","rank_in_state":46}},{"type":"Feature","geometry":{"type":"Point","coordinates":[13.54833,10.964352]},"properties":{"settlement_id":"s3cwk7cxfz","name":"Gwoza","state":"Borno","lga":"Gwoza","population":98,"num_buildings":23,"dist_transmission_km":16.14,"solar_pv_value":1691.473,"wealth_index":NaN,"viability_score":NaN,"viability_tier":"A_highly_viable","rank_in_state":47}},{"type":"Feature","geometry":{"type":"Point","coordinates":[13.710331,10.944559]},"properties":{"settlement_id":"s3cwrbrs9v","name":"Gwoza","state":"Borno","lga":"Gwoza","population":162,"num_buildings":38,"dist_transmission_km":14.33,"solar_pv_value":1763.792,"wealth_index":NaN,"viability_score":NaN,"viability_tier":"A_highly_viable","rank_in_state":48}},{"type":"Feature","geometry":{"type":"Point","coordinates":[13.428397,11.171926]},"properties":{"settlement_id":"s3cx99f30m","name":"Gwoza","state":"Borno","lga":"Gwoza","population":281,"num_buildings":66,"dist_transmission_km":27.3,"solar_pv_value":1695.856,"wealth_index":NaN,"viability_score":NaN,"viability_tier":"A_highly_viable","rank_in_state":49}},{"type":"Feature","geometry":{"type":"Point","coordinates":[13.425907,11.173298]},"properties":{"settlement_id":"s3cx9d03nm","name":"Gwoza","state":"Borno","lga":"Gwoza","population":85,"num_buildings":20,"dist_transmission_km":27.83,"solar_pv_value":1695.856,"wealth_index":NaN,"viability_score":NaN,"viability_tier":"A_highly_viable","rank_in_state":50}},{"type":"Feature","geometry":{"type":"Point","coordinates":[8.254871,4.872305]},"properties":{"settlement_id":"s0vgeygp0r","name":"Location #49829","state":"Cross River","lga":"Odukpani","population":379,"num_buildings":89,"dist_transmission_km":6.37,"solar_pv_value":1307.23,"wealth_index":NaN,"viability_score":NaN,"viability_tier":"A_highly_viable","rank_in_state":1}},{"type":"Feature","geometry":{"type":"Point","coordinates":[8.331901,4.826631]},"properties":{"settlement_id":"s0vgmwej5m","name":"Location #60853","state":"Cross River","lga":"Calabar South","population":293,"num_buildings":69,"dist_transmission_km":8.26,"solar_pv_value":1317.457,"wealth_index":NaN,"viability_score":NaN,"viability_tier":"A_highly_viable","rank_in_state":2}},{"type":"Feature","geometry":{"type":"Point","coordinates":[8.288255,4.87202]},"properties":{"settlement_id":"s0vgswgmd6","name":"Anantigha\r","state":"Cross River","lga":"Calabar South","population":98,"num_buildings":23,"dist_transmission_km":5.83,"solar_pv_value":1318.918,"wealth_index":NaN,"viability_score":NaN,"viability_tier":"A_highly_viable","rank_in_state":3}},{"type":"Feature","geometry":{"type":"Point","coordinates":[8.284188,4.874084]},"properties":{"settlement_id":"s0vgsx23ee","name":"Anantigha\r","state":"Cross River","lga":"Calabar South","population":242,"num_buildings":57,"dist_transmission_km":5.87,"solar_pv_value":1317.822,"wealth_index":NaN,"viability_score":NaN,"viability_tier":"A_highly_viable","rank_in_state":4}},{"type":"Feature","geometry":{"type":"Point","coordinates":[8.26277,4.918937]},"properties":{"settlement_id":"s0vgup2ybk","name":"Creek Town\r","state":"Cross River","lga":"Odukpani","population":132,"num_buildings":31,"dist_transmission_km":5.36,"solar_pv_value":1311.247,"wealth_index":NaN,"viability_score":NaN,"viability_tier":"A_highly_viable","rank_in_state":5}},{"type":"Feature","geometry":{"type":"Point","coordinates":[7.979193,5.241025]},"properties":{"settlement_id":"s0vtvd470t","name":"Ntan Beach","state":"Cross River","lga":"Odukpani","population":174,"num_buildings":41,"dist_transmission_km":4.24,"solar_pv_value":1316.726,"wealth_index":NaN,"viability_score":NaN,"viability_tier":"A_highly_viable","rank_in_state":6}},{"type":"Feature","geometry":{"type":"Point","coordinates":[8.01681,5.248621]},"properties":{"settlement_id":"s0vty7mxmj","name":"Location #124949","state":"Cross River","lga":"Odukpani","population":111,"num_buildings":26,"dist_transmission_km":4.23,"solar_pv_value":1326.953,"wealth_index":NaN,"viability_score":NaN,"viability_tier":"A_highly_viable","rank_in_state":7}},{"type":"Feature","geometry":{"type":"Point","coordinates":[8.169871,4.939471]},"properties":{"settlement_id":"s0vu1gjneb","name":"Location #145983","state":"Cross River","lga":"Odukpani","population":89,"num_buildings":21,"dist_transmission_km":9.19,"solar_pv_value":1292.62,"wealth_index":NaN,"viability_score":NaN,"viability_tier":"A_highly_viable","rank_in_state":8}},{"type":"Feature","geometry":{"type":"Point","coordinates":[8.18461,4.962066]},"properties":{"settlement_id":"s0vu4prf5h","name":"Location #142280","state":"Cross River","lga":"Odukpani","population":89,"num_buildings":21,"dist_transmission_km":8.15,"solar_pv_value":1298.829,"wealth_index":NaN,"viability_score":NaN,"viability_tier":"A_highly_viable","rank_in_state":9}},{"type":"Feature","geometry":{"type":"Point","coordinates":[8.350371,4.940072]},"properties":{"settlement_id":"s0vun52d18","name":"Anantigha\r","state":"Cross River","lga":"Calabar South","population":242,"num_buildings":57,"dist_transmission_km":0.44,"solar_pv_value":1292.985,"wealth_index":NaN,"viability_score":NaN,"viability_tier":"A_highly_viable","rank_in_state":10}},{"type":"Feature","geometry":{"type":"Point","coordinates":[8.217725,5.148824]},"properties":{"settlement_id":"s0vv6crfnf","name":"Nyakasang\r","state":"Cross River","lga":"Odukpani","population":119,"num_buildings":28,"dist_transmission_km":null,"solar_pv_value":1299.56,"wealth_index":NaN,"viability_score":NaN,"viability_tier":"A_highly_viable","rank_in_state":11}},{"type":"Feature","geometry":{"type":"Point","coordinates":[8.228391,5.179637]},"properties":{"settlement_id":"s0vv7nztx6","name":"Okurikang\r","state":"Cross River","lga":"Odukpani","population":208,"num_buildings":49,"dist_transmission_km":0.64,"solar_pv_value":1307.96,"wealth_index":NaN,"viability_score":NaN,"viability_tier":"A_highly_viable","rank_in_state":12}},{"type":"Feature","geometry":{"type":"Point","coordinates":[8.135775,5.251332]},"properties":{"settlement_id":"s0vvc5ur1r","name":"Ekpene","state":"Cross River","lga":"Odukpani","population":234,"num_buildings":55,"dist_transmission_km":3.69,"solar_pv_value":1317.457,"wealth_index":NaN,"viability_score":NaN,"viability_tier":"A_highly_viable","rank_in_state":13}},{"type":"Feature","geometry":{"type":"Point","coordinates":[8.177376,5.220778]},"properties":{"settlement_id":"s0vvdn6t4x","name":"Okopedi\r","state":"Cross River","lga":"Odukpani","population":293,"num_buildings":69,"dist_transmission_km":1.07,"solar_pv_value":1309.786,"wealth_index":NaN,"viability_score":NaN,"viability_tier":"A_highly_viable","rank_in_state":14}},{"type":"Feature","geometry":{"type":"Point","coordinates":[8.233127,5.217504]},"properties":{"settlement_id":"s0vvemg4jv","name":"Location #149418","state":"Cross River","lga":"Odukpani","population":85,"num_buildings":20,"dist_transmission_km":2.11,"solar_pv_value":1314.535,"wealth_index":NaN,"viability_score":NaN,"viability_tier":"A_highly_viable","rank_in_state":15}},{"type":"Feature","geometry":{"type":"Point","coordinates":[8.235172,5.257294]},"properties":{"settlement_id":"s0vvgmh9vq","name":"Location #146523","state":"Cross River","lga":"Akamkpa","population":89,"num_buildings":21,"dist_transmission_km":5.84,"solar_pv_value":1323.301,"wealth_index":NaN,"viability_score":NaN,"viability_tier":"A_highly_viable","rank_in_state":16}},{"type":"Feature","geometry":{"type":"Point","coordinates":[8.22137,5.271039]},"properties":{"settlement_id":"s0vvgpdd5b","name":"Okopedi\r","state":"Cross River","lga":"Akamkpa","population":600,"num_buildings":141,"dist_transmission_km":7.28,"solar_pv_value":1323.301,"wealth_index":NaN,"viability_score":NaN,"viability_tier":"A_highly_viable","rank_in_state":17}},{"type":"Feature","geometry":{"type":"Point","coordinates":[8.428031,5.112359]},"properties":{"settlement_id":"s0vvpf9jek","name":"Okpon\r","state":"Cross River","lga":"Akamkpa","population":145,"num_buildings":34,"dist_transmission_km":6.22,"solar_pv_value":1302.847,"wealth_index":NaN,"viability_score":NaN,"viability_tier":"A_highly_viable","rank_in_state":18}},{"type":"Feature","geometry":{"type":"Point","coordinates":[8.401884,5.131421]},"properties":{"settlement_id":"s0vvpnnhdn","name":"Okpon\r","state":"Cross River","lga":"Akamkpa","population":132,"num_buildings":31,"dist_transmission_km":5.13,"solar_pv_value":1303.212,"wealth_index":NaN,"viability_score":NaN,"viability_tier":"A_highly_viable","rank_in_state":19}},{"type":"Feature","geometry":{"type":"Point","coordinates":[8.344095,5.203429]},"properties":{"settlement_id":"s0vvtg7bpt","name":"Location #102082","state":"Cross River","lga":"Akamkpa","population":145,"num_buildings":34,"dist_transmission_km":1.54,"solar_pv_value":1318.918,"wealth_index":NaN,"viability_score":NaN,"viability_tier":"A_highly_viable","rank_in_state":20}},{"type":"Feature","geometry":{"type":"Point","coordinates":[8.270494,5.259112]},"properties":{"settlement_id":"s0vvujqks3","name":"Location #33208","state":"Cross River","lga":"Akamkpa","population":617,"num_buildings":145,"dist_transmission_km":4.89,"solar_pv_value":1332.432,"wealth_index":NaN,"viability_score":NaN,"viability_tier":"A_highly_viable","rank_in_state":21}},{"type":"Feature","geometry":{"type":"Point","coordinates":[8.050171,5.365043]},"properties":{"settlement_id":"s0vwx0tvws","name":"Esukpai\r","state":"Cross River","lga":"Biase","population":327,"num_buildings":77,"dist_transmission_km":4.84,"solar_pv_value":1330.971,"wealth_index":NaN,"viability_score":NaN,"viability_tier":"A_highly_viable","rank_in_state":22}},{"type":"Feature","geometry":{"type":"Point","coordinates":[7.971136,5.477168]},"properties":{"settlement_id":"s0vxjmh6uf","name":"Location #25939","state":"Cross River","lga":"Odukpani","population":812,"num_buildings":191,"dist_transmission_km":5.95,"solar_pv_value":1323.666,"wealth_index":NaN,"viability_score":NaN,"viability_tier":"A_highly_viable","rank_in_state":23}},{"type":"Feature","geometry":{"type":"Point","coordinates":[8.284332,5.313509]},"properties":{"settlement_id":"s0vyhx23qv","name":"Akankpa\r","state":"Cross River","lga":"Akamkpa","population":268,"num_buildings":63,"dist_transmission_km":4.01,"solar_pv_value":1329.51,"wealth_index":NaN,"viability_score":NaN,"viability_tier":"A_highly_viable","rank_in_state":24}},{"type":"Feature","geometry":{"type":"Point","coordinates":[8.267358,5.325209]},"properties":{"settlement_id":"s0vyk1kje6","name":"Location #60300","state":"Cross River","lga":"Akamkpa","population":298,"num_buildings":70,"dist_transmission_km":3.33,"solar_pv_value":1330.971,"wealth_index":NaN,"viability_score":NaN,"viability_tier":"A_highly_viable","rank_in_state":25}},{"type":"Feature","geometry":{"type":"Point","coordinates":[8.308271,5.335124]},"properties":{"settlement_id":"s0vym51zke","name":"Location #46678","state":"Cross River","lga":"Akamkpa","population":413,"num_buildings":97,"dist_transmission_km":1.45,"solar_pv_value":1325.492,"wealth_index":NaN,"viability_score":NaN,"viability_tier":"A_highly_viable","rank_in_state":26}},{"type":"Feature","geometry":{"type":"Point","coordinates":[8.394028,5.297781]},"properties":{"settlement_id":"s0vyph2mg1","name":"Location #49213","state":"Cross River","lga":"Akamkpa","population":383,"num_buildings":90,"dist_transmission_km":2.05,"solar_pv_value":1317.091,"wealth_index":NaN,"viability_score":NaN,"viability_tier":"A_highly_viable","rank_in_state":27}},{"type":"Feature","geometry":{"type":"Point","coordinates":[8.414614,5.310879]},"properties":{"settlement_id":"s0vypqz64e","name":"Etikumi\r","state":"Cross River","lga":"Akamkpa","population":119,"num_buildings":28,"dist_transmission_km":1.57,"solar_pv_value":1316.361,"wealth_index":NaN,"viability_score":NaN,"viability_tier":"A_highly_viable","rank_in_state":28}},{"type":"Feature","geometry":{"type":"Point","coordinates":[8.293122,5.374904]},"properties":{"settlement_id":"s0vysdqz5d","name":"Ojo\r","state":"Cross River","lga":"Akamkpa","population":383,"num_buildings":90,"dist_transmission_km":1.98,"solar_pv_value":1324.396,"wealth_index":NaN,"viability_score":NaN,"viability_tier":"A_highly_viable","rank_in_state":29}},{"type":"Feature","geometry":{"type":"Point","coordinates":[8.341563,5.401617]},"properties":{"settlement_id":"s0vytz64sw","name":"Ebinjok\r","state":"Cross River","lga":"Akamkpa","population":217,"num_buildings":51,"dist_transmission_km":5.6,"solar_pv_value":1321.474,"wealth_index":NaN,"viability_score":NaN,"viability_tier":"A_highly_viable","rank_in_state":30}},{"type":"Feature","geometry":{"type":"Point","coordinates":[8.178992,5.517993]},"properties":{"settlement_id":"s0vz6heb8k","name":"Awailfunkpa\r","state":"Cross River","lga":"Biase","population":1642,"num_buildings":386,"dist_transmission_km":2.23,"solar_pv_value":1337.911,"wealth_index":NaN,"viability_score":NaN,"viability_tier":"A_highly_viable","rank_in_state":31}},{"type":"Feature","geometry":{"type":"Point","coordinates":[8.2947,5.484881]},"properties":{"settlement_id":"s0vzhy2p8x","name":"Ojor Nkonemba\r","state":"Cross River","lga":"Akamkpa","population":191,"num_buildings":45,"dist_transmission_km":8.97,"solar_pv_value":1326.588,"wealth_index":NaN,"viability_score":NaN,"viability_tier":"A_highly_viable","rank_in_state":32}},{"type":"Feature","geometry":{"type":"Point","coordinates":[8.451214,4.742454]},"properties":{"settlement_id":"s0y4br3fz9","name":"Location #71111","state":"Cross River","lga":"Akpabuyo","population":238,"num_buildings":56,"dist_transmission_km":8.99,"solar_pv_value":1311.978,"wealth_index":NaN,"viability_score":NaN,"viability_tier":"A_highly_viable","rank_in_state":33}},{"type":"Feature","geometry":{"type":"Point","coordinates":[8.486366,4.966206]},"properties":{"settlement_id":"s0yh305d4x","name":"Eto Mkpe Yellow Duke\r","state":"Cross River","lga":"Akpabuyo","population":191,"num_buildings":45,"dist_transmission_km":null,"solar_pv_value":1282.028,"wealth_index":NaN,"viability_score":NaN,"viability_tier":"A_highly_viable","rank_in_state":34}},{"type":"Feature","geometry":{"type":"Point","coordinates":[8.491927,4.969925]},"properties":{"settlement_id":"s0yh30xxuj","name":"Eto Mkpe Yellow Duke\r","state":"Cross River","lga":"Akpabuyo","population":111,"num_buildings":26,"dist_transmission_km":null,"solar_pv_value":1283.854,"wealth_index":NaN,"viability_score":NaN,"viability_tier":"A_highly_viable","rank_in_state":35}},{"type":"Feature","geometry":{"type":"Point","coordinates":[8.493391,4.973161]},"properties":{"settlement_id":"s0yh332dy2","name":"Eto Mkpe Yellow Duke\r","state":"Cross River","lga":"Akpabuyo","population":77,"num_buildings":18,"dist_transmission_km":null,"solar_pv_value":1283.854,"wealth_index":NaN,"viability_score":NaN,"viability_tier":"A_highly_viable","rank_in_state":36}},{"type":"Feature","geometry":{"type":"Point","coordinates":[8.679281,4.991975]},"properties":{"settlement_id":"s0yhmsb03g","name":"Esuk Aye\r","state":"Cross River","lga":"Akpabuyo","population":162,"num_buildings":38,"dist_transmission_km":15.11,"solar_pv_value":1298.098,"wealth_index":NaN,"viability_score":NaN,"viability_tier":"A_highly_viable","rank_in_state":37}},{"type":"Feature","geometry":{"type":"Point","coordinates":[8.621328,5.056288]},"properties":{"settlement_id":"s0yhu0mz58","name":"Ekongahaku\r","state":"Cross River","lga":"Akamkpa","population":179,"num_buildings":42,"dist_transmission_km":10.56,"solar_pv_value":1301.02,"wealth_index":NaN,"viability_score":NaN,"viability_tier":"A_highly_viable","rank_in_state":38}},{"type":"Feature","geometry":{"type":"Point","coordinates":[8.458887,5.16865]},"properties":{"settlement_id":"s0yj2kztd6","name":"Mbarakpa\r","state":"Cross River","lga":"Akamkpa","population":221,"num_buildings":52,"dist_transmission_km":7.62,"solar_pv_value":1315.63,"wealth_index":NaN,"viability_score":NaN,"viability_tier":"A_highly_viable","rank_in_state":39}},{"type":"Feature","geometry":{"type":"Point","coordinates":[8.568788,5.116674]},"properties":{"settlement_id":"s0yj4grwg1","name":"Location #80419","state":"Cross River","lga":"Akamkpa","population":204,"num_buildings":48,"dist_transmission_km":4.62,"solar_pv_value":1305.769,"wealth_index":NaN,"viability_score":NaN,"viability_tier":"A_highly_viable","rank_in_state":40}},{"type":"Feature","geometry":{"type":"Point","coordinates":[8.540777,5.181063]},"properties":{"settlement_id":"s0yj6r5jys","name":"Oban\r","state":"Cross River","lga":"Akamkpa","population":179,"num_buildings":42,"dist_transmission_km":null,"solar_pv_value":1315.996,"wealth_index":NaN,"viability_score":NaN,"viability_tier":"A_highly_viable","rank_in_state":41}},{"type":"Feature","geometry":{"type":"Point","coordinates":[8.689112,5.444981]},"properties":{"settlement_id":"s0ynvxppqf","name":"Location #43126","state":"Cross River","lga":"Akamkpa","population":451,"num_buildings":106,"dist_transmission_km":0.21,"solar_pv_value":1363.478,"wealth_index":NaN,"viability_score":NaN,"viability_tier":"A_highly_viable","rank_in_state":42}},{"type":"Feature","geometry":{"type":"Point","coordinates":[8.812291,5.420871]},"properties":{"settlement_id":"s0yqbdbfv7","name":"Ndebiji","state":"Cross River","lga":"Akamkpa","population":94,"num_buildings":22,"dist_transmission_km":10.33,"solar_pv_value":1344.12,"wealth_index":NaN,"viability_score":NaN,"viability_tier":"A_highly_viable","rank_in_state":43}},{"type":"Feature","geometry":{"type":"Point","coordinates":[7.967461,5.649691]},"properties":{"settlement_id":"s1j8jk3xz6","name":"Location #6955","state":"Cross River","lga":"Biase","population":2917,"num_buildings":686,"dist_transmission_km":3.56,"solar_pv_value":1342.294,"wealth_index":NaN,"viability_score":NaN,"viability_tier":"A_highly_viable","rank_in_state":44}},{"type":"Feature","geometry":{"type":"Point","coordinates":[7.971328,5.654183]},"properties":{"settlement_id":"s1j8jmkd12","name":"Location #115674","state":"Cross River","lga":"Biase","population":123,"num_buildings":29,"dist_transmission_km":3.22,"solar_pv_value":1342.294,"wealth_index":NaN,"viability_score":NaN,"viability_tier":"A_highly_viable","rank_in_state":45}},{"type":"Feature","geometry":{"type":"Point","coordinates":[8.432521,5.705148]},"properties":{"settlement_id":"s1jbrys6gu","name":"Obuton\r","state":"Cross River","lga":"Akamkpa","population":855,"num_buildings":201,"dist_transmission_km":23.04,"solar_pv_value":1354.347,"wealth_index":NaN,"viability_score":NaN,"viability_tier":"A_highly_viable","rank_in_state":46}},{"type":"Feature","geometry":{"type":"Point","coordinates":[8.391032,5.731913]},"properties":{"settlement_id":"s1jbwgqnv4","name":"Fkuri Awai\r","state":"Cross River","lga":"Akamkpa","population":1021,"num_buildings":240,"dist_transmission_km":18.45,"solar_pv_value":1352.886,"wealth_index":NaN,"viability_score":NaN,"viability_tier":"A_highly_viable","rank_in_state":47}},{"type":"Feature","geometry":{"type":"Point","coordinates":[8.106986,5.84958]},"properties":{"settlement_id":"s1jc22zk62","name":"Ugep","state":"Cross River","lga":"Yakurr","population":102,"num_buildings":24,"dist_transmission_km":null,"solar_pv_value":1369.322,"wealth_index":NaN,"viability_score":NaN,"viability_tier":"A_highly_viable","rank_in_state":48}},{"type":"Feature","geometry":{"type":"Point","coordinates":[8.20783,5.817901]},"properties":{"settlement_id":"s1jc4g0g8r","name":"Mkpani\r","state":"Cross River","lga":"Yakurr","population":766,"num_buildings":180,"dist_transmission_km":4.68,"solar_pv_value":1360.556,"wealth_index":NaN,"viability_score":NaN,"viability_tier":"A_highly_viable","rank_in_state":49}},{"type":"Feature","geometry":{"type":"Point","coordinates":[8.179814,5.859887]},"properties":{"settlement_id":"s1jc64u276","name":"Nko","state":"Cross River","lga":"Yakurr","population":102,"num_buildings":24,"dist_transmission_km":null,"solar_pv_value":1366.035,"wealth_index":NaN,"viability_score":NaN,"viability_tier":"A_highly_viable","rank_in_state":50}},{"type":"Feature","geometry":{"type":"Point","coordinates":[5.425751,5.154834]},"properties":{"settlement_id":"s0gv76qvj4","name":"Burutu\r","state":"Delta","lga":"Burutu","population":617,"num_buildings":145,"dist_transmission_km":0.76,"solar_pv_value":1305.038,"wealth_index":NaN,"viability_score":NaN,"viability_tier":"A_highly_viable","rank_in_state":1}},{"type":"Feature","geometry":{"type":"Point","coordinates":[5.409356,5.187424]},"properties":{"settlement_id":"s0gve06fzj","name":"Burutu\r","state":"Delta","lga":"Burutu","population":85,"num_buildings":20,"dist_transmission_km":2.27,"solar_pv_value":1301.02,"wealth_index":NaN,"viability_score":NaN,"viability_tier":"A_highly_viable","rank_in_state":2}},{"type":"Feature","geometry":{"type":"Point","coordinates":[5.447434,5.200196]},"properties":{"settlement_id":"s0gvefwtq6","name":"Burutu","state":"Delta","lga":"Burutu","population":166,"num_buildings":39,"dist_transmission_km":6.26,"solar_pv_value":1282.028,"wealth_index":NaN,"viability_score":NaN,"viability_tier":"A_highly_viable","rank_in_state":3}},{"type":"Feature","geometry":{"type":"Point","coordinates":[5.5797,5.138387]},"properties":{"settlement_id":"s0gvnzrj22","name":"Burutu\r","state":"Delta","lga":"Burutu","population":498,"num_buildings":117,"dist_transmission_km":10.18,"solar_pv_value":1260.112,"wealth_index":NaN,"viability_score":NaN,"viability_tier":"A_highly_viable","rank_in_state":4}},{"type":"Feature","geometry":{"type":"Point","coordinates":[5.623677,5.100014]},"properties":{"settlement_id":"s0gvpbrj9p","name":"Burutu\r","state":"Delta","lga":"Burutu","population":102,"num_buildings":24,"dist_transmission_km":8.12,"solar_pv_value":1260.478,"wealth_index":NaN,"viability_score":NaN,"viability_tier":"A_highly_viable","rank_in_state":5}},{"type":"Feature","geometry":{"type":"Point","coordinates":[5.582875,5.134766]},"properties":{"settlement_id":"s0gvpnc24m","name":"Burutu\r","state":"Delta","lga":"Burutu","population":225,"num_buildings":53,"dist_transmission_km":10.13,"solar_pv_value":1260.112,"wealth_index":NaN,"viability_score":NaN,"viability_tier":"A_highly_viable","rank_in_state":6}},{"type":"Feature","geometry":{"type":"Point","coordinates":[5.60728,5.136877]},"properties":{"settlement_id":"s0gvpx5h7p","name":"Burutu\r","state":"Delta","lga":"Burutu","population":85,"num_buildings":20,"dist_transmission_km":7.44,"solar_pv_value":1263.034,"wealth_index":NaN,"viability_score":NaN,"viability_tier":"A_highly_viable","rank_in_state":7}},{"type":"Feature","geometry":{"type":"Point","coordinates":[5.556157,5.18508]},"properties":{"settlement_id":"s0gvqrvv7b","name":"Burutu\r","state":"Delta","lga":"Burutu","population":264,"num_buildings":62,"dist_transmission_km":13.18,"solar_pv_value":1260.112,"wealth_index":NaN,"viability_score":NaN,"viability_tier":"A_highly_viable","rank_in_state":8}},{"type":"Feature","geometry":{"type":"Point","coordinates":[5.558058,5.190553]},"properties":{"settlement_id":"s0gvw2zm0j","name":"Burutu\r","state":"Delta","lga":"Burutu","population":89,"num_buildings":21,"dist_transmission_km":13.2,"solar_pv_value":1260.112,"wealth_index":NaN,"viability_score":NaN,"viability_tier":"A_highly_viable","rank_in_state":9}},{"type":"Feature","geometry":{"type":"Point","coordinates":[5.193538,5.533977]},"properties":{"settlement_id":"s0gxqpmvf0","name":"Ogidigben\r","state":"Delta","lga":"Warri South West","population":170,"num_buildings":40,"dist_transmission_km":0.33,"solar_pv_value":1340.833,"wealth_index":NaN,"viability_score":NaN,"viability_tier":"A_highly_viable","rank_in_state":10}},{"type":"Feature","geometry":{"type":"Point","coordinates":[5.260804,5.511354]},"properties":{"settlement_id":"s0gxreqccw","name":"Location #81442","state":"Delta","lga":"Warri South West","population":200,"num_buildings":47,"dist_transmission_km":7.95,"solar_pv_value":1300.655,"wealth_index":NaN,"viability_score":NaN,"viability_tier":"A_highly_viable","rank_in_state":11}},{"type":"Feature","geometry":{"type":"Point","coordinates":[5.250224,5.521417]},"properties":{"settlement_id":"s0gxrmphe4","name":"Location #151697","state":"Delta","lga":"Warri South West","population":85,"num_buildings":20,"dist_transmission_km":6.5,"solar_pv_value":1301.751,"wealth_index":NaN,"viability_score":NaN,"viability_tier":"A_highly_viable","rank_in_state":12}},{"type":"Feature","geometry":{"type":"Point","coordinates":[5.250813,5.528305]},"properties":{"settlement_id":"s0gxrqrs8y","name":"Location #82688","state":"Delta","lga":"Warri South West","population":196,"num_buildings":46,"dist_transmission_km":6.33,"solar_pv_value":1300.29,"wealth_index":NaN,"viability_score":NaN,"viability_tier":"A_highly_viable","rank_in_state":13}},{"type":"Feature","geometry":{"type":"Point","coordinates":[5.172993,5.598869]},"properties":{"settlement_id":"s0gxvenzg2","name":"Gbodoro\r","state":"Delta","lga":"Warri South West","population":158,"num_buildings":32,"dist_transmission_km":2.14,"solar_pv_value":1346.677,"wealth_index":NaN,"viability_score":NaN,"viability_tier":"A_highly_viable","rank_in_state":14}},{"type":"Feature","geometry":{"type":"Point","coordinates":[5.178016,5.595674]},"properties":{"settlement_id":"s0gxvfdt0t","name":"Ugborodo\r","state":"Delta","lga":"Warri South West","population":84,"num_buildings":17,"dist_transmission_km":1.81,"solar_pv_value":1344.85,"wealth_index":NaN,"viability_score":NaN,"viability_tier":"A_highly_viable","rank_in_state":15}},{"type":"Feature","geometry":{"type":"Point","coordinates":[5.244686,5.552258]},"properties":{"settlement_id":"s0gxx6g04p","name":"Ugborodo\r","state":"Delta","lga":"Warri South West","population":234,"num_buildings":55,"dist_transmission_km":5.53,"solar_pv_value":1301.386,"wealth_index":NaN,"viability_score":NaN,"viability_tier":"A_highly_viable","rank_in_state":16}},{"type":"Feature","geometry":{"type":"Point","coordinates":[5.209314,5.598495]},"properties":{"settlement_id":"s0gxye1m9g","name":"Ugborodo\r","state":"Delta","lga":"Warri South West","population":570,"num_buildings":122,"dist_transmission_km":1.46,"solar_pv_value":1321.474,"wealth_index":NaN,"viability_score":NaN,"viability_tier":"A_highly_viable","rank_in_state":17}},{"type":"Feature","geometry":{"type":"Point","coordinates":[5.215523,5.600134]},"properties":{"settlement_id":"s0gxyemz4k","name":"Madagho\r","state":"Delta","lga":"Warri South West","population":524,"num_buildings":106,"dist_transmission_km":1.71,"solar_pv_value":1321.474,"wealth_index":NaN,"viability_score":NaN,"viability_tier":"A_highly_viable","rank_in_state":18}},{"type":"Feature","geometry":{"type":"Point","coordinates":[5.224994,5.601294]},"properties":{"settlement_id":"s0gxygstzh","name":"Madagho\r","state":"Delta","lga":"Warri South West","population":162,"num_buildings":38,"dist_transmission_km":2.42,"solar_pv_value":1316.361,"wealth_index":NaN,"viability_score":NaN,"viability_tier":"A_highly_viable","rank_in_state":19}},{"type":"Feature","geometry":{"type":"Point","coordinates":[5.343091,5.420321]},"properties":{"settlement_id":"s0gycddxxj","name":"Burutu\r","state":"Delta","lga":"Burutu","population":106,"num_buildings":25,"dist_transmission_km":5.36,"solar_pv_value":1325.127,"wealth_index":NaN,"viability_score":NaN,"viability_tier":"A_highly_viable","rank_in_state":20}},{"type":"Feature","geometry":{"type":"Point","coordinates":[5.34814,5.421052]},"properties":{"settlement_id":"s0gycdy7ut","name":"Burutu\r","state":"Delta","lga":"Burutu","population":115,"num_buildings":27,"dist_transmission_km":4.88,"solar_pv_value":1325.127,"wealth_index":NaN,"viability_score":NaN,"viability_tier":"A_highly_viable","rank_in_state":21}},{"type":"Feature","geometry":{"type":"Point","coordinates":[5.403733,5.393493]},"properties":{"settlement_id":"s0gydvygk5","name":"Burutu\r","state":"Delta","lga":"Burutu","population":162,"num_buildings":38,"dist_transmission_km":1.3,"solar_pv_value":1326.588,"wealth_index":NaN,"viability_score":NaN,"viability_tier":"A_highly_viable","rank_in_state":22}},{"type":"Feature","geometry":{"type":"Point","coordinates":[5.427107,5.403885]},"properties":{"settlement_id":"s0gyerxzuv","name":"Burutu\r","state":"Delta","lga":"Burutu","population":102,"num_buildings":24,"dist_transmission_km":0.62,"solar_pv_value":1321.474,"wealth_index":NaN,"viability_score":NaN,"viability_tier":"A_highly_viable","rank_in_state":23}},{"type":"Feature","geometry":{"type":"Point","coordinates":[5.432082,5.389823]},"properties":{"settlement_id":"s0gyet5tbx","name":"Burutu","state":"Delta","lga":"Burutu","population":166,"num_buildings":39,"dist_transmission_km":2.23,"solar_pv_value":1324.762,"wealth_index":NaN,"viability_score":NaN,"viability_tier":"A_highly_viable","rank_in_state":24}},{"type":"Feature","geometry":{"type":"Point","coordinates":[5.440571,5.415031]},"properties":{"settlement_id":"s0gygcc8y6","name":"Location #132766","state":"Delta","lga":"Warri South West","population":102,"num_buildings":24,"dist_transmission_km":1.4,"solar_pv_value":1322.57,"wealth_index":NaN,"viability_score":NaN,"viability_tier":"A_highly_viable","rank_in_state":25}},{"type":"Feature","geometry":{"type":"Point","coordinates":[5.450832,5.303634]},"properties":{"settlement_id":"s0gyhj3pvt","name":"Burutu","state":"Delta","lga":"Burutu","population":970,"num_buildings":228,"dist_transmission_km":7.07,"solar_pv_value":1282.028,"wealth_index":NaN,"viability_score":NaN,"viability_tier":"A_highly_viable","rank_in_state":26}},{"type":"Feature","geometry":{"type":"Point","coordinates":[5.471776,5.405199]},"properties":{"settlement_id":"s0gysxbrtd","name":"Burutu","state":"Delta","lga":"Burutu","population":442,"num_buildings":104,"dist_transmission_km":4.77,"solar_pv_value":1326.223,"wealth_index":NaN,"viability_score":NaN,"viability_tier":"A_highly_viable","rank_in_state":27}},{"type":"Feature","geometry":{"type":"Point","coordinates":[5.490057,5.443661]},"properties":{"settlement_id":"s0gyuyvxxe","name":"Location #39735","state":"Delta","lga":"Warri South West","population":502,"num_buildings":118,"dist_transmission_km":7.29,"solar_pv_value":1311.247,"wealth_index":NaN,"viability_score":NaN,"viability_tier":"A_highly_viable","rank_in_state":28}},{"type":"Feature","geometry":{"type":"Point","coordinates":[5.513589,5.438431]},"properties":{"settlement_id":"s0gyvqnc5v","name":"Location #138285","state":"Delta","lga":"Warri South West","population":94,"num_buildings":22,"dist_transmission_km":9.13,"solar_pv_value":1320.014,"wealth_index":NaN,"viability_score":NaN,"viability_tier":"A_highly_viable","rank_in_state":29}},{"type":"Feature","geometry":{"type":"Point","coordinates":[5.509959,5.448028]},"properties":{"settlement_id":"s0gyvru1p6","name":"Location #144217","state":"Delta","lga":"Warri South West","population":89,"num_buildings":21,"dist_transmission_km":8.0,"solar_pv_value":1315.996,"wealth_index":NaN,"viability_score":NaN,"viability_tier":"A_highly_viable","rank_in_state":30}},{"type":"Feature","geometry":{"type":"Point","coordinates":[5.393761,5.478568]},"properties":{"settlement_id":"s0gz4trdgx","name":"Location #129582","state":"Delta","lga":"Warri South West","population":102,"num_buildings":24,"dist_transmission_km":7.57,"solar_pv_value":1287.506,"wealth_index":NaN,"viability_score":NaN,"viability_tier":"A_highly_viable","rank_in_state":31}},{"type":"Feature","geometry":{"type":"Point","coordinates":[5.372654,5.58276]},"properties":{"settlement_id":"s0gzf221zv","name":"Setorun\r","state":"Delta","lga":"Warri South West","population":102,"num_buildings":24,"dist_transmission_km":2.05,"solar_pv_value":1295.176,"wealth_index":NaN,"viability_score":NaN,"viability_tier":"A_highly_viable","rank_in_state":32}},{"type":"Feature","geometry":{"type":"Point","coordinates":[5.49273,5.457447]},"properties":{"settlement_id":"s0gzhcrxvv","name":"Location #130788","state":"Delta","lga":"Warri South West","population":102,"num_buildings":24,"dist_transmission_km":6.39,"solar_pv_value":1303.942,"wealth_index":NaN,"viability_score":NaN,"viability_tier":"A_highly_viable","rank_in_state":33}},{"type":"Feature","geometry":{"type":"Point","coordinates":[5.47799,5.508035]},"properties":{"settlement_id":"s0gzkdsywk","name":"Location #100087","state":"Delta","lga":"Warri South West","population":149,"num_buildings":35,"dist_transmission_km":0.62,"solar_pv_value":1278.74,"wealth_index":NaN,"viability_score":NaN,"viability_tier":"A_highly_viable","rank_in_state":34}},{"type":"Feature","geometry":{"type":"Point","coordinates":[5.547048,5.521281]},"properties":{"settlement_id":"s0gzqjp5z9","name":"Ilokiri","state":"Delta","lga":"Warri South West","population":149,"num_buildings":35,"dist_transmission_km":1.55,"solar_pv_value":1294.811,"wealth_index":NaN,"viability_score":NaN,"viability_tier":"A_highly_viable","rank_in_state":35}},{"type":"Feature","geometry":{"type":"Point","coordinates":[5.598451,5.530398]},"properties":{"settlement_id":"s0gzrqu8vk","name":"Olomogbene\r","state":"Delta","lga":"Warri South","population":234,"num_buildings":55,"dist_transmission_km":2.23,"solar_pv_value":1302.482,"wealth_index":NaN,"viability_score":NaN,"viability_tier":"A_highly_viable","rank_in_state":36}},{"type":"Feature","geometry":{"type":"Point","coordinates":[5.606549,5.530299]},"properties":{"settlement_id":"s0gzrwf864","name":"Olomogbene\r","state":"Delta","lga":"Warri South","population":196,"num_buildings":46,"dist_transmission_km":2.33,"solar_pv_value":1303.577,"wealth_index":NaN,"viability_score":NaN,"viability_tier":"A_highly_viable","rank_in_state":37}},{"type":"Feature","geometry":{"type":"Point","coordinates":[5.539206,5.601076]},"properties":{"settlement_id":"s0gzy59s8u","name":"Warri South","state":"Delta","lga":"Warri South","population":85,"num_buildings":20,"dist_transmission_km":5.71,"solar_pv_value":1302.482,"wealth_index":NaN,"viability_score":NaN,"viability_tier":"A_highly_viable","rank_in_state":38}},{"type":"Feature","geometry":{"type":"Point","coordinates":[5.631482,5.170215]},"properties":{"settlement_id":"s0uj2jhwxj","name":"Burutu\r","state":"Delta","lga":"Burutu","population":259,"num_buildings":61,"dist_transmission_km":4.6,"solar_pv_value":1265.226,"wealth_index":NaN,"viability_score":NaN,"viability_tier":"A_highly_viable","rank_in_state":39}},{"type":"Feature","geometry":{"type":"Point","coordinates":[5.710696,5.175235]},"properties":{"settlement_id":"s0uj3yn7uv","name":"Burutu\r","state":"Delta","lga":"Burutu","population":228,"num_buildings":46,"dist_transmission_km":1.08,"solar_pv_value":1274.357,"wealth_index":NaN,"viability_score":NaN,"viability_tier":"A_highly_viable","rank_in_state":40}},{"type":"Feature","geometry":{"type":"Point","coordinates":[5.731031,5.173653]},"properties":{"settlement_id":"s0uj6mv4ww","name":"Burutu\r","state":"Delta","lga":"Burutu","population":425,"num_buildings":100,"dist_transmission_km":1.51,"solar_pv_value":1276.184,"wealth_index":NaN,"viability_score":NaN,"viability_tier":"A_highly_viable","rank_in_state":41}},{"type":"Feature","geometry":{"type":"Point","coordinates":[5.74209,5.169689]},"properties":{"settlement_id":"s0uj6tj787","name":"Burutu\r","state":"Delta","lga":"Burutu","population":464,"num_buildings":109,"dist_transmission_km":2.15,"solar_pv_value":1278.375,"wealth_index":NaN,"viability_score":NaN,"viability_tier":"A_highly_viable","rank_in_state":42}},{"type":"Feature","geometry":{"type":"Point","coordinates":[5.752378,5.166621]},"properties":{"settlement_id":"s0uj6usc8p","name":"Burutu\r","state":"Delta","lga":"Burutu","population":89,"num_buildings":21,"dist_transmission_km":2.49,"solar_pv_value":1279.836,"wealth_index":NaN,"viability_score":NaN,"viability_tier":"A_highly_viable","rank_in_state":43}},{"type":"Feature","geometry":{"type":"Point","coordinates":[5.761518,5.172026]},"properties":{"settlement_id":"s0uj7je3jp","name":"Burutu\r","state":"Delta","lga":"Burutu","population":98,"num_buildings":23,"dist_transmission_km":1.87,"solar_pv_value":1281.297,"wealth_index":NaN,"viability_score":NaN,"viability_tier":"A_highly_viable","rank_in_state":44}},{"type":"Feature","geometry":{"type":"Point","coordinates":[5.768179,5.173651]},"properties":{"settlement_id":"s0uj7mb68q","name":"Burutu\r","state":"Delta","lga":"Burutu","population":204,"num_buildings":48,"dist_transmission_km":1.64,"solar_pv_value":1283.123,"wealth_index":NaN,"viability_score":NaN,"viability_tier":"A_highly_viable","rank_in_state":45}},{"type":"Feature","geometry":{"type":"Point","coordinates":[5.687335,5.222216]},"properties":{"settlement_id":"s0uj9qtmse","name":"Burutu\r","state":"Delta","lga":"Burutu","population":200,"num_buildings":47,"dist_transmission_km":4.33,"solar_pv_value":1276.184,"wealth_index":NaN,"viability_score":NaN,"viability_tier":"A_highly_viable","rank_in_state":46}},{"type":"Feature","geometry":{"type":"Point","coordinates":[5.705939,5.225576]},"properties":{"settlement_id":"s0uj9z6cnj","name":"Burutu\r","state":"Delta","lga":"Burutu","population":289,"num_buildings":68,"dist_transmission_km":3.93,"solar_pv_value":1277.644,"wealth_index":NaN,"viability_score":NaN,"viability_tier":"A_highly_viable","rank_in_state":47}},{"type":"Feature","geometry":{"type":"Point","coordinates":[5.712026,5.262297]},"properties":{"settlement_id":"s0ujcvzr5g","name":"Burutu\r","state":"Delta","lga":"Burutu","population":302,"num_buildings":71,"dist_transmission_km":5.38,"solar_pv_value":1280.566,"wealth_index":NaN,"viability_score":NaN,"viability_tier":"A_highly_viable","rank_in_state":48}},{"type":"Feature","geometry":{"type":"Point","coordinates":[5.782696,5.263686]},"properties":{"settlement_id":"s0ujgw4z4w","name":"Burutu\r","state":"Delta","lga":"Burutu","population":302,"num_buildings":71,"dist_transmission_km":4.04,"solar_pv_value":1289.332,"wealth_index":NaN,"viability_score":NaN,"viability_tier":"A_highly_viable","rank_in_state":49}},{"type":"Feature","geometry":{"type":"Point","coordinates":[5.821144,5.10278]},"properties":{"settlement_id":"s0ujh2yvf7","name":"Burutu\r","state":"Delta","lga":"Burutu","population":132,"num_buildings":31,"dist_transmission_km":4.54,"solar_pv_value":1281.662,"wealth_index":NaN,"viability_score":NaN,"viability_tier":"A_highly_viable","rank_in_state":50}},{"type":"Feature","geometry":{"type":"Point","coordinates":[7.958975,5.783585]},"properties":{"settlement_id":"s1j8vhgecd","name":"Abapia\r","state":"Ebonyi","lga":"Afikpo North","population":132,"num_buildings":31,"dist_transmission_km":2.48,"solar_pv_value":1358.365,"wealth_index":NaN,"viability_score":NaN,"viability_tier":"A_highly_viable","rank_in_state":1}},{"type":"Feature","geometry":{"type":"Point","coordinates":[7.734618,5.858052]},"properties":{"settlement_id":"s1j9242jts","name":"Location #132163","state":"Ebonyi","lga":"Afikpo South","population":102,"num_buildings":24,"dist_transmission_km":4.15,"solar_pv_value":1356.538,"wealth_index":NaN,"viability_score":NaN,"viability_tier":"A_highly_viable","rank_in_state":2}},{"type":"Feature","geometry":{"type":"Point","coordinates":[7.804352,5.861835]},"properties":{"settlement_id":"s1j93e4gwt","name":"Location #24827","state":"Ebonyi","lga":"Afikpo South","population":989,"num_buildings":200,"dist_transmission_km":null,"solar_pv_value":1356.538,"wealth_index":NaN,"viability_score":NaN,"viability_tier":"A_highly_viable","rank_in_state":3}},{"type":"Feature","geometry":{"type":"Point","coordinates":[7.878368,5.968137]},"properties":{"settlement_id":"s1j9gq2ygm","name":"Amaseri\r","state":"Ebonyi","lga":"Ohaozara","population":370,"num_buildings":87,"dist_transmission_km":null,"solar_pv_value":1366.035,"wealth_index":NaN,"viability_score":NaN,"viability_tier":"A_highly_viable","rank_in_state":4}},{"type":"Feature","geometry":{"type":"Point","coordinates":[8.116559,5.956897]},"properties":{"settlement_id":"s1jcbsqm3w","name":"Location #127074","state":"Ebonyi","lga":"Ikwo","population":106,"num_buildings":25,"dist_transmission_km":0.48,"solar_pv_value":1378.454,"wealth_index":NaN,"viability_score":NaN,"viability_tier":"A_highly_viable","rank_in_state":5}},{"type":"Feature","geometry":{"type":"Point","coordinates":[8.119631,5.962421]},"properties":{"settlement_id":"s1jcbv2t95","name":"Location #59466","state":"Ebonyi","lga":"Ikwo","population":302,"num_buildings":71,"dist_transmission_km":0.47,"solar_pv_value":1379.549,"wealth_index":NaN,"viability_score":NaN,"viability_tier":"A_highly_viable","rank_in_state":6}},{"type":"Feature","geometry":{"type":"Point","coordinates":[8.123247,5.962463]},"properties":{"settlement_id":"s1jcbv7jv7","name":"Location #153762","state":"Ebonyi","lga":"Ikwo","population":68,"num_buildings":16,"dist_transmission_km":0.42,"solar_pv_value":1379.549,"wealth_index":NaN,"viability_score":NaN,"viability_tier":"A_highly_viable","rank_in_state":7}},{"type":"Feature","geometry":{"type":"Point","coordinates":[8.125626,5.962762]},"properties":{"settlement_id":"s1jcbvkzsg","name":"Location #152478","state":"Ebonyi","lga":"Ikwo","population":81,"num_buildings":19,"dist_transmission_km":0.15,"solar_pv_value":1379.549,"wealth_index":NaN,"viability_score":NaN,"viability_tier":"A_highly_viable","rank_in_state":8}},{"type":"Feature","geometry":{"type":"Point","coordinates":[8.122521,5.966203]},"properties":{"settlement_id":"s1jcby4esk","name":"Location #137598","state":"Ebonyi","lga":"Ikwo","population":94,"num_buildings":22,"dist_transmission_km":0.07,"solar_pv_value":1379.549,"wealth_index":NaN,"viability_score":NaN,"viability_tier":"A_highly_viable","rank_in_state":9}},{"type":"Feature","geometry":{"type":"Point","coordinates":[8.124362,5.968813]},"properties":{"settlement_id":"s1jcbyefz7","name":"Location #120404","state":"Ebonyi","lga":"Ikwo","population":115,"num_buildings":27,"dist_transmission_km":null,"solar_pv_value":1379.914,"wealth_index":NaN,"viability_score":NaN,"viability_tier":"A_highly_viable","rank_in_state":10}},{"type":"Feature","geometry":{"type":"Point","coordinates":[8.122306,5.972335]},"properties":{"settlement_id":"s1jcbz4rr7","name":"Location #148139","state":"Ebonyi","lga":"Ikwo","population":85,"num_buildings":20,"dist_transmission_km":0.12,"solar_pv_value":1379.914,"wealth_index":NaN,"viability_score":NaN,"viability_tier":"A_highly_viable","rank_in_state":11}},{"type":"Feature","geometry":{"type":"Point","coordinates":[8.122618,5.992914]},"properties":{"settlement_id":"s1jf0ffxq8","name":"Location #126368","state":"Ebonyi","lga":"Ikwo","population":106,"num_buildings":25,"dist_transmission_km":0.13,"solar_pv_value":1379.914,"wealth_index":NaN,"viability_score":NaN,"viability_tier":"A_highly_viable","rank_in_state":12}},{"type":"Feature","geometry":{"type":"Point","coordinates":[8.118698,5.998655]},"properties":{"settlement_id":"s1jf0spbeq","name":"Location #111387","state":"Ebonyi","lga":"Ikwo","population":128,"num_buildings":30,"dist_transmission_km":0.01,"solar_pv_value":1379.914,"wealth_index":NaN,"viability_score":NaN,"viability_tier":"A_highly_viable","rank_in_state":13}},{"type":"Feature","geometry":{"type":"Point","coordinates":[8.11089,6.010001]},"properties":{"settlement_id":"s1jf0w44v3","name":"Opuitumo\r","state":"Ebonyi","lga":"Ikwo","population":170,"num_buildings":40,"dist_transmission_km":null,"solar_pv_value":1379.549,"wealth_index":NaN,"viability_score":NaN,"viability_tier":"A_highly_viable","rank_in_state":14}},{"type":"Feature","geometry":{"type":"Point","coordinates":[8.117007,6.015288]},"properties":{"settlement_id":"s1jf0xn9ef","name":"Nsobo\r","state":"Ebonyi","lga":"Ikwo","population":204,"num_buildings":48,"dist_transmission_km":null,"solar_pv_value":1379.914,"wealth_index":NaN,"viability_score":NaN,"viability_tier":"A_highly_viable","rank_in_state":15}},{"type":"Feature","geometry":{"type":"Point","coordinates":[8.127875,6.019563]},"properties":{"settlement_id":"s1jf0zyd3p","name":"Nsobo\r","state":"Ebonyi","lga":"Ikwo","population":133,"num_buildings":28,"dist_transmission_km":0.86,"solar_pv_value":1379.549,"wealth_index":NaN,"viability_score":NaN,"viability_tier":"A_highly_viable","rank_in_state":16}},{"type":"Feature","geometry":{"type":"Point","coordinates":[8.129967,6.014226]},"properties":{"settlement_id":"s1jf1nb53u","name":"Nko\r","state":"Ebonyi","lga":"Ikwo","population":153,"num_buildings":31,"dist_transmission_km":0.39,"solar_pv_value":1379.549,"wealth_index":NaN,"viability_score":NaN,"viability_tier":"A_highly_viable","rank_in_state":17}},{"type":"Feature","geometry":{"type":"Point","coordinates":[8.143515,6.019491]},"properties":{"settlement_id":"s1jf1rcfjd","name":"Nko\r","state":"Ebonyi","lga":"Ikwo","population":4388,"num_buildings":902,"dist_transmission_km":null,"solar_pv_value":1379.914,"wealth_index":NaN,"viability_score":NaN,"viability_tier":"A_highly_viable","rank_in_state":18}},{"type":"Feature","geometry":{"type":"Point","coordinates":[8.155396,6.010924]},"properties":{"settlement_id":"s1jf1w684t","name":"Nko\r","state":"Ebonyi","lga":"Ikwo","population":495,"num_buildings":106,"dist_transmission_km":0.49,"solar_pv_value":1379.549,"wealth_index":NaN,"viability_score":NaN,"viability_tier":"A_highly_viable","rank_in_state":19}},{"type":"Feature","geometry":{"type":"Point","coordinates":[8.127012,6.02279]},"properties":{"settlement_id":"s1jf2bmvm1","name":"Nsobo\r","state":"Ebonyi","lga":"Ikwo","population":89,"num_buildings":21,"dist_transmission_km":0.82,"solar_pv_value":1379.549,"wealth_index":NaN,"viability_score":NaN,"viability_tier":"A_highly_viable","rank_in_state":20}},{"type":"Feature","geometry":{"type":"Point","coordinates":[8.128761,6.032272]},"properties":{"settlement_id":"s1jf2fphtc","name":"Location #98738","state":"Ebonyi","lga":"Ikwo","population":153,"num_buildings":36,"dist_transmission_km":0.48,"solar_pv_value":1379.914,"wealth_index":NaN,"viability_score":NaN,"viability_tier":"A_highly_viable","rank_in_state":21}},{"type":"Feature","geometry":{"type":"Point","coordinates":[8.137875,6.02967]},"properties":{"settlement_id":"s1jf31tv65","name":"Nko\r","state":"Ebonyi","lga":"Ikwo","population":122,"num_buildings":26,"dist_transmission_km":0.01,"solar_pv_value":1379.914,"wealth_index":NaN,"viability_score":NaN,"viability_tier":"A_highly_viable","rank_in_state":22}},{"type":"Feature","geometry":{"type":"Point","coordinates":[8.140017,6.040235]},"properties":{"settlement_id":"s1jf35x6uj","name":"Afiaelem\r","state":"Ebonyi","lga":"Ikwo","population":119,"num_buildings":28,"dist_transmission_km":0.7,"solar_pv_value":1379.914,"wealth_index":NaN,"viability_score":NaN,"viability_tier":"A_highly_viable","rank_in_state":23}},{"type":"Feature","geometry":{"type":"Point","coordinates":[8.141412,6.035232]},"properties":{"settlement_id":"s1jf368mu8","name":"Afiaelem\r","state":"Ebonyi","lga":"Ikwo","population":361,"num_buildings":85,"dist_transmission_km":0.15,"solar_pv_value":1379.184,"wealth_index":NaN,"viability_score":NaN,"viability_tier":"A_highly_viable","rank_in_state":24}},{"type":"Feature","geometry":{"type":"Point","coordinates":[8.169486,6.038485]},"properties":{"settlement_id":"s1jf3gkbdz","name":"Igboji\r","state":"Ebonyi","lga":"Ikwo","population":85,"num_buildings":20,"dist_transmission_km":0.67,"solar_pv_value":1378.454,"wealth_index":NaN,"viability_score":NaN,"viability_tier":"A_highly_viable","rank_in_state":25}},{"type":"Feature","geometry":{"type":"Point","coordinates":[8.151437,6.047635]},"properties":{"settlement_id":"s1jf3kzwn0","name":"Afiaelem\r","state":"Ebonyi","lga":"Ikwo","population":179,"num_buildings":42,"dist_transmission_km":0.17,"solar_pv_value":1379.914,"wealth_index":NaN,"viability_score":NaN,"viability_tier":"A_highly_viable","rank_in_state":26}},{"type":"Feature","geometry":{"type":"Point","coordinates":[8.154836,6.042786]},"properties":{"settlement_id":"s1jf3s41v2","name":"Afiaelem\r","state":"Ebonyi","lga":"Ikwo","population":64,"num_buildings":15,"dist_transmission_km":0.4,"solar_pv_value":1379.914,"wealth_index":NaN,"viability_score":NaN,"viability_tier":"A_highly_viable","rank_in_state":27}},{"type":"Feature","geometry":{"type":"Point","coordinates":[8.154993,6.044851]},"properties":{"settlement_id":"s1jf3s6mc1","name":"Afiaelem\r","state":"Ebonyi","lga":"Ikwo","population":94,"num_buildings":22,"dist_transmission_km":0.2,"solar_pv_value":1379.914,"wealth_index":NaN,"viability_score":NaN,"viability_tier":"A_highly_viable","rank_in_state":28}},{"type":"Feature","geometry":{"type":"Point","coordinates":[8.163154,6.045029]},"properties":{"settlement_id":"s1jf3u2nz7","name":"Imogu\r","state":"Ebonyi","lga":"Ikwo","population":2209,"num_buildings":456,"dist_transmission_km":null,"solar_pv_value":1378.819,"wealth_index":NaN,"viability_score":NaN,"viability_tier":"A_highly_viable","rank_in_state":29}},{"type":"Feature","geometry":{"type":"Point","coordinates":[8.159218,6.06164]},"properties":{"settlement_id":"s1jf3xmree","name":"Imogu\r","state":"Ebonyi","lga":"Ikwo","population":302,"num_buildings":71,"dist_transmission_km":0.22,"solar_pv_value":1379.184,"wealth_index":NaN,"viability_score":NaN,"viability_tier":"A_highly_viable","rank_in_state":30}},{"type":"Feature","geometry":{"type":"Point","coordinates":[8.165133,6.056322]},"properties":{"settlement_id":"s1jf3y98tk","name":"Imogu\r","state":"Ebonyi","lga":"Ikwo","population":123,"num_buildings":29,"dist_transmission_km":0.28,"solar_pv_value":1378.454,"wealth_index":NaN,"viability_score":NaN,"viability_tier":"A_highly_viable","rank_in_state":31}},{"type":"Feature","geometry":{"type":"Point","coordinates":[8.166224,6.061894]},"properties":{"settlement_id":"s1jf3zd3nf","name":"Igboji\r","state":"Ebonyi","lga":"Ikwo","population":374,"num_buildings":88,"dist_transmission_km":null,"solar_pv_value":1379.184,"wealth_index":NaN,"viability_score":NaN,"viability_tier":"A_highly_viable","rank_in_state":32}},{"type":"Feature","geometry":{"type":"Point","coordinates":[8.199182,6.011846]},"properties":{"settlement_id":"s1jf4w6mwc","name":"Ochokwu\r","state":"Ebonyi","lga":"Ikwo","population":111,"num_buildings":26,"dist_transmission_km":3.84,"solar_pv_value":1378.819,"wealth_index":NaN,"viability_score":NaN,"viability_tier":"A_highly_viable","rank_in_state":33}},{"type":"Feature","geometry":{"type":"Point","coordinates":[8.19709,6.015875]},"properties":{"settlement_id":"s1jf4x0vn0","name":"Ochokwu\r","state":"Ebonyi","lga":"Ikwo","population":106,"num_buildings":25,"dist_transmission_km":3.37,"solar_pv_value":1378.819,"wealth_index":NaN,"viability_score":NaN,"viability_tier":"A_highly_viable","rank_in_state":34}},{"type":"Feature","geometry":{"type":"Point","coordinates":[8.195758,6.027176]},"properties":{"settlement_id":"s1jf63pyz5","name":"Agbanyim\r","state":"Ebonyi","lga":"Ikwo","population":340,"num_buildings":80,"dist_transmission_km":2.0,"solar_pv_value":1379.549,"wealth_index":NaN,"viability_score":NaN,"viability_tier":"A_highly_viable","rank_in_state":35}},{"type":"Feature","geometry":{"type":"Point","coordinates":[8.19233,6.040926]},"properties":{"settlement_id":"s1jf67tqzn","name":"Agbanyim\r","state":"Ebonyi","lga":"Ikwo","population":136,"num_buildings":32,"dist_transmission_km":1.02,"solar_pv_value":1379.914,"wealth_index":NaN,"viability_score":NaN,"viability_tier":"A_highly_viable","rank_in_state":36}},{"type":"Feature","geometry":{"type":"Point","coordinates":[8.20496,6.023463]},"properties":{"settlement_id":"s1jf68w9jq","name":"Ochokwu\r","state":"Ebonyi","lga":"Ikwo","population":859,"num_buildings":202,"dist_transmission_km":2.19,"solar_pv_value":1380.28,"wealth_index":NaN,"viability_score":NaN,"viability_tier":"A_highly_viable","rank_in_state":37}},{"type":"Feature","geometry":{"type":"Point","coordinates":[8.205506,6.029927]},"properties":{"settlement_id":"s1jf69xnf5","name":"Ochokwu\r","state":"Ebonyi","lga":"Ikwo","population":89,"num_buildings":21,"dist_transmission_km":1.84,"solar_pv_value":1380.28,"wealth_index":NaN,"viability_score":NaN,"viability_tier":"A_highly_viable","rank_in_state":38}},{"type":"Feature","geometry":{"type":"Point","coordinates":[8.199657,6.040475]},"properties":{"settlement_id":"s1jf6edu3f","name":"Ochokwu\r","state":"Ebonyi","lga":"Ikwo","population":251,"num_buildings":59,"dist_transmission_km":0.51,"solar_pv_value":1381.01,"wealth_index":NaN,"viability_score":NaN,"viability_tier":"A_highly_viable","rank_in_state":39}},{"type":"Feature","geometry":{"type":"Point","coordinates":[8.207766,6.032062]},"properties":{"settlement_id":"s1jf6f0eqc","name":"Ochokwu\r","state":"Ebonyi","lga":"Ikwo","population":179,"num_buildings":42,"dist_transmission_km":1.55,"solar_pv_value":1380.28,"wealth_index":NaN,"viability_score":NaN,"viability_tier":"A_highly_viable","rank_in_state":40}},{"type":"Feature","geometry":{"type":"Point","coordinates":[8.210793,6.036007]},"properties":{"settlement_id":"s1jf6fffm3","name":"Ochokwu\r","state":"Ebonyi","lga":"Ikwo","population":247,"num_buildings":58,"dist_transmission_km":1.06,"solar_pv_value":1382.106,"wealth_index":NaN,"viability_score":NaN,"viability_tier":"A_highly_viable","rank_in_state":41}},{"type":"Feature","geometry":{"type":"Point","coordinates":[8.213987,6.031821]},"properties":{"settlement_id":"s1jf6fj1zu","name":"Ochokwu\r","state":"Ebonyi","lga":"Ikwo","population":128,"num_buildings":30,"dist_transmission_km":1.71,"solar_pv_value":1382.106,"wealth_index":NaN,"viability_score":NaN,"viability_tier":"A_highly_viable","rank_in_state":42}},{"type":"Feature","geometry":{"type":"Point","coordinates":[8.208818,6.042051]},"properties":{"settlement_id":"s1jf6gcmrr","name":"Agbanyim\r","state":"Ebonyi","lga":"Ikwo","population":94,"num_buildings":22,"dist_transmission_km":0.54,"solar_pv_value":1382.836,"wealth_index":NaN,"viability_score":NaN,"viability_tier":"A_highly_viable","rank_in_state":43}},{"type":"Feature","geometry":{"type":"Point","coordinates":[8.193726,6.046285]},"properties":{"settlement_id":"s1jf6kwqpt","name":"Agbanyim\r","state":"Ebonyi","lga":"Ikwo","population":361,"num_buildings":85,"dist_transmission_km":0.48,"solar_pv_value":1380.28,"wealth_index":NaN,"viability_score":NaN,"viability_tier":"A_highly_viable","rank_in_state":44}},{"type":"Feature","geometry":{"type":"Point","coordinates":[8.191127,6.051312]},"properties":{"settlement_id":"s1jf6mse7n","name":"Agbanyim\r","state":"Ebonyi","lga":"Ikwo","population":196,"num_buildings":46,"dist_transmission_km":0.89,"solar_pv_value":1378.819,"wealth_index":NaN,"viability_score":NaN,"viability_tier":"A_highly_viable","rank_in_state":45}},{"type":"Feature","geometry":{"type":"Point","coordinates":[8.20254,6.048072]},"properties":{"settlement_id":"s1jf6thbt4","name":"Agbanyim\r","state":"Ebonyi","lga":"Ikwo","population":162,"num_buildings":38,"dist_transmission_km":null,"solar_pv_value":1381.741,"wealth_index":NaN,"viability_score":NaN,"viability_tier":"A_highly_viable","rank_in_state":46}},{"type":"Feature","geometry":{"type":"Point","coordinates":[8.230269,6.034206]},"properties":{"settlement_id":"s1jf763pg1","name":"Location #57796","state":"Ebonyi","lga":"Ikwo","population":315,"num_buildings":74,"dist_transmission_km":1.59,"solar_pv_value":1383.567,"wealth_index":NaN,"viability_score":NaN,"viability_tier":"A_highly_viable","rank_in_state":47}},{"type":"Feature","geometry":{"type":"Point","coordinates":[8.158735,6.068865]},"properties":{"settlement_id":"s1jf98v18q","name":"Igboji\r","state":"Ebonyi","lga":"Ikwo","population":98,"num_buildings":23,"dist_transmission_km":null,"solar_pv_value":1378.819,"wealth_index":NaN,"viability_score":NaN,"viability_tier":"A_highly_viable","rank_in_state":48}},{"type":"Feature","geometry":{"type":"Point","coordinates":[8.164568,6.066413]},"properties":{"settlement_id":"s1jf9b372j","name":"Imogu\r","state":"Ebonyi","lga":"Ikwo","population":119,"num_buildings":28,"dist_transmission_km":0.12,"solar_pv_value":1378.819,"wealth_index":NaN,"viability_score":NaN,"viability_tier":"A_highly_viable","rank_in_state":49}},{"type":"Feature","geometry":{"type":"Point","coordinates":[8.169694,6.072651]},"properties":{"settlement_id":"s1jf9ckzz8","name":"Location #13966","state":"Ebonyi","lga":"Ikwo","population":1719,"num_buildings":357,"dist_transmission_km":0.18,"solar_pv_value":1378.454,"wealth_index":NaN,"viability_score":NaN,"viability_tier":"A_highly_viable","rank_in_state":50}},{"type":"Feature","geometry":{"type":"Point","coordinates":[5.315102,5.941722]},"properties":{"settlement_id":"s15cbcwm4c","name":"Location #98971","state":"Edo","lga":"Ovia North East","population":153,"num_buildings":36,"dist_transmission_km":13.89,"solar_pv_value":1302.847,"wealth_index":NaN,"viability_score":NaN,"viability_tier":"A_highly_viable","rank_in_state":1}},{"type":"Feature","geometry":{"type":"Point","coordinates":[5.265246,6.104486]},"properties":{"settlement_id":"s15dxz611n","name":"Agbobome","state":"Edo","lga":"Ovia South West","population":102,"num_buildings":24,"dist_transmission_km":10.09,"solar_pv_value":1309.786,"wealth_index":NaN,"viability_score":NaN,"viability_tier":"A_highly_viable","rank_in_state":2}},{"type":"Feature","geometry":{"type":"Point","coordinates":[5.064818,6.247742]},"properties":{"settlement_id":"s15ee325dz","name":"Saforogbo","state":"Edo","lga":"Ovia South West","population":1875,"num_buildings":441,"dist_transmission_km":8.34,"solar_pv_value":1304.308,"wealth_index":NaN,"viability_score":NaN,"viability_tier":"A_highly_viable","rank_in_state":3}},{"type":"Feature","geometry":{"type":"Point","coordinates":[5.030946,6.322631]},"properties":{"settlement_id":"s15efqzrvx","name":"Location #137219","state":"Edo","lga":"Ovia South West","population":94,"num_buildings":22,"dist_transmission_km":2.27,"solar_pv_value":1305.038,"wealth_index":NaN,"viability_score":NaN,"viability_tier":"A_highly_viable","rank_in_state":4}},{"type":"Feature","geometry":{"type":"Point","coordinates":[5.090886,6.295432]},"properties":{"settlement_id":"s15egf51d1","name":"Talagbene","state":"Edo","lga":"Ovia South West","population":89,"num_buildings":21,"dist_transmission_km":9.4,"solar_pv_value":1306.499,"wealth_index":NaN,"viability_score":NaN,"viability_tier":"A_highly_viable","rank_in_state":5}},{"type":"Feature","geometry":{"type":"Point","coordinates":[5.225976,6.184256]},"properties":{"settlement_id":"s15envv3yh","name":"Location #119823","state":"Edo","lga":"Ovia South West","population":115,"num_buildings":27,"dist_transmission_km":13.34,"solar_pv_value":1303.942,"wealth_index":NaN,"viability_score":NaN,"viability_tier":"A_highly_viable","rank_in_state":6}},{"type":"Feature","geometry":{"type":"Point","coordinates":[5.233358,6.176931]},"properties":{"settlement_id":"s15eph6z4p","name":"Location #57932","state":"Edo","lga":"Ovia South West","population":310,"num_buildings":73,"dist_transmission_km":12.34,"solar_pv_value":1302.847,"wealth_index":NaN,"viability_score":NaN,"viability_tier":"A_highly_viable","rank_in_state":7}},{"type":"Feature","geometry":{"type":"Point","coordinates":[5.226785,6.219194]},"properties":{"settlement_id":"s15equnj2v","name":"Location #71554","state":"Edo","lga":"Ovia South West","population":238,"num_buildings":56,"dist_transmission_km":14.81,"solar_pv_value":1308.691,"wealth_index":NaN,"viability_score":NaN,"viability_tier":"A_highly_viable","rank_in_state":8}},{"type":"Feature","geometry":{"type":"Point","coordinates":[5.211646,6.230178]},"properties":{"settlement_id":"s15eqw5j2j","name":"Location #107528","state":"Edo","lga":"Ovia South West","population":136,"num_buildings":32,"dist_transmission_km":16.89,"solar_pv_value":1310.152,"wealth_index":NaN,"viability_score":NaN,"viability_tier":"A_highly_viable","rank_in_state":9}},{"type":"Feature","geometry":{"type":"Point","coordinates":[5.107355,6.266541]},"properties":{"settlement_id":"s15eshz11z","name":"Okuno","state":"Edo","lga":"Ovia South West","population":1795,"num_buildings":422,"dist_transmission_km":11.84,"solar_pv_value":1305.038,"wealth_index":NaN,"viability_score":NaN,"viability_tier":"A_highly_viable","rank_in_state":10}},{"type":"Feature","geometry":{"type":"Point","coordinates":[5.121686,6.273086]},"properties":{"settlement_id":"s15estcrrg","name":"Talagbene","state":"Edo","lga":"Ovia South West","population":115,"num_buildings":27,"dist_transmission_km":13.46,"solar_pv_value":1306.499,"wealth_index":NaN,"viability_score":NaN,"viability_tier":"A_highly_viable","rank_in_state":11}},{"type":"Feature","geometry":{"type":"Point","coordinates":[5.13638,6.26295]},"properties":{"settlement_id":"s15esuhhq6","name":"Talagbene","state":"Edo","lga":"Ovia South West","population":102,"num_buildings":24,"dist_transmission_km":15.19,"solar_pv_value":1308.691,"wealth_index":NaN,"viability_score":NaN,"viability_tier":"A_highly_viable","rank_in_state":12}},{"type":"Feature","geometry":{"type":"Point","coordinates":[5.131201,6.289425]},"properties":{"settlement_id":"s15eubbqt9","name":"Oyinbogbene","state":"Edo","lga":"Ovia South West","population":430,"num_buildings":101,"dist_transmission_km":13.7,"solar_pv_value":1309.421,"wealth_index":NaN,"viability_score":NaN,"viability_tier":"A_highly_viable","rank_in_state":13}},{"type":"Feature","geometry":{"type":"Point","coordinates":[5.120352,6.30885]},"properties":{"settlement_id":"s15eus2x8y","name":"Sikolaba","state":"Edo","lga":"Ovia South West","population":566,"num_buildings":133,"dist_transmission_km":11.6,"solar_pv_value":1307.23,"wealth_index":NaN,"viability_score":NaN,"viability_tier":"A_highly_viable","rank_in_state":14}},{"type":"Feature","geometry":{"type":"Point","coordinates":[5.16451,6.311574]},"properties":{"settlement_id":"s15evsbxtf","name":"Location #42975","state":"Edo","lga":"Ovia South West","population":455,"num_buildings":107,"dist_transmission_km":15.53,"solar_pv_value":1312.708,"wealth_index":NaN,"viability_score":NaN,"viability_tier":"A_highly_viable","rank_in_state":15}},{"type":"Feature","geometry":{"type":"Point","coordinates":[5.170108,6.306874]},"properties":{"settlement_id":"s15evshu0n","name":"Oyinbogbene","state":"Edo","lga":"Ovia South West","population":247,"num_buildings":58,"dist_transmission_km":16.39,"solar_pv_value":1313.804,"wealth_index":NaN,"viability_score":NaN,"viability_tier":"A_highly_viable","rank_in_state":16}},{"type":"Feature","geometry":{"type":"Point","coordinates":[5.222936,6.255437]},"properties":{"settlement_id":"s15ewfg0x1","name":"Okuno","state":"Edo","lga":"Ovia South West","population":276,"num_buildings":65,"dist_transmission_km":17.47,"solar_pv_value":1312.708,"wealth_index":NaN,"viability_score":NaN,"viability_tier":"A_highly_viable","rank_in_state":17}},{"type":"Feature","geometry":{"type":"Point","coordinates":[5.185629,6.312678]},"properties":{"settlement_id":"s15eyj0n1b","name":"Location #59329","state":"Edo","lga":"Ovia South West","population":302,"num_buildings":71,"dist_transmission_km":16.99,"solar_pv_value":1315.63,"wealth_index":NaN,"viability_score":NaN,"viability_tier":"A_highly_viable","rank_in_state":18}},{"type":"Feature","geometry":{"type":"Point","coordinates":[5.233123,6.29161]},"properties":{"settlement_id":"s15ez16ek9","name":"Location #87818","state":"Edo","lga":"Ovia South West","population":179,"num_buildings":42,"dist_transmission_km":16.94,"solar_pv_value":1316.726,"wealth_index":NaN,"viability_score":NaN,"viability_tier":"A_highly_viable","rank_in_state":19}},{"type":"Feature","geometry":{"type":"Point","coordinates":[5.242318,6.310361]},"properties":{"settlement_id":"s15ezkc2db","name":"Location #144355","state":"Edo","lga":"Ovia South West","population":89,"num_buildings":21,"dist_transmission_km":14.69,"solar_pv_value":1322.57,"wealth_index":NaN,"viability_score":NaN,"viability_tier":"A_highly_viable","rank_in_state":20}},{"type":"Feature","geometry":{"type":"Point","coordinates":[5.274435,5.987918]},"properties":{"settlement_id":"s15f040dph","name":"Location #130405","state":"Edo","lga":"Ovia North East","population":102,"num_buildings":24,"dist_transmission_km":11.8,"solar_pv_value":1293.716,"wealth_index":NaN,"viability_score":NaN,"viability_tier":"A_highly_viable","rank_in_state":21}},{"type":"Feature","geometry":{"type":"Point","coordinates":[5.305283,6.00361]},"properties":{"settlement_id":"s15f0szjw4","name":"Location #109749","state":"Edo","lga":"Ovia North East","population":132,"num_buildings":31,"dist_transmission_km":14.75,"solar_pv_value":1297.003,"wealth_index":NaN,"viability_score":NaN,"viability_tier":"A_highly_viable","rank_in_state":22}},{"type":"Feature","geometry":{"type":"Point","coordinates":[5.318924,6.007125]},"properties":{"settlement_id":"s15f1j945c","name":"Location #141193","state":"Edo","lga":"Ovia North East","population":94,"num_buildings":22,"dist_transmission_km":13.33,"solar_pv_value":1297.003,"wealth_index":NaN,"viability_score":NaN,"viability_tier":"A_highly_viable","rank_in_state":23}},{"type":"Feature","geometry":{"type":"Point","coordinates":[5.309234,6.141877]},"properties":{"settlement_id":"s15fby4540","name":"Gilli-Gilli","state":"Edo","lga":"Ovia North East","population":123,"num_buildings":29,"dist_transmission_km":3.82,"solar_pv_value":1318.918,"wealth_index":NaN,"viability_score":NaN,"viability_tier":"A_highly_viable","rank_in_state":24}},{"type":"Feature","geometry":{"type":"Point","coordinates":[5.533563,5.999748]},"properties":{"settlement_id":"s15fjujrj6","name":"Igbogilete","state":"Edo","lga":"Ikpoba-Okha","population":153,"num_buildings":36,"dist_transmission_km":3.17,"solar_pv_value":1329.145,"wealth_index":NaN,"viability_score":NaN,"viability_tier":"A_highly_viable","rank_in_state":25}},{"type":"Feature","geometry":{"type":"Point","coordinates":[5.483553,6.084121]},"properties":{"settlement_id":"s15fsg9484","name":"Location #136040","state":"Edo","lga":"Ikpoba-Okha","population":98,"num_buildings":23,"dist_transmission_km":9.06,"solar_pv_value":1321.84,"wealth_index":NaN,"viability_score":NaN,"viability_tier":"A_highly_viable","rank_in_state":26}},{"type":"Feature","geometry":{"type":"Point","coordinates":[5.581061,6.067281]},"properties":{"settlement_id":"s15fx0802p","name":"Location #132684","state":"Edo","lga":"Ikpoba-Okha","population":102,"num_buildings":24,"dist_transmission_km":7.4,"solar_pv_value":1330.24,"wealth_index":NaN,"viability_score":NaN,"viability_tier":"A_highly_viable","rank_in_state":27}},{"type":"Feature","geometry":{"type":"Point","coordinates":[5.624199,6.07041]},"properties":{"settlement_id":"s15fxcp6tq","name":"Imasabo","state":"Edo","lga":"Ikpoba-Okha","population":319,"num_buildings":75,"dist_transmission_km":2.78,"solar_pv_value":1324.762,"wealth_index":NaN,"viability_score":NaN,"viability_tier":"A_highly_viable","rank_in_state":28}},{"type":"Feature","geometry":{"type":"Point","coordinates":[5.595176,6.088085]},"properties":{"settlement_id":"s15fxk639j","name":"Location #82091","state":"Edo","lga":"Ikpoba-Okha","population":196,"num_buildings":46,"dist_transmission_km":5.54,"solar_pv_value":1330.606,"wealth_index":NaN,"viability_score":NaN,"viability_tier":"A_highly_viable","rank_in_state":29}},{"type":"Feature","geometry":{"type":"Point","coordinates":[5.324301,6.175799]},"properties":{"settlement_id":"s15g1hm09h","name":"Ugbo","state":"Edo","lga":"Ovia South West","population":391,"num_buildings":92,"dist_transmission_km":3.19,"solar_pv_value":1319.648,"wealth_index":NaN,"viability_score":NaN,"viability_tier":"A_highly_viable","rank_in_state":30}},{"type":"Feature","geometry":{"type":"Point","coordinates":[5.414868,6.202867]},"properties":{"settlement_id":"s15g71nyrd","name":"Ugbineh","state":"Edo","lga":"Ovia North East","population":115,"num_buildings":27,"dist_transmission_km":null,"solar_pv_value":1326.588,"wealth_index":NaN,"viability_score":NaN,"viability_tier":"A_highly_viable","rank_in_state":31}},{"type":"Feature","geometry":{"type":"Point","coordinates":[5.393776,6.243603]},"properties":{"settlement_id":"s15gd8xes5","name":"Oduna","state":"Edo","lga":"Ovia North East","population":238,"num_buildings":56,"dist_transmission_km":4.86,"solar_pv_value":1332.432,"wealth_index":NaN,"viability_score":NaN,"viability_tier":"A_highly_viable","rank_in_state":32}},{"type":"Feature","geometry":{"type":"Point","coordinates":[5.409757,6.25404]},"properties":{"settlement_id":"s15ge4e22m","name":"Oroghon\r","state":"Edo","lga":"Ovia North East","population":374,"num_buildings":88,"dist_transmission_km":4.71,"solar_pv_value":1334.258,"wealth_index":NaN,"viability_score":NaN,"viability_tier":"A_highly_viable","rank_in_state":33}},{"type":"Feature","geometry":{"type":"Point","coordinates":[5.422912,6.293246]},"properties":{"settlement_id":"s15gg3sug4","name":"Location #87129","state":"Edo","lga":"Ovia South West","population":183,"num_buildings":43,"dist_transmission_km":2.79,"solar_pv_value":1333.162,"wealth_index":NaN,"viability_score":NaN,"viability_tier":"A_highly_viable","rank_in_state":34}},{"type":"Feature","geometry":{"type":"Point","coordinates":[5.591525,6.157065]},"properties":{"settlement_id":"s15gp0zeeb","name":"Location #87091","state":"Edo","lga":"Ikpoba-Okha","population":183,"num_buildings":43,"dist_transmission_km":3.89,"solar_pv_value":1333.893,"wealth_index":NaN,"viability_score":NaN,"viability_tier":"A_highly_viable","rank_in_state":35}},{"type":"Feature","geometry":{"type":"Point","coordinates":[5.591045,6.160866]},"properties":{"settlement_id":"s15gp1x38u","name":"Location #82887","state":"Edo","lga":"Ikpoba-Okha","population":196,"num_buildings":46,"dist_transmission_km":3.52,"solar_pv_value":1334.258,"wealth_index":NaN,"viability_score":NaN,"viability_tier":"A_highly_viable","rank_in_state":36}},{"type":"Feature","geometry":{"type":"Point","coordinates":[5.480596,6.302641]},"properties":{"settlement_id":"s15gueqge1","name":"Evbolekphen\r","state":"Edo","lga":"Ovia North East","population":200,"num_buildings":47,"dist_transmission_km":2.29,"solar_pv_value":1339.737,"wealth_index":NaN,"viability_score":NaN,"viability_tier":"A_highly_viable","rank_in_state":37}},{"type":"Feature","geometry":{"type":"Point","coordinates":[5.074788,6.372527]},"properties":{"settlement_id":"s15s72p6ej","name":"Gbelemotin-Odo","state":"Edo","lga":"Ovia South West","population":642,"num_buildings":151,"dist_transmission_km":3.45,"solar_pv_value":1313.439,"wealth_index":NaN,"viability_score":NaN,"viability_tier":"A_highly_viable","rank_in_state":38}},{"type":"Feature","geometry":{"type":"Point","coordinates":[5.100114,6.344073]},"properties":{"settlement_id":"s15sh4cuck","name":"Gbelemotin","state":"Edo","lga":"Ovia South West","population":3334,"num_buildings":784,"dist_transmission_km":7.26,"solar_pv_value":1311.247,"wealth_index":NaN,"viability_score":NaN,"viability_tier":"A_highly_viable","rank_in_state":39}},{"type":"Feature","geometry":{"type":"Point","coordinates":[5.10834,6.340659]},"properties":{"settlement_id":"s15sh4rc0b","name":"Gbelemotin","state":"Edo","lga":"Ovia South West","population":821,"num_buildings":193,"dist_transmission_km":8.52,"solar_pv_value":1310.152,"wealth_index":NaN,"viability_score":NaN,"viability_tier":"A_highly_viable","rank_in_state":40}},{"type":"Feature","geometry":{"type":"Point","coordinates":[5.099649,6.360451]},"properties":{"settlement_id":"s15shjckq6","name":"Saforogbon","state":"Edo","lga":"Ovia South West","population":132,"num_buildings":31,"dist_transmission_km":6.69,"solar_pv_value":1315.265,"wealth_index":NaN,"viability_score":NaN,"viability_tier":"A_highly_viable","rank_in_state":41}},{"type":"Feature","geometry":{"type":"Point","coordinates":[5.109174,6.35516]},"properties":{"settlement_id":"s15shkbmkr","name":"Gbelemotin","state":"Edo","lga":"Ovia South West","population":408,"num_buildings":96,"dist_transmission_km":7.84,"solar_pv_value":1313.439,"wealth_index":NaN,"viability_score":NaN,"viability_tier":"A_highly_viable","rank_in_state":42}},{"type":"Feature","geometry":{"type":"Point","coordinates":[5.122983,6.377615]},"properties":{"settlement_id":"s15sk942q1","name":"Location #41512","state":"Edo","lga":"Ovia South West","population":472,"num_buildings":111,"dist_transmission_km":8.65,"solar_pv_value":1321.474,"wealth_index":NaN,"viability_score":NaN,"viability_tier":"A_highly_viable","rank_in_state":43}},{"type":"Feature","geometry":{"type":"Point","coordinates":[5.105331,6.399804]},"properties":{"settlement_id":"s15skjj9dc","name":"Madagbayu","state":"Edo","lga":"Ovia South West","population":128,"num_buildings":30,"dist_transmission_km":6.9,"solar_pv_value":1321.474,"wealth_index":NaN,"viability_score":NaN,"viability_tier":"A_highly_viable","rank_in_state":44}},{"type":"Feature","geometry":{"type":"Point","coordinates":[5.111043,6.411768]},"properties":{"settlement_id":"s15skr1xrb","name":"Madagbayu","state":"Edo","lga":"Ovia South West","population":991,"num_buildings":233,"dist_transmission_km":7.62,"solar_pv_value":1325.492,"wealth_index":NaN,"viability_score":NaN,"viability_tier":"A_highly_viable","rank_in_state":45}},{"type":"Feature","geometry":{"type":"Point","coordinates":[5.144972,6.377531]},"properties":{"settlement_id":"s15sm0fry9","name":"Location #49614","state":"Edo","lga":"Ovia South West","population":379,"num_buildings":89,"dist_transmission_km":11.03,"solar_pv_value":1316.726,"wealth_index":NaN,"viability_score":NaN,"viability_tier":"A_highly_viable","rank_in_state":46}},{"type":"Feature","geometry":{"type":"Point","coordinates":[5.121276,6.435068]},"properties":{"settlement_id":"s15sse3nyr","name":"Location #65285","state":"Edo","lga":"Ovia South West","population":268,"num_buildings":63,"dist_transmission_km":10.08,"solar_pv_value":1326.223,"wealth_index":NaN,"viability_score":NaN,"viability_tier":"A_highly_viable","rank_in_state":47}},{"type":"Feature","geometry":{"type":"Point","coordinates":[5.144205,6.43879]},"properties":{"settlement_id":"s15sth1ust","name":"Location #16807","state":"Edo","lga":"Ovia South West","population":1267,"num_buildings":298,"dist_transmission_km":9.47,"solar_pv_value":1326.953,"wealth_index":NaN,"viability_score":NaN,"viability_tier":"A_highly_viable","rank_in_state":48}},{"type":"Feature","geometry":{"type":"Point","coordinates":[5.145654,6.447848]},"properties":{"settlement_id":"s15stjfcqm","name":"Location #36660","state":"Edo","lga":"Ovia South West","population":553,"num_buildings":130,"dist_transmission_km":8.9,"solar_pv_value":1326.223,"wealth_index":NaN,"viability_score":NaN,"viability_tier":"A_highly_viable","rank_in_state":49}},{"type":"Feature","geometry":{"type":"Point","coordinates":[5.163437,6.448611]},"properties":{"settlement_id":"s15stmzvuu","name":"Iguerahon","state":"Edo","lga":"Ovia South West","population":157,"num_buildings":37,"dist_transmission_km":7.37,"solar_pv_value":1325.492,"wealth_index":NaN,"viability_score":NaN,"viability_tier":"A_highly_viable","rank_in_state":50}},{"type":"Feature","geometry":{"type":"Point","coordinates":[5.400245,7.335263]},"properties":{"settlement_id":"s17cdzk74b","name":"Location #142099","state":"Ekiti","lga":"Ise/Orun","population":89,"num_buildings":21,"dist_transmission_km":2.1,"solar_pv_value":1396.351,"wealth_index":NaN,"viability_score":NaN,"viability_tier":"A_highly_viable","rank_in_state":1}},{"type":"Feature","geometry":{"type":"Point","coordinates":[5.447858,7.333405]},"properties":{"settlement_id":"s17cezp00m","name":"Otayo-Onaiye","state":"Ekiti","lga":"Ise/Orun","population":281,"num_buildings":66,"dist_transmission_km":2.65,"solar_pv_value":1398.177,"wealth_index":NaN,"viability_score":NaN,"viability_tier":"A_highly_viable","rank_in_state":2}},{"type":"Feature","geometry":{"type":"Point","coordinates":[5.443327,7.356808]},"properties":{"settlement_id":"s17cgg78w8","name":"Location #136513","state":"Ekiti","lga":"Ise/Orun","population":98,"num_buildings":23,"dist_transmission_km":2.81,"solar_pv_value":1401.099,"wealth_index":NaN,"viability_score":NaN,"viability_tier":"A_highly_viable","rank_in_state":3}},{"type":"Feature","geometry":{"type":"Point","coordinates":[5.461694,7.342983]},"properties":{"settlement_id":"s17cu29pfx","name":"Araromi-Gbadegun","state":"Ekiti","lga":"Emure","population":119,"num_buildings":28,"dist_transmission_km":3.94,"solar_pv_value":1401.83,"wealth_index":NaN,"viability_score":NaN,"viability_tier":"A_highly_viable","rank_in_state":4}},{"type":"Feature","geometry":{"type":"Point","coordinates":[5.127933,7.457641]},"properties":{"settlement_id":"s17dktw5cm","name":"Location #142060","state":"Ekiti","lga":"Ikere","population":89,"num_buildings":21,"dist_transmission_km":6.02,"solar_pv_value":1391.237,"wealth_index":NaN,"viability_score":NaN,"viability_tier":"A_highly_viable","rank_in_state":5}},{"type":"Feature","geometry":{"type":"Point","coordinates":[5.161348,7.672467]},"properties":{"settlement_id":"s17etkwrk5","name":"Awo Ekiti\r","state":"Ekiti","lga":"Irepodun/Ifelodun","population":119,"num_buildings":28,"dist_transmission_km":0.33,"solar_pv_value":1423.014,"wealth_index":NaN,"viability_score":NaN,"viability_tier":"A_highly_viable","rank_in_state":6}},{"type":"Feature","geometry":{"type":"Point","coordinates":[5.357778,7.431963]},"properties":{"settlement_id":"s17f3bvqm6","name":"Location #54067","state":"Ekiti","lga":"Ise/Orun","population":340,"num_buildings":80,"dist_transmission_km":2.26,"solar_pv_value":1400.734,"wealth_index":NaN,"viability_score":NaN,"viability_tier":"A_highly_viable","rank_in_state":7}},{"type":"Feature","geometry":{"type":"Point","coordinates":[5.293485,7.550271]},"properties":{"settlement_id":"s17fbqqxe0","name":"Ad\u00f3-\u00c8k\u00ect\u00ec\r","state":"Ekiti","lga":"Ado Ekiti","population":102,"num_buildings":24,"dist_transmission_km":3.52,"solar_pv_value":1411.691,"wealth_index":NaN,"viability_score":NaN,"viability_tier":"A_highly_viable","rank_in_state":8}},{"type":"Feature","geometry":{"type":"Point","coordinates":[5.441284,7.550587]},"properties":{"settlement_id":"s17fgyd1r5","name":"Location #67855","state":"Ekiti","lga":"Aiyekire (Gbonyin)","population":255,"num_buildings":60,"dist_transmission_km":3.22,"solar_pv_value":1411.691,"wealth_index":NaN,"viability_score":NaN,"viability_tier":"A_highly_viable","rank_in_state":9}},{"type":"Feature","geometry":{"type":"Point","coordinates":[5.474411,7.552223]},"properties":{"settlement_id":"s17fuwf6gh","name":"Location #146493","state":"Ekiti","lga":"Aiyekire (Gbonyin)","population":89,"num_buildings":21,"dist_transmission_km":3.69,"solar_pv_value":1412.056,"wealth_index":NaN,"viability_score":NaN,"viability_tier":"A_highly_viable","rank_in_state":10}},{"type":"Feature","geometry":{"type":"Point","coordinates":[5.338732,7.570337]},"properties":{"settlement_id":"s17g16ps3m","name":"Ad\u00f3-\u00c8k\u00ect\u00ec","state":"Ekiti","lga":"Ado Ekiti","population":225,"num_buildings":53,"dist_transmission_km":3.68,"solar_pv_value":1412.422,"wealth_index":NaN,"viability_score":NaN,"viability_tier":"A_highly_viable","rank_in_state":11}},{"type":"Feature","geometry":{"type":"Point","coordinates":[5.400885,7.59094]},"properties":{"settlement_id":"s17g4vuu3t","name":"Location #96200","state":"Ekiti","lga":"Aiyekire (Gbonyin)","population":157,"num_buildings":37,"dist_transmission_km":1.2,"solar_pv_value":1414.978,"wealth_index":NaN,"viability_score":NaN,"viability_tier":"A_highly_viable","rank_in_state":12}},{"type":"Feature","geometry":{"type":"Point","coordinates":[5.436752,7.59516]},"properties":{"settlement_id":"s17g5wwvj8","name":"Ilu-Omoba","state":"Ekiti","lga":"Aiyekire (Gbonyin)","population":472,"num_buildings":111,"dist_transmission_km":1.92,"solar_pv_value":1416.44,"wealth_index":NaN,"viability_score":NaN,"viability_tier":"A_highly_viable","rank_in_state":13}},{"type":"Feature","geometry":{"type":"Point","coordinates":[5.446435,7.628507]},"properties":{"settlement_id":"s17g7utzr0","name":"Ilu-Omoba","state":"Ekiti","lga":"Aiyekire (Gbonyin)","population":106,"num_buildings":25,"dist_transmission_km":1.32,"solar_pv_value":1416.805,"wealth_index":NaN,"viability_score":NaN,"viability_tier":"A_highly_viable","rank_in_state":14}},{"type":"Feature","geometry":{"type":"Point","coordinates":[5.419399,7.684651]},"properties":{"settlement_id":"s17geqfq34","name":"Ikole","state":"Ekiti","lga":"Aiyekire (Gbonyin)","population":264,"num_buildings":62,"dist_transmission_km":2.44,"solar_pv_value":1420.092,"wealth_index":NaN,"viability_score":NaN,"viability_tier":"A_highly_viable","rank_in_state":15}},{"type":"Feature","geometry":{"type":"Point","coordinates":[5.405018,7.706296]},"properties":{"settlement_id":"s17gffzu6j","name":"Location #103656","state":"Ekiti","lga":"Irepodun/Ifelodun","population":140,"num_buildings":33,"dist_transmission_km":null,"solar_pv_value":1422.649,"wealth_index":NaN,"viability_score":NaN,"viability_tier":"A_highly_viable","rank_in_state":16}},{"type":"Feature","geometry":{"type":"Point","coordinates":[5.456652,7.565066]},"properties":{"settlement_id":"s17gh1jmtn","name":"Location #136024","state":"Ekiti","lga":"Aiyekire (Gbonyin)","population":98,"num_buildings":23,"dist_transmission_km":3.82,"solar_pv_value":1412.787,"wealth_index":NaN,"viability_score":NaN,"viability_tier":"A_highly_viable","rank_in_state":17}},{"type":"Feature","geometry":{"type":"Point","coordinates":[5.493926,7.645657]},"properties":{"settlement_id":"s17gmpbe1v","name":"Aisegba","state":"Ekiti","lga":"Aiyekire (Gbonyin)","population":187,"num_buildings":44,"dist_transmission_km":null,"solar_pv_value":1418.631,"wealth_index":NaN,"viability_score":NaN,"viability_tier":"A_highly_viable","rank_in_state":18}},{"type":"Feature","geometry":{"type":"Point","coordinates":[5.465312,7.646924]},"properties":{"settlement_id":"s17gs25dwc","name":"Ijan","state":"Ekiti","lga":"Aiyekire (Gbonyin)","population":157,"num_buildings":37,"dist_transmission_km":2.72,"solar_pv_value":1416.805,"wealth_index":NaN,"viability_score":NaN,"viability_tier":"A_highly_viable","rank_in_state":19}},{"type":"Feature","geometry":{"type":"Point","coordinates":[5.449263,7.720187]},"properties":{"settlement_id":"s17guj2j35","name":"Ikole","state":"Ekiti","lga":"Ikole","population":115,"num_buildings":27,"dist_transmission_km":4.01,"solar_pv_value":1427.397,"wealth_index":NaN,"viability_score":NaN,"viability_tier":"A_highly_viable","rank_in_state":20}},{"type":"Feature","geometry":{"type":"Point","coordinates":[5.4593,7.719829]},"properties":{"settlement_id":"s17gujr76b","name":"Ikole","state":"Ekiti","lga":"Ikole","population":102,"num_buildings":24,"dist_transmission_km":3.22,"solar_pv_value":1429.588,"wealth_index":NaN,"viability_score":NaN,"viability_tier":"A_highly_viable","rank_in_state":21}},{"type":"Feature","geometry":{"type":"Point","coordinates":[5.51196,7.714715]},"properties":{"settlement_id":"s17gvkmtmz","name":"Location #62463","state":"Ekiti","lga":"Ikole","population":285,"num_buildings":67,"dist_transmission_km":0.3,"solar_pv_value":1427.762,"wealth_index":NaN,"viability_score":NaN,"viability_tier":"A_highly_viable","rank_in_state":22}},{"type":"Feature","geometry":{"type":"Point","coordinates":[5.034464,7.777085]},"properties":{"settlement_id":"s17s4xcbz9","name":"Location #108742","state":"Ekiti","lga":"Ijero","population":132,"num_buildings":31,"dist_transmission_km":3.22,"solar_pv_value":1402.195,"wealth_index":NaN,"viability_score":NaN,"viability_tier":"A_highly_viable","rank_in_state":23}},{"type":"Feature","geometry":{"type":"Point","coordinates":[5.07347,7.748594]},"properties":{"settlement_id":"s17s56w6u6","name":"Location #121151","state":"Ekiti","lga":"Ijero","population":115,"num_buildings":27,"dist_transmission_km":3.73,"solar_pv_value":1398.908,"wealth_index":NaN,"viability_score":NaN,"viability_tier":"A_highly_viable","rank_in_state":24}},{"type":"Feature","geometry":{"type":"Point","coordinates":[5.08088,7.755851]},"properties":{"settlement_id":"s17s5egv15","name":"Location #117001","state":"Ekiti","lga":"Ijero","population":119,"num_buildings":28,"dist_transmission_km":3.28,"solar_pv_value":1398.177,"wealth_index":NaN,"viability_score":NaN,"viability_tier":"A_highly_viable","rank_in_state":25}},{"type":"Feature","geometry":{"type":"Point","coordinates":[5.118258,7.886347]},"properties":{"settlement_id":"s17su7xj21","name":"Ilogbo\r","state":"Ekiti","lga":"Ijero","population":102,"num_buildings":21,"dist_transmission_km":0.58,"solar_pv_value":1440.546,"wealth_index":NaN,"viability_score":NaN,"viability_tier":"A_highly_viable","rank_in_state":26}},{"type":"Feature","geometry":{"type":"Point","coordinates":[5.117113,7.905741]},"properties":{"settlement_id":"s17surnnm2","name":"Location #86292","state":"Ekiti","lga":"Ido-Osi","population":213,"num_buildings":43,"dist_transmission_km":null,"solar_pv_value":1444.929,"wealth_index":NaN,"viability_score":NaN,"viability_tier":"A_highly_viable","rank_in_state":27}},{"type":"Feature","geometry":{"type":"Point","coordinates":[5.226552,7.878691]},"properties":{"settlement_id":"s17syfmbeq","name":"Ido Ekiti\r","state":"Ekiti","lga":"Ido-Osi","population":119,"num_buildings":28,"dist_transmission_km":null,"solar_pv_value":1446.755,"wealth_index":NaN,"viability_score":NaN,"viability_tier":"A_highly_viable","rank_in_state":28}},{"type":"Feature","geometry":{"type":"Point","coordinates":[5.050638,7.938609]},"properties":{"settlement_id":"s17t4vjv8r","name":"Odo-Owa","state":"Ekiti","lga":"Ijero","population":629,"num_buildings":148,"dist_transmission_km":4.97,"solar_pv_value":1426.666,"wealth_index":NaN,"viability_score":NaN,"viability_tier":"A_highly_viable","rank_in_state":29}},{"type":"Feature","geometry":{"type":"Point","coordinates":[5.051009,7.952618]},"properties":{"settlement_id":"s17t4zwp35","name":"Odo-Owa","state":"Ekiti","lga":"Ijero","population":85,"num_buildings":20,"dist_transmission_km":4.53,"solar_pv_value":1433.972,"wealth_index":NaN,"viability_score":NaN,"viability_tier":"A_highly_viable","rank_in_state":30}},{"type":"Feature","geometry":{"type":"Point","coordinates":[5.170904,8.038139]},"properties":{"settlement_id":"s17ttxm3dc","name":"Erinmope Ekiti","state":"Ekiti","lga":"Moba","population":191,"num_buildings":45,"dist_transmission_km":null,"solar_pv_value":1472.688,"wealth_index":NaN,"viability_score":NaN,"viability_tier":"A_highly_viable","rank_in_state":31}},{"type":"Feature","geometry":{"type":"Point","coordinates":[5.435988,7.763881]},"properties":{"settlement_id":"s17u5tq7gs","name":"Ikole","state":"Ekiti","lga":"Ikole","population":102,"num_buildings":24,"dist_transmission_km":3.36,"solar_pv_value":1453.33,"wealth_index":NaN,"viability_score":NaN,"viability_tier":"A_highly_viable","rank_in_state":32}},{"type":"Feature","geometry":{"type":"Point","coordinates":[5.429884,7.802712]},"properties":{"settlement_id":"s17u7s3yj6","name":"Osin-Ikole","state":"Ekiti","lga":"Ikole","population":89,"num_buildings":21,"dist_transmission_km":null,"solar_pv_value":1462.096,"wealth_index":NaN,"viability_score":NaN,"viability_tier":"A_highly_viable","rank_in_state":33}},{"type":"Feature","geometry":{"type":"Point","coordinates":[5.343573,7.843787]},"properties":{"settlement_id":"s17u9egj67","name":"Itaji\r","state":"Ekiti","lga":"Oye","population":111,"num_buildings":26,"dist_transmission_km":0.03,"solar_pv_value":1465.018,"wealth_index":NaN,"viability_score":NaN,"viability_tier":"A_highly_viable","rank_in_state":34}},{"type":"Feature","geometry":{"type":"Point","coordinates":[5.448733,7.825254]},"properties":{"settlement_id":"s17uebx9kt","name":"Ikole","state":"Ekiti","lga":"Ikole","population":149,"num_buildings":35,"dist_transmission_km":3.01,"solar_pv_value":1463.192,"wealth_index":NaN,"viability_score":NaN,"viability_tier":"A_highly_viable","rank_in_state":35}},{"type":"Feature","geometry":{"type":"Point","coordinates":[5.429382,7.909055]},"properties":{"settlement_id":"s17ugxc99f","name":"Itapaji","state":"Ekiti","lga":"Ikole","population":259,"num_buildings":61,"dist_transmission_km":null,"solar_pv_value":1470.862,"wealth_index":NaN,"viability_score":NaN,"viability_tier":"A_highly_viable","rank_in_state":36}},{"type":"Feature","geometry":{"type":"Point","coordinates":[5.451256,7.758387]},"properties":{"settlement_id":"s17uhh37zk","name":"Ikole","state":"Ekiti","lga":"Ikole","population":370,"num_buildings":87,"dist_transmission_km":3.67,"solar_pv_value":1454.06,"wealth_index":NaN,"viability_score":NaN,"viability_tier":"A_highly_viable","rank_in_state":37}},{"type":"Feature","geometry":{"type":"Point","coordinates":[5.449439,7.870838]},"properties":{"settlement_id":"s17uu0b4vn","name":"Odo Oro","state":"Ekiti","lga":"Ikole","population":102,"num_buildings":24,"dist_transmission_km":4.08,"solar_pv_value":1467.209,"wealth_index":NaN,"viability_score":NaN,"viability_tier":"A_highly_viable","rank_in_state":38}},{"type":"Feature","geometry":{"type":"Point","coordinates":[5.462515,7.872985]},"properties":{"settlement_id":"s17uu31xmy","name":"Location #123056","state":"Ekiti","lga":"Ikole","population":111,"num_buildings":26,"dist_transmission_km":5.32,"solar_pv_value":1468.305,"wealth_index":NaN,"viability_score":NaN,"viability_tier":"A_highly_viable","rank_in_state":39}},{"type":"Feature","geometry":{"type":"Point","coordinates":[5.47869,7.878214]},"properties":{"settlement_id":"s17uudjmyt","name":"Location #105401","state":"Ekiti","lga":"Ikole","population":140,"num_buildings":33,"dist_transmission_km":5.2,"solar_pv_value":1472.323,"wealth_index":NaN,"viability_score":NaN,"viability_tier":"A_highly_viable","rank_in_state":40}},{"type":"Feature","geometry":{"type":"Point","coordinates":[5.480329,7.886589]},"properties":{"settlement_id":"s17uuewwsy","name":"Odo Oro","state":"Ekiti","lga":"Ikole","population":327,"num_buildings":77,"dist_transmission_km":4.23,"solar_pv_value":1474.514,"wealth_index":NaN,"viability_score":NaN,"viability_tier":"A_highly_viable","rank_in_state":41}},{"type":"Feature","geometry":{"type":"Point","coordinates":[5.485145,7.881858]},"properties":{"settlement_id":"s17uuff5jh","name":"Location #95706","state":"Ekiti","lga":"Ikole","population":157,"num_buildings":37,"dist_transmission_km":4.94,"solar_pv_value":1474.149,"wealth_index":NaN,"viability_score":NaN,"viability_tier":"A_highly_viable","rank_in_state":42}},{"type":"Feature","geometry":{"type":"Point","coordinates":[5.515184,7.869155]},"properties":{"settlement_id":"s17uv8811h","name":"Oke Igbira\r","state":"Ekiti","lga":"Ikole","population":128,"num_buildings":30,"dist_transmission_km":4.41,"solar_pv_value":1473.053,"wealth_index":NaN,"viability_score":NaN,"viability_tier":"A_highly_viable","rank_in_state":43}},{"type":"Feature","geometry":{"type":"Point","coordinates":[5.274934,7.913062]},"properties":{"settlement_id":"s17v0090fv","name":"Location #141504","state":"Ekiti","lga":"Oye","population":89,"num_buildings":21,"dist_transmission_km":2.1,"solar_pv_value":1459.904,"wealth_index":NaN,"viability_score":NaN,"viability_tier":"A_highly_viable","rank_in_state":44}},{"type":"Feature","geometry":{"type":"Point","coordinates":[5.400994,7.92118]},"properties":{"settlement_id":"s17v4fhbhq","name":"Location #58165","state":"Ekiti","lga":"Oye","population":310,"num_buildings":73,"dist_transmission_km":3.01,"solar_pv_value":1471.958,"wealth_index":NaN,"viability_score":NaN,"viability_tier":"A_highly_viable","rank_in_state":45}},{"type":"Feature","geometry":{"type":"Point","coordinates":[5.411605,7.936236]},"properties":{"settlement_id":"s17v5hsxgt","name":"Location #72640","state":"Ekiti","lga":"Oye","population":230,"num_buildings":54,"dist_transmission_km":2.12,"solar_pv_value":1473.053,"wealth_index":NaN,"viability_score":NaN,"viability_tier":"A_highly_viable","rank_in_state":46}},{"type":"Feature","geometry":{"type":"Point","coordinates":[5.416927,7.934022]},"properties":{"settlement_id":"s17v5k27p8","name":"Location #88583","state":"Ekiti","lga":"Oye","population":179,"num_buildings":42,"dist_transmission_km":2.69,"solar_pv_value":1473.053,"wealth_index":NaN,"viability_score":NaN,"viability_tier":"A_highly_viable","rank_in_state":47}},{"type":"Feature","geometry":{"type":"Point","coordinates":[5.406321,7.984344]},"properties":{"settlement_id":"s17v7j8b0m","name":"Location #125662","state":"Ekiti","lga":"Oye","population":106,"num_buildings":25,"dist_transmission_km":2.68,"solar_pv_value":1466.844,"wealth_index":NaN,"viability_score":NaN,"viability_tier":"A_highly_viable","rank_in_state":48}},{"type":"Feature","geometry":{"type":"Point","coordinates":[5.375073,8.008945]},"properties":{"settlement_id":"s17vd3fp2r","name":"Location #118249","state":"Ekiti","lga":"Oye","population":119,"num_buildings":28,"dist_transmission_km":5.62,"solar_pv_value":1465.018,"wealth_index":NaN,"viability_score":NaN,"viability_tier":"A_highly_viable","rank_in_state":49}},{"type":"Feature","geometry":{"type":"Point","coordinates":[5.385468,8.019172]},"properties":{"settlement_id":"s17vdece46","name":"Location #127865","state":"Ekiti","lga":"Ikole","population":106,"num_buildings":25,"dist_transmission_km":5.95,"solar_pv_value":1464.653,"wealth_index":NaN,"viability_score":NaN,"viability_tier":"A_highly_viable","rank_in_state":50}},{"type":"Feature","geometry":{"type":"Point","coordinates":[6.943665,6.750011]},"properties":{"settlement_id":"s1hyqhb1xj","name":"Location #17465","state":"Enugu","lga":"Uzo-Uwani","population":1221,"num_buildings":287,"dist_transmission_km":null,"solar_pv_value":1362.748,"wealth_index":NaN,"viability_score":NaN,"viability_tier":"A_highly_viable","rank_in_state":1}},{"type":"Feature","geometry":{"type":"Point","coordinates":[6.949693,6.785865]},"properties":{"settlement_id":"s1hyw5kde8","name":"Ogurugu","state":"Enugu","lga":"Uzo-Uwani","population":5201,"num_buildings":1223,"dist_transmission_km":null,"solar_pv_value":1365.67,"wealth_index":NaN,"viability_score":NaN,"viability_tier":"A_highly_viable","rank_in_state":2}},{"type":"Feature","geometry":{"type":"Point","coordinates":[7.266697,6.116272]},"properties":{"settlement_id":"s1j4v37my7","name":"Agbaliji","state":"Enugu","lga":"Oji-River","population":485,"num_buildings":114,"dist_transmission_km":null,"solar_pv_value":1346.312,"wealth_index":NaN,"viability_score":NaN,"viability_tier":"A_highly_viable","rank_in_state":3}},{"type":"Feature","geometry":{"type":"Point","coordinates":[7.296548,6.221984]},"properties":{"settlement_id":"s1j5qh9jtv","name":"Ohali-Achi","state":"Enugu","lga":"Oji-River","population":115,"num_buildings":27,"dist_transmission_km":null,"solar_pv_value":1347.407,"wealth_index":NaN,"viability_score":NaN,"viability_tier":"A_highly_viable","rank_in_state":4}},{"type":"Feature","geometry":{"type":"Point","coordinates":[7.250277,6.270305]},"properties":{"settlement_id":"s1j5svrrpt","name":"Location #62805","state":"Enugu","lga":"Oji-River","population":281,"num_buildings":66,"dist_transmission_km":null,"solar_pv_value":1345.216,"wealth_index":NaN,"viability_score":NaN,"viability_tier":"A_highly_viable","rank_in_state":5}},{"type":"Feature","geometry":{"type":"Point","coordinates":[7.264982,6.272058]},"properties":{"settlement_id":"s1j5tmf1qk","name":"Location #111022","state":"Enugu","lga":"Udi","population":128,"num_buildings":30,"dist_transmission_km":0.03,"solar_pv_value":1346.312,"wealth_index":NaN,"viability_score":NaN,"viability_tier":"A_highly_viable","rank_in_state":6}},{"type":"Feature","geometry":{"type":"Point","coordinates":[7.515471,6.191329]},"properties":{"settlement_id":"s1j75p0e55","name":"Umuoye","state":"Enugu","lga":"Awgu","population":166,"num_buildings":39,"dist_transmission_km":0.37,"solar_pv_value":1364.574,"wealth_index":NaN,"viability_score":NaN,"viability_tier":"A_highly_viable","rank_in_state":7}},{"type":"Feature","geometry":{"type":"Point","coordinates":[7.584063,6.177436]},"properties":{"settlement_id":"s1j7hsdd1m","name":"Location #33643","state":"Enugu","lga":"Nkanu East","population":707,"num_buildings":143,"dist_transmission_km":0.64,"solar_pv_value":1378.088,"wealth_index":NaN,"viability_score":NaN,"viability_tier":"A_highly_viable","rank_in_state":8}},{"type":"Feature","geometry":{"type":"Point","coordinates":[7.593282,6.176439]},"properties":{"settlement_id":"s1j7hu3k27","name":"Location #115675","state":"Enugu","lga":"Nkanu East","population":143,"num_buildings":29,"dist_transmission_km":0.4,"solar_pv_value":1379.184,"wealth_index":NaN,"viability_score":NaN,"viability_tier":"A_highly_viable","rank_in_state":9}},{"type":"Feature","geometry":{"type":"Point","coordinates":[7.062891,6.485487]},"properties":{"settlement_id":"s1jhbsxh9q","name":"Location #30268","state":"Enugu","lga":"Uzo-Uwani","population":797,"num_buildings":161,"dist_transmission_km":0.3,"solar_pv_value":1360.556,"wealth_index":NaN,"viability_score":NaN,"viability_tier":"A_highly_viable","rank_in_state":10}},{"type":"Feature","geometry":{"type":"Point","coordinates":[7.365064,6.399916]},"properties":{"settlement_id":"s1jhrt544q","name":"Location #93145","state":"Enugu","lga":"Ezeagu","population":168,"num_buildings":39,"dist_transmission_km":0.84,"solar_pv_value":1370.418,"wealth_index":NaN,"viability_score":NaN,"viability_tier":"A_highly_viable","rank_in_state":11}},{"type":"Feature","geometry":{"type":"Point","coordinates":[7.263633,6.485439]},"properties":{"settlement_id":"s1jhvk9hqv","name":"Location #72647","state":"Enugu","lga":"Ezeagu","population":230,"num_buildings":54,"dist_transmission_km":0.29,"solar_pv_value":1349.234,"wealth_index":NaN,"viability_score":NaN,"viability_tier":"A_highly_viable","rank_in_state":12}},{"type":"Feature","geometry":{"type":"Point","coordinates":[7.124384,6.508714]},"properties":{"settlement_id":"s1jj40gu40","name":"Location #27053","state":"Enugu","lga":"Uzo-Uwani","population":774,"num_buildings":182,"dist_transmission_km":0.7,"solar_pv_value":1352.886,"wealth_index":NaN,"viability_score":NaN,"viability_tier":"A_highly_viable","rank_in_state":13}},{"type":"Feature","geometry":{"type":"Point","coordinates":[7.434852,6.530072]},"properties":{"settlement_id":"s1jm1hvbkt","name":"Location #47709","state":"Enugu","lga":"Udi","population":400,"num_buildings":94,"dist_transmission_km":1.93,"solar_pv_value":1413.152,"wealth_index":NaN,"viability_score":NaN,"viability_tier":"A_highly_viable","rank_in_state":14}},{"type":"Feature","geometry":{"type":"Point","coordinates":[7.50638,6.571799]},"properties":{"settlement_id":"s1jm6u3gx2","name":"Location #85120","state":"Enugu","lga":"Enugu East","population":187,"num_buildings":44,"dist_transmission_km":2.63,"solar_pv_value":1395.255,"wealth_index":NaN,"viability_score":NaN,"viability_tier":"A_highly_viable","rank_in_state":15}},{"type":"Feature","geometry":{"type":"Point","coordinates":[7.494352,6.649466]},"properties":{"settlement_id":"s1jmfd3pzn","name":"Location #149014","state":"Enugu","lga":"Igbo-Etiti","population":85,"num_buildings":20,"dist_transmission_km":4.94,"solar_pv_value":1400.368,"wealth_index":NaN,"viability_score":NaN,"viability_tier":"A_highly_viable","rank_in_state":16}},{"type":"Feature","geometry":{"type":"Point","coordinates":[7.711951,6.615354]},"properties":{"settlement_id":"s1jmxkr9jr","name":"Obogu\r","state":"Enugu","lga":"Isi-Uzo","population":332,"num_buildings":78,"dist_transmission_km":1.87,"solar_pv_value":1405.482,"wealth_index":NaN,"viability_score":NaN,"viability_tier":"A_highly_viable","rank_in_state":17}},{"type":"Feature","geometry":{"type":"Point","coordinates":[7.060304,6.705913]},"properties":{"settlement_id":"s1jn0sv0v0","name":"Location #48977","state":"Enugu","lga":"Uzo-Uwani","population":387,"num_buildings":91,"dist_transmission_km":1.8,"solar_pv_value":1360.922,"wealth_index":NaN,"viability_score":NaN,"viability_tier":"A_highly_viable","rank_in_state":18}},{"type":"Feature","geometry":{"type":"Point","coordinates":[7.111421,6.816108]},"properties":{"settlement_id":"s1jncbf6sn","name":"Location #72460","state":"Enugu","lga":"Uzo-Uwani","population":234,"num_buildings":55,"dist_transmission_km":0.76,"solar_pv_value":1356.904,"wealth_index":NaN,"viability_score":NaN,"viability_tier":"A_highly_viable","rank_in_state":19}},{"type":"Feature","geometry":{"type":"Point","coordinates":[7.790315,6.665788]},"properties":{"settlement_id":"s1jtcm2xp2","name":"Location #74555","state":"Enugu","lga":"Isi-Uzo","population":225,"num_buildings":53,"dist_transmission_km":0.63,"solar_pv_value":1410.961,"wealth_index":NaN,"viability_score":NaN,"viability_tier":"A_highly_viable","rank_in_state":20}},{"type":"Feature","geometry":{"type":"Point","coordinates":[6.781416,8.513154]},"properties":{"settlement_id":"s1sb6mf0dq","name":"Location #139602","state":"Fct","lga":"Abaji","population":94,"num_buildings":22,"dist_transmission_km":6.49,"solar_pv_value":1452.234,"wealth_index":NaN,"viability_score":NaN,"viability_tier":"A_highly_viable","rank_in_state":1}},{"type":"Feature","geometry":{"type":"Point","coordinates":[6.795934,8.508657]},"properties":{"settlement_id":"s1sb6suws8","name":"Location #128432","state":"Fct","lga":"Abaji","population":106,"num_buildings":25,"dist_transmission_km":6.08,"solar_pv_value":1456.982,"wealth_index":NaN,"viability_score":NaN,"viability_tier":"A_highly_viable","rank_in_state":2}},{"type":"Feature","geometry":{"type":"Point","coordinates":[6.830392,8.658714]},"properties":{"settlement_id":"s1sc72m8xt","name":"Location #141652","state":"Fct","lga":"Kwali","population":89,"num_buildings":21,"dist_transmission_km":5.9,"solar_pv_value":1469.401,"wealth_index":NaN,"viability_score":NaN,"viability_tier":"A_highly_viable","rank_in_state":3}},{"type":"Feature","geometry":{"type":"Point","coordinates":[6.833414,8.758125]},"properties":{"settlement_id":"s1scg6rgy0","name":"Location #103822","state":"Fct","lga":"Kwali","population":140,"num_buildings":33,"dist_transmission_km":12.89,"solar_pv_value":1471.227,"wealth_index":NaN,"viability_score":NaN,"viability_tier":"A_highly_viable","rank_in_state":4}},{"type":"Feature","geometry":{"type":"Point","coordinates":[6.835796,8.749693]},"properties":{"settlement_id":"s1scg8cdts","name":"Location #152446","state":"Fct","lga":"Kwali","population":81,"num_buildings":19,"dist_transmission_km":12.32,"solar_pv_value":1469.035,"wealth_index":NaN,"viability_score":NaN,"viability_tier":"A_highly_viable","rank_in_state":5}},{"type":"Feature","geometry":{"type":"Point","coordinates":[6.860389,8.645396]},"properties":{"settlement_id":"s1schjge4d","name":"Location #71781","state":"Fct","lga":"Kwali","population":234,"num_buildings":55,"dist_transmission_km":6.6,"solar_pv_value":1471.227,"wealth_index":NaN,"viability_score":NaN,"viability_tier":"A_highly_viable","rank_in_state":6}},{"type":"Feature","geometry":{"type":"Point","coordinates":[6.865492,8.685878]},"properties":{"settlement_id":"s1sckjpqct","name":"Location #48484","state":"Fct","lga":"Kwali","population":391,"num_buildings":92,"dist_transmission_km":6.77,"solar_pv_value":1471.958,"wealth_index":NaN,"viability_score":NaN,"viability_tier":"A_highly_viable","rank_in_state":7}},{"type":"Feature","geometry":{"type":"Point","coordinates":[6.896865,8.744088]},"properties":{"settlement_id":"s1scszy4h8","name":"Location #118864","state":"Fct","lga":"Kwali","population":119,"num_buildings":28,"dist_transmission_km":6.19,"solar_pv_value":1469.035,"wealth_index":NaN,"viability_score":NaN,"viability_tier":"A_highly_viable","rank_in_state":8}},{"type":"Feature","geometry":{"type":"Point","coordinates":[6.93179,8.749736]},"properties":{"settlement_id":"s1scv8zdfm","name":"Location #112907","state":"Fct","lga":"Kwali","population":128,"num_buildings":30,"dist_transmission_km":3.63,"solar_pv_value":1471.958,"wealth_index":NaN,"viability_score":NaN,"viability_tier":"A_highly_viable","rank_in_state":9}},{"type":"Feature","geometry":{"type":"Point","coordinates":[6.839363,8.890251]},"properties":{"settlement_id":"s1sfedkm2w","name":"Location #119716","state":"Fct","lga":"Abaji","population":115,"num_buildings":27,"dist_transmission_km":10.9,"solar_pv_value":1474.149,"wealth_index":NaN,"viability_score":NaN,"viability_tier":"A_highly_viable","rank_in_state":10}},{"type":"Feature","geometry":{"type":"Point","coordinates":[6.897104,8.850558]},"properties":{"settlement_id":"s1sfkgnq4p","name":"Location #130899","state":"Fct","lga":"Kwali","population":102,"num_buildings":24,"dist_transmission_km":8.65,"solar_pv_value":1475.61,"wealth_index":NaN,"viability_score":NaN,"viability_tier":"A_highly_viable","rank_in_state":11}},{"type":"Feature","geometry":{"type":"Point","coordinates":[6.89603,9.000887]},"properties":{"settlement_id":"s1sghyt9cn","name":"Location #76815","state":"Fct","lga":"Gwagwalada","population":217,"num_buildings":51,"dist_transmission_km":1.73,"solar_pv_value":1478.167,"wealth_index":NaN,"viability_score":NaN,"viability_tier":"A_highly_viable","rank_in_state":12}},{"type":"Feature","geometry":{"type":"Point","coordinates":[7.03083,9.039146]},"properties":{"settlement_id":"s1sgrvx8y4","name":"Location #113655","state":"Fct","lga":"Gwagwalada","population":123,"num_buildings":29,"dist_transmission_km":1.24,"solar_pv_value":1486.568,"wealth_index":NaN,"viability_score":NaN,"viability_tier":"A_highly_viable","rank_in_state":13}},{"type":"Feature","geometry":{"type":"Point","coordinates":[6.919525,9.109992]},"properties":{"settlement_id":"s1sgv6qts9","name":"Location #48510","state":"Fct","lga":"Gwagwalada","population":391,"num_buildings":92,"dist_transmission_km":9.96,"solar_pv_value":1483.645,"wealth_index":NaN,"viability_score":NaN,"viability_tier":"A_highly_viable","rank_in_state":14}},{"type":"Feature","geometry":{"type":"Point","coordinates":[7.001856,9.18652]},"properties":{"settlement_id":"s1sur26e75","name":"Location #126399","state":"Fct","lga":"Gwagwalada","population":106,"num_buildings":25,"dist_transmission_km":6.15,"solar_pv_value":1491.316,"wealth_index":NaN,"viability_score":NaN,"viability_tier":"A_highly_viable","rank_in_state":15}},{"type":"Feature","geometry":{"type":"Point","coordinates":[7.050958,8.604746]},"properties":{"settlement_id":"s1t0bqqq70","name":"Location #61135","state":"Fct","lga":"Kuje","population":289,"num_buildings":68,"dist_transmission_km":6.7,"solar_pv_value":1456.982,"wealth_index":NaN,"viability_score":NaN,"viability_tier":"A_highly_viable","rank_in_state":16}},{"type":"Feature","geometry":{"type":"Point","coordinates":[7.155273,8.555466]},"properties":{"settlement_id":"s1t0dv6r1y","name":"Zagabutu","state":"Fct","lga":"Kuje","population":476,"num_buildings":112,"dist_transmission_km":5.69,"solar_pv_value":1457.348,"wealth_index":NaN,"viability_score":NaN,"viability_tier":"A_highly_viable","rank_in_state":17}},{"type":"Feature","geometry":{"type":"Point","coordinates":[7.240982,8.490466]},"properties":{"settlement_id":"s1t0kc8sx1","name":"Zagabutu","state":"Fct","lga":"Kuje","population":702,"num_buildings":165,"dist_transmission_km":6.58,"solar_pv_value":1454.06,"wealth_index":NaN,"viability_score":NaN,"viability_tier":"A_highly_viable","rank_in_state":18}},{"type":"Feature","geometry":{"type":"Point","coordinates":[7.211758,8.513299]},"properties":{"settlement_id":"s1t0kjg3w1","name":"Location #28601","state":"Fct","lga":"Kuje","population":727,"num_buildings":171,"dist_transmission_km":9.88,"solar_pv_value":1451.138,"wealth_index":NaN,"viability_score":NaN,"viability_tier":"A_highly_viable","rank_in_state":19}},{"type":"Feature","geometry":{"type":"Point","coordinates":[7.319215,8.578787]},"properties":{"settlement_id":"s1t0y99xn1","name":"Location #55413","state":"Fct","lga":"Kuje","population":332,"num_buildings":78,"dist_transmission_km":9.4,"solar_pv_value":1467.94,"wealth_index":NaN,"viability_score":NaN,"viability_tier":"A_highly_viable","rank_in_state":20}},{"type":"Feature","geometry":{"type":"Point","coordinates":[7.036981,8.762798]},"properties":{"settlement_id":"s1t1b5hnvx","name":"Reda\r","state":"Fct","lga":"Kwali","population":85,"num_buildings":20,"dist_transmission_km":3.81,"solar_pv_value":1476.706,"wealth_index":NaN,"viability_score":NaN,"viability_tier":"A_highly_viable","rank_in_state":21}},{"type":"Feature","geometry":{"type":"Point","coordinates":[7.282897,8.640321]},"properties":{"settlement_id":"s1t1jszjxb","name":"Location #82488","state":"Fct","lga":"Kuje","population":196,"num_buildings":46,"dist_transmission_km":17.22,"solar_pv_value":1459.904,"wealth_index":NaN,"viability_score":NaN,"viability_tier":"A_highly_viable","rank_in_state":22}},{"type":"Feature","geometry":{"type":"Point","coordinates":[7.325787,8.621945]},"properties":{"settlement_id":"s1t1n9w6rp","name":"Location #37268","state":"Fct","lga":"Kuje","population":540,"num_buildings":127,"dist_transmission_km":13.87,"solar_pv_value":1462.096,"wealth_index":NaN,"viability_score":NaN,"viability_tier":"A_highly_viable","rank_in_state":23}},{"type":"Feature","geometry":{"type":"Point","coordinates":[7.374131,8.640487]},"properties":{"settlement_id":"s1t1pucwmx","name":"Tagwar","state":"Fct","lga":"Kuje","population":731,"num_buildings":172,"dist_transmission_km":15.12,"solar_pv_value":1469.035,"wealth_index":NaN,"viability_score":NaN,"viability_tier":"A_highly_viable","rank_in_state":24}},{"type":"Feature","geometry":{"type":"Point","coordinates":[7.374064,8.732066]},"properties":{"settlement_id":"s1t1xv9eup","name":"Kuje","state":"Fct","lga":"Kuje","population":213,"num_buildings":50,"dist_transmission_km":9.91,"solar_pv_value":1488.759,"wealth_index":NaN,"viability_score":NaN,"viability_tier":"A_highly_viable","rank_in_state":25}},{"type":"Feature","geometry":{"type":"Point","coordinates":[7.475251,8.664235]},"properties":{"settlement_id":"s1t36172cf","name":"Location #124987","state":"Fct","lga":"Abuja Municipal","population":111,"num_buildings":26,"dist_transmission_km":18.44,"solar_pv_value":1503.004,"wealth_index":NaN,"viability_score":NaN,"viability_tier":"A_highly_viable","rank_in_state":26}},{"type":"Feature","geometry":{"type":"Point","coordinates":[7.437532,8.706783]},"properties":{"settlement_id":"s1t391pbej","name":"Gazarago","state":"Fct","lga":"Abuja Municipal","population":94,"num_buildings":22,"dist_transmission_km":15.8,"solar_pv_value":1488.394,"wealth_index":NaN,"viability_score":NaN,"viability_tier":"A_highly_viable","rank_in_state":27}},{"type":"Feature","geometry":{"type":"Point","coordinates":[7.038909,9.037126]},"properties":{"settlement_id":"s1t52jjt46","name":"Location #132142","state":"Fct","lga":"Gwagwalada","population":102,"num_buildings":24,"dist_transmission_km":0.42,"solar_pv_value":1486.202,"wealth_index":NaN,"viability_score":NaN,"viability_tier":"A_highly_viable","rank_in_state":28}},{"type":"Feature","geometry":{"type":"Point","coordinates":[7.453406,8.831216]},"properties":{"settlement_id":"s1t61xemsc","name":"Location #117367","state":"Fct","lga":"Abuja Municipal","population":119,"num_buildings":28,"dist_transmission_km":10.7,"solar_pv_value":1494.238,"wealth_index":NaN,"viability_score":NaN,"viability_tier":"A_highly_viable","rank_in_state":29}},{"type":"Feature","geometry":{"type":"Point","coordinates":[7.513407,8.817467]},"properties":{"settlement_id":"s1t64vpj7n","name":"Location #116881","state":"Fct","lga":"Abuja Municipal","population":119,"num_buildings":28,"dist_transmission_km":4.74,"solar_pv_value":1507.022,"wealth_index":NaN,"viability_score":NaN,"viability_tier":"A_highly_viable","rank_in_state":30}},{"type":"Feature","geometry":{"type":"Point","coordinates":[7.547201,8.846555]},"properties":{"settlement_id":"s1t67drwyt","name":"Location #71304","state":"Fct","lga":"Abuja Municipal","population":238,"num_buildings":56,"dist_transmission_km":2.96,"solar_pv_value":1499.351,"wealth_index":NaN,"viability_score":NaN,"viability_tier":"A_highly_viable","rank_in_state":31}},{"type":"Feature","geometry":{"type":"Point","coordinates":[7.55647,9.17637]},"properties":{"settlement_id":"s1tk5yw2nx","name":"Location #128174","state":"Fct","lga":"Bwari","population":106,"num_buildings":25,"dist_transmission_km":5.49,"solar_pv_value":1549.025,"wealth_index":NaN,"viability_score":NaN,"viability_tier":"A_highly_viable","rank_in_state":32}},{"type":"Feature","geometry":{"type":"Point","coordinates":[7.526895,9.256145]},"properties":{"settlement_id":"s1tkem0bvq","name":"Share","state":"Fct","lga":"Bwari","population":187,"num_buildings":44,"dist_transmission_km":8.53,"solar_pv_value":1550.121,"wealth_index":NaN,"viability_score":NaN,"viability_tier":"A_highly_viable","rank_in_state":33}},{"type":"Feature","geometry":{"type":"Point","coordinates":[7.512819,9.277909]},"properties":{"settlement_id":"s1tkfbyxtr","name":"Location #78388","state":"Fct","lga":"Bwari","population":208,"num_buildings":49,"dist_transmission_km":9.89,"solar_pv_value":1546.103,"wealth_index":NaN,"viability_score":NaN,"viability_tier":"A_highly_viable","rank_in_state":34}},{"type":"Feature","geometry":{"type":"Point","coordinates":[7.579265,9.256525]},"properties":{"settlement_id":"s1tksmp51t","name":"Location #50483","state":"Fct","lga":"Bwari","population":374,"num_buildings":88,"dist_transmission_km":11.46,"solar_pv_value":1549.756,"wealth_index":NaN,"viability_score":NaN,"viability_tier":"A_highly_viable","rank_in_state":35}},{"type":"Feature","geometry":{"type":"Point","coordinates":[7.629955,9.256092]},"properties":{"settlement_id":"s1tktt5bwu","name":"Location #92505","state":"Fct","lga":"Bwari","population":166,"num_buildings":39,"dist_transmission_km":15.84,"solar_pv_value":1547.564,"wealth_index":NaN,"viability_score":NaN,"viability_tier":"A_highly_viable","rank_in_state":36}},{"type":"Feature","geometry":{"type":"Point","coordinates":[11.08164,9.690727]},"properties":{"settlement_id":"s1xzhhjksf","name":"Tudu","state":"Gombe","lga":"Billiri","population":98,"num_buildings":23,"dist_transmission_km":2.15,"solar_pv_value":1641.799,"wealth_index":NaN,"viability_score":NaN,"viability_tier":"A_highly_viable","rank_in_state":1}},{"type":"Feature","geometry":{"type":"Point","coordinates":[11.24962,9.690714]},"properties":{"settlement_id":"s1xzpupsx0","name":"Location #150014","state":"Gombe","lga":"Shomgom","population":85,"num_buildings":20,"dist_transmission_km":10.21,"solar_pv_value":1646.547,"wealth_index":NaN,"viability_score":NaN,"viability_tier":"A_highly_viable","rank_in_state":2}},{"type":"Feature","geometry":{"type":"Point","coordinates":[10.858653,10.049341]},"properties":{"settlement_id":"s1z9pj7j8u","name":"Location #36882","state":"Gombe","lga":"Akko","population":549,"num_buildings":129,"dist_transmission_km":12.58,"solar_pv_value":1679.42,"wealth_index":NaN,"viability_score":NaN,"viability_tier":"A_highly_viable","rank_in_state":3}},{"type":"Feature","geometry":{"type":"Point","coordinates":[10.962159,9.929943]},"properties":{"settlement_id":"s1zb3rwqhg","name":"Location #29459","state":"Gombe","lga":"Akko","population":706,"num_buildings":166,"dist_transmission_km":2.87,"solar_pv_value":1662.253,"wealth_index":NaN,"viability_score":NaN,"viability_tier":"A_highly_viable","rank_in_state":4}},{"type":"Feature","geometry":{"type":"Point","coordinates":[10.964614,9.934001]},"properties":{"settlement_id":"s1zb982jy0","name":"Location #116215","state":"Gombe","lga":"Akko","population":119,"num_buildings":28,"dist_transmission_km":2.46,"solar_pv_value":1664.444,"wealth_index":NaN,"viability_score":NaN,"viability_tier":"A_highly_viable","rank_in_state":5}},{"type":"Feature","geometry":{"type":"Point","coordinates":[10.984563,10.028202]},"properties":{"settlement_id":"s1zc1cwdwb","name":"Location #54534","state":"Gombe","lga":"Akko","population":336,"num_buildings":79,"dist_transmission_km":1.97,"solar_pv_value":1679.054,"wealth_index":NaN,"viability_score":NaN,"viability_tier":"A_highly_viable","rank_in_state":6}},{"type":"Feature","geometry":{"type":"Point","coordinates":[10.98054,10.137128]},"properties":{"settlement_id":"s1zc9v7v11","name":"Location #93073","state":"Gombe","lga":"Akko","population":166,"num_buildings":39,"dist_transmission_km":8.8,"solar_pv_value":1671.019,"wealth_index":NaN,"viability_score":NaN,"viability_tier":"A_highly_viable","rank_in_state":7}},{"type":"Feature","geometry":{"type":"Point","coordinates":[11.085023,10.050096]},"properties":{"settlement_id":"s1zchjxf5c","name":"Location #150169","state":"Gombe","lga":"Akko","population":85,"num_buildings":20,"dist_transmission_km":7.22,"solar_pv_value":1692.934,"wealth_index":NaN,"viability_score":NaN,"viability_tier":"A_highly_viable","rank_in_state":8}},{"type":"Feature","geometry":{"type":"Point","coordinates":[11.087002,10.052417]},"properties":{"settlement_id":"s1zchmcr9f","name":"Location #138212","state":"Gombe","lga":"Akko","population":94,"num_buildings":22,"dist_transmission_km":6.87,"solar_pv_value":1692.934,"wealth_index":NaN,"viability_score":NaN,"viability_tier":"A_highly_viable","rank_in_state":9}},{"type":"Feature","geometry":{"type":"Point","coordinates":[10.869711,10.268227]},"properties":{"settlement_id":"s1zdrm70f8","name":"Location #24176","state":"Gombe","lga":"Akko","population":876,"num_buildings":206,"dist_transmission_km":5.35,"solar_pv_value":1683.802,"wealth_index":NaN,"viability_score":NaN,"viability_tier":"A_highly_viable","rank_in_state":10}},{"type":"Feature","geometry":{"type":"Point","coordinates":[10.918154,10.261551]},"properties":{"settlement_id":"s1zf2kn3g7","name":"Location #112637","state":"Gombe","lga":"Akko","population":128,"num_buildings":30,"dist_transmission_km":4.54,"solar_pv_value":1698.047,"wealth_index":NaN,"viability_score":NaN,"viability_tier":"A_highly_viable","rank_in_state":11}},{"type":"Feature","geometry":{"type":"Point","coordinates":[11.039449,10.289508]},"properties":{"settlement_id":"s1zfe1nstz","name":"Wuro Dole","state":"Gombe","lga":"Akko","population":98,"num_buildings":23,"dist_transmission_km":1.21,"solar_pv_value":1730.189,"wealth_index":NaN,"viability_score":NaN,"viability_tier":"A_highly_viable","rank_in_state":12}},{"type":"Feature","geometry":{"type":"Point","coordinates":[10.991358,10.466258]},"properties":{"settlement_id":"s1zgd17dm5","name":"Location #113685","state":"Gombe","lga":"Kwami","population":123,"num_buildings":29,"dist_transmission_km":6.91,"solar_pv_value":1707.544,"wealth_index":NaN,"viability_score":NaN,"viability_tier":"A_highly_viable","rank_in_state":13}},{"type":"Feature","geometry":{"type":"Point","coordinates":[10.872861,10.839447]},"properties":{"settlement_id":"s1ztxmm2k5","name":"Location #141987","state":"Gombe","lga":"Dukku","population":89,"num_buildings":21,"dist_transmission_km":9.26,"solar_pv_value":1700.969,"wealth_index":NaN,"viability_score":NaN,"viability_tier":"A_highly_viable","rank_in_state":14}},{"type":"Feature","geometry":{"type":"Point","coordinates":[10.954134,10.791539]},"properties":{"settlement_id":"s1zv3k893b","name":"Location #65500","state":"Gombe","lga":"Dukku","population":268,"num_buildings":63,"dist_transmission_km":11.33,"solar_pv_value":1716.31,"wealth_index":NaN,"viability_score":NaN,"viability_tier":"A_highly_viable","rank_in_state":15}},{"type":"Feature","geometry":{"type":"Point","coordinates":[10.915597,10.836615]},"properties":{"settlement_id":"s1zv8ksrzg","name":"Location #76520","state":"Gombe","lga":"Dukku","population":217,"num_buildings":51,"dist_transmission_km":12.76,"solar_pv_value":1705.352,"wealth_index":NaN,"viability_score":NaN,"viability_tier":"A_highly_viable","rank_in_state":16}},{"type":"Feature","geometry":{"type":"Point","coordinates":[10.656444,10.987758]},"properties":{"settlement_id":"s1zwd2rb34","name":"Location #50988","state":"Gombe","lga":"Dukku","population":366,"num_buildings":86,"dist_transmission_km":3.31,"solar_pv_value":1702.43,"wealth_index":NaN,"viability_score":NaN,"viability_tier":"A_highly_viable","rank_in_state":17}},{"type":"Feature","geometry":{"type":"Point","coordinates":[10.776655,11.009903]},"properties":{"settlement_id":"s1zwthr366","name":"Location #32970","state":"Gombe","lga":"Dukku","population":621,"num_buildings":146,"dist_transmission_km":2.31,"solar_pv_value":1694.76,"wealth_index":NaN,"viability_score":NaN,"viability_tier":"A_highly_viable","rank_in_state":18}},{"type":"Feature","geometry":{"type":"Point","coordinates":[10.962541,11.052044]},"properties":{"settlement_id":"s1zyc7ywvd","name":"Location #22100","state":"Gombe","lga":"Dukku","population":961,"num_buildings":226,"dist_transmission_km":21.21,"solar_pv_value":1695.491,"wealth_index":NaN,"viability_score":NaN,"viability_tier":"A_highly_viable","rank_in_state":19}},{"type":"Feature","geometry":{"type":"Point","coordinates":[10.950695,11.054972]},"properties":{"settlement_id":"s1zychqpcs","name":"Location #62217","state":"Gombe","lga":"Dukku","population":285,"num_buildings":67,"dist_transmission_km":20.31,"solar_pv_value":1695.125,"wealth_index":NaN,"viability_score":NaN,"viability_tier":"A_highly_viable","rank_in_state":20}},{"type":"Feature","geometry":{"type":"Point","coordinates":[11.038333,11.032284]},"properties":{"settlement_id":"s1zyg0mgey","name":"Location #20691","state":"Gombe","lga":"Dukku","population":1033,"num_buildings":243,"dist_transmission_km":23.04,"solar_pv_value":1698.047,"wealth_index":NaN,"viability_score":NaN,"viability_tier":"A_highly_viable","rank_in_state":21}},{"type":"Feature","geometry":{"type":"Point","coordinates":[11.125766,11.056001]},"properties":{"settlement_id":"s1zyvhttc5","name":"Location #21462","state":"Gombe","lga":"Nafada","population":995,"num_buildings":234,"dist_transmission_km":13.21,"solar_pv_value":1692.934,"wealth_index":NaN,"viability_score":NaN,"viability_tier":"A_highly_viable","rank_in_state":22}},{"type":"Feature","geometry":{"type":"Point","coordinates":[11.164452,11.208558]},"properties":{"settlement_id":"s1zzy03wwd","name":"Shoye","state":"Gombe","lga":"Nafada","population":102,"num_buildings":24,"dist_transmission_km":7.53,"solar_pv_value":1719.962,"wealth_index":NaN,"viability_score":NaN,"viability_tier":"A_highly_viable","rank_in_state":23}},{"type":"Feature","geometry":{"type":"Point","coordinates":[11.44124,9.585283]},"properties":{"settlement_id":"s38ns2gq24","name":"Balanga","state":"Gombe","lga":"Balanga","population":187,"num_buildings":44,"dist_transmission_km":11.78,"solar_pv_value":1618.423,"wealth_index":NaN,"viability_score":NaN,"viability_tier":"A_highly_viable","rank_in_state":24}},{"type":"Feature","geometry":{"type":"Point","coordinates":[11.292696,9.689971]},"properties":{"settlement_id":"s38p0up04v","name":"Location #48447","state":"Gombe","lga":"Shomgom","population":391,"num_buildings":92,"dist_transmission_km":9.36,"solar_pv_value":1649.104,"wealth_index":NaN,"viability_score":NaN,"viability_tier":"A_highly_viable","rank_in_state":25}},{"type":"Feature","geometry":{"type":"Point","coordinates":[11.589784,9.670894]},"properties":{"settlement_id":"s38pp8x3j9","name":"Mona","state":"Gombe","lga":"Balanga","population":98,"num_buildings":23,"dist_transmission_km":4.46,"solar_pv_value":1635.224,"wealth_index":NaN,"viability_score":NaN,"viability_tier":"A_highly_viable","rank_in_state":26}},{"type":"Feature","geometry":{"type":"Point","coordinates":[11.489796,9.798251]},"properties":{"settlement_id":"s38ptrwwgw","name":"Tula Yiri","state":"Gombe","lga":"Kaltungo","population":629,"num_buildings":148,"dist_transmission_km":3.99,"solar_pv_value":1677.958,"wealth_index":NaN,"viability_score":NaN,"viability_tier":"A_highly_viable","rank_in_state":27}},{"type":"Feature","geometry":{"type":"Point","coordinates":[11.481977,9.799903]},"properties":{"settlement_id":"s38pv20bt6","name":"Tula Yiri","state":"Gombe","lga":"Kaltungo","population":157,"num_buildings":37,"dist_transmission_km":3.32,"solar_pv_value":1665.54,"wealth_index":NaN,"viability_score":NaN,"viability_tier":"A_highly_viable","rank_in_state":28}},{"type":"Feature","geometry":{"type":"Point","coordinates":[11.737283,9.711782]},"properties":{"settlement_id":"s38r5pfz4x","name":"Chum","state":"Gombe","lga":"Balanga","population":115,"num_buildings":27,"dist_transmission_km":0.05,"solar_pv_value":1669.192,"wealth_index":NaN,"viability_score":NaN,"viability_tier":"A_highly_viable","rank_in_state":29}},{"type":"Feature","geometry":{"type":"Point","coordinates":[11.364147,9.887176]},"properties":{"settlement_id":"s3b04xghgz","name":"Kamo","state":"Gombe","lga":"Kaltungo","population":153,"num_buildings":36,"dist_transmission_km":5.84,"solar_pv_value":1663.714,"wealth_index":NaN,"viability_score":NaN,"viability_tier":"A_highly_viable","rank_in_state":30}},{"type":"Feature","geometry":{"type":"Point","coordinates":[11.536153,9.885353]},"properties":{"settlement_id":"s3b0nx867g","name":"Location #115318","state":"Gombe","lga":"Kaltungo","population":123,"num_buildings":29,"dist_transmission_km":5.96,"solar_pv_value":1666.636,"wealth_index":NaN,"viability_score":NaN,"viability_tier":"A_highly_viable","rank_in_state":31}},{"type":"Feature","geometry":{"type":"Point","coordinates":[11.277599,10.052941]},"properties":{"settlement_id":"s3b10wh4eh","name":"Location #7242","state":"Gombe","lga":"Akko","population":2811,"num_buildings":661,"dist_transmission_km":6.73,"solar_pv_value":1676.863,"wealth_index":NaN,"viability_score":NaN,"viability_tier":"A_highly_viable","rank_in_state":32}},{"type":"Feature","geometry":{"type":"Point","coordinates":[11.283164,10.053574]},"properties":{"settlement_id":"s3b10y0nkf","name":"Location #63261","state":"Gombe","lga":"Akko","population":281,"num_buildings":66,"dist_transmission_km":7.48,"solar_pv_value":1676.863,"wealth_index":NaN,"viability_score":NaN,"viability_tier":"A_highly_viable","rank_in_state":33}},{"type":"Feature","geometry":{"type":"Point","coordinates":[11.350985,10.069173]},"properties":{"settlement_id":"s3b163191j","name":"Location #84292","state":"Gombe","lga":"Akko","population":191,"num_buildings":45,"dist_transmission_km":9.89,"solar_pv_value":1674.671,"wealth_index":NaN,"viability_score":NaN,"viability_tier":"A_highly_viable","rank_in_state":34}},{"type":"Feature","geometry":{"type":"Point","coordinates":[11.352707,10.077284]},"properties":{"settlement_id":"s3b166db3j","name":"Location #77062","state":"Gombe","lga":"Yamaltu/Deba","population":213,"num_buildings":50,"dist_transmission_km":8.95,"solar_pv_value":1675.036,"wealth_index":NaN,"viability_score":NaN,"viability_tier":"A_highly_viable","rank_in_state":35}},{"type":"Feature","geometry":{"type":"Point","coordinates":[11.355833,10.080225]},"properties":{"settlement_id":"s3b167j1d4","name":"Location #149708","state":"Gombe","lga":"Yamaltu/Deba","population":85,"num_buildings":20,"dist_transmission_km":8.58,"solar_pv_value":1675.036,"wealth_index":NaN,"viability_score":NaN,"viability_tier":"A_highly_viable","rank_in_state":36}},{"type":"Feature","geometry":{"type":"Point","coordinates":[11.401425,10.097276]},"properties":{"settlement_id":"s3b17qnkbk","name":"Location #80217","state":"Gombe","lga":"Yamaltu/Deba","population":204,"num_buildings":48,"dist_transmission_km":5.07,"solar_pv_value":1675.402,"wealth_index":NaN,"viability_score":NaN,"viability_tier":"A_highly_viable","rank_in_state":37}},{"type":"Feature","geometry":{"type":"Point","coordinates":[11.404599,10.097699]},"properties":{"settlement_id":"s3b17w0x67","name":"Location #129043","state":"Gombe","lga":"Yamaltu/Deba","population":106,"num_buildings":25,"dist_transmission_km":4.98,"solar_pv_value":1675.402,"wealth_index":NaN,"viability_score":NaN,"viability_tier":"A_highly_viable","rank_in_state":38}},{"type":"Feature","geometry":{"type":"Point","coordinates":[11.439445,10.117263]},"properties":{"settlement_id":"s3b1s3ccq6","name":"LANO","state":"Gombe","lga":"Yamaltu/Deba","population":111,"num_buildings":26,"dist_transmission_km":3.72,"solar_pv_value":1672.48,"wealth_index":NaN,"viability_score":NaN,"viability_tier":"A_highly_viable","rank_in_state":39}},{"type":"Feature","geometry":{"type":"Point","coordinates":[11.722625,9.927748]},"properties":{"settlement_id":"s3b26z21kf","name":"Dala Waja","state":"Gombe","lga":"Balanga","population":89,"num_buildings":21,"dist_transmission_km":11.12,"solar_pv_value":1658.6,"wealth_index":NaN,"viability_score":NaN,"viability_tier":"A_highly_viable","rank_in_state":40}},{"type":"Feature","geometry":{"type":"Point","coordinates":[11.725692,9.932337]},"properties":{"settlement_id":"s3b2db4kh3","name":"Dala Waja","state":"Gombe","lga":"Balanga","population":1004,"num_buildings":236,"dist_transmission_km":11.43,"solar_pv_value":1658.6,"wealth_index":NaN,"viability_score":NaN,"viability_tier":"A_highly_viable","rank_in_state":41}},{"type":"Feature","geometry":{"type":"Point","coordinates":[11.734774,9.959673]},"properties":{"settlement_id":"s3b2ej1521","name":"Bangu","state":"Gombe","lga":"Balanga","population":349,"num_buildings":82,"dist_transmission_km":14.83,"solar_pv_value":1649.104,"wealth_index":NaN,"viability_score":NaN,"viability_tier":"A_highly_viable","rank_in_state":42}},{"type":"Feature","geometry":{"type":"Point","coordinates":[11.736137,9.963516]},"properties":{"settlement_id":"s3b2ejccxy","name":"Bangu","state":"Gombe","lga":"Balanga","population":302,"num_buildings":71,"dist_transmission_km":15.23,"solar_pv_value":1649.104,"wealth_index":NaN,"viability_score":NaN,"viability_tier":"A_highly_viable","rank_in_state":43}},{"type":"Feature","geometry":{"type":"Point","coordinates":[11.743656,9.967721]},"properties":{"settlement_id":"s3b2enx6pj","name":"Bangu","state":"Gombe","lga":"Balanga","population":659,"num_buildings":155,"dist_transmission_km":15.88,"solar_pv_value":1647.643,"wealth_index":NaN,"viability_score":NaN,"viability_tier":"A_highly_viable","rank_in_state":44}},{"type":"Feature","geometry":{"type":"Point","coordinates":[11.642104,10.026179]},"properties":{"settlement_id":"s3b30cjw8x","name":"Balanga","state":"Gombe","lga":"Balanga","population":115,"num_buildings":27,"dist_transmission_km":11.08,"solar_pv_value":1648.373,"wealth_index":NaN,"viability_score":NaN,"viability_tier":"A_highly_viable","rank_in_state":45}},{"type":"Feature","geometry":{"type":"Point","coordinates":[11.645655,10.033509]},"properties":{"settlement_id":"s3b314817m","name":"Balanga","state":"Gombe","lga":"Balanga","population":315,"num_buildings":74,"dist_transmission_km":10.07,"solar_pv_value":1647.643,"wealth_index":NaN,"viability_score":NaN,"viability_tier":"A_highly_viable","rank_in_state":46}},{"type":"Feature","geometry":{"type":"Point","coordinates":[11.618944,10.072414]},"properties":{"settlement_id":"s3b323ssj4","name":"Balanga","state":"Gombe","lga":"Yamaltu/Deba","population":498,"num_buildings":117,"dist_transmission_km":6.25,"solar_pv_value":1651.66,"wealth_index":NaN,"viability_score":NaN,"viability_tier":"A_highly_viable","rank_in_state":47}},{"type":"Feature","geometry":{"type":"Point","coordinates":[11.268974,10.879807]},"properties":{"settlement_id":"s3bjbktg6p","name":"Location #70891","state":"Gombe","lga":"Nafada","population":238,"num_buildings":56,"dist_transmission_km":1.87,"solar_pv_value":1707.178,"wealth_index":NaN,"viability_score":NaN,"viability_tier":"A_highly_viable","rank_in_state":48}},{"type":"Feature","geometry":{"type":"Point","coordinates":[11.278485,10.942213]},"properties":{"settlement_id":"s3bn0xuxp8","name":"Location #101098","state":"Gombe","lga":"Nafada","population":149,"num_buildings":35,"dist_transmission_km":2.94,"solar_pv_value":1689.646,"wealth_index":NaN,"viability_score":NaN,"viability_tier":"A_highly_viable","rank_in_state":49}},{"type":"Feature","geometry":{"type":"Point","coordinates":[11.274985,10.944453]},"properties":{"settlement_id":"s3bn286hn1","name":"Location #141835","state":"Gombe","lga":"Nafada","population":89,"num_buildings":21,"dist_transmission_km":3.29,"solar_pv_value":1691.473,"wealth_index":NaN,"viability_score":NaN,"viability_tier":"A_highly_viable","rank_in_state":50}},{"type":"Feature","geometry":{"type":"Point","coordinates":[6.840066,5.305046]},"properties":{"settlement_id":"s0uy5tub1h","name":"Opete\r","state":"Imo","lga":"Ohaji/Egbema","population":285,"num_buildings":67,"dist_transmission_km":5.58,"solar_pv_value":1322.205,"wealth_index":NaN,"viability_score":NaN,"viability_tier":"A_highly_viable","rank_in_state":1}},{"type":"Feature","geometry":{"type":"Point","coordinates":[6.7899,5.350942]},"properties":{"settlement_id":"s0uy6w072p","name":"Location #96704","state":"Imo","lga":"Ohaji/Egbema","population":157,"num_buildings":37,"dist_transmission_km":0.52,"solar_pv_value":1328.049,"wealth_index":NaN,"viability_score":NaN,"viability_tier":"A_highly_viable","rank_in_state":2}},{"type":"Feature","geometry":{"type":"Point","coordinates":[6.811004,5.530457]},"properties":{"settlement_id":"s0uz6yz95z","name":"Obofia\r","state":"Imo","lga":"Ohaji/Egbema","population":140,"num_buildings":33,"dist_transmission_km":0.15,"solar_pv_value":1337.911,"wealth_index":NaN,"viability_score":NaN,"viability_tier":"A_highly_viable","rank_in_state":3}},{"type":"Feature","geometry":{"type":"Point","coordinates":[6.831845,5.501527]},"properties":{"settlement_id":"s0uz73wb9w","name":"Ukwugba\r","state":"Imo","lga":"Ohaji/Egbema","population":425,"num_buildings":100,"dist_transmission_km":null,"solar_pv_value":1337.546,"wealth_index":NaN,"viability_score":NaN,"viability_tier":"A_highly_viable","rank_in_state":4}},{"type":"Feature","geometry":{"type":"Point","coordinates":[6.840301,5.508288]},"properties":{"settlement_id":"s0uz7dubne","name":"Location #85309","state":"Imo","lga":"Ohaji/Egbema","population":187,"num_buildings":44,"dist_transmission_km":1.08,"solar_pv_value":1338.641,"wealth_index":NaN,"viability_score":NaN,"viability_tier":"A_highly_viable","rank_in_state":5}},{"type":"Feature","geometry":{"type":"Point","coordinates":[6.818426,5.688552]},"properties":{"settlement_id":"s1hb75t40y","name":"Nnebuku","state":"Imo","lga":"Oguta","population":149,"num_buildings":35,"dist_transmission_km":1.42,"solar_pv_value":1343.39,"wealth_index":NaN,"viability_score":NaN,"viability_tier":"A_highly_viable","rank_in_state":6}},{"type":"Feature","geometry":{"type":"Point","coordinates":[6.854381,5.709104]},"properties":{"settlement_id":"s1hb7zr1yw","name":"Mgbidi\r","state":"Imo","lga":"Oru West","population":119,"num_buildings":28,"dist_transmission_km":1.44,"solar_pv_value":1341.198,"wealth_index":NaN,"viability_score":NaN,"viability_tier":"A_highly_viable","rank_in_state":7}},{"type":"Feature","geometry":{"type":"Point","coordinates":[7.382313,5.880233]},"properties":{"settlement_id":"s1j1ryrwu6","name":"Location #88598","state":"Imo","lga":"Okigwe","population":179,"num_buildings":42,"dist_transmission_km":3.42,"solar_pv_value":1366.766,"wealth_index":NaN,"viability_score":NaN,"viability_tier":"A_highly_viable","rank_in_state":8}},{"type":"Feature","geometry":{"type":"Point","coordinates":[7.393023,5.819179]},"properties":{"settlement_id":"s1j305r7jv","name":"Uturu","state":"Imo","lga":"Okigwe","population":697,"num_buildings":164,"dist_transmission_km":2.28,"solar_pv_value":1363.113,"wealth_index":NaN,"viability_score":NaN,"viability_tier":"A_highly_viable","rank_in_state":9}},{"type":"Feature","geometry":{"type":"Point","coordinates":[9.941942,11.001422]},"properties":{"settlement_id":"s1znd4xxbj","name":"Fagam","state":"Jigawa","lga":"Gwaram","population":102,"num_buildings":24,"dist_transmission_km":7.99,"solar_pv_value":1713.388,"wealth_index":NaN,"viability_score":NaN,"viability_tier":"A_highly_viable","rank_in_state":1}},{"type":"Feature","geometry":{"type":"Point","coordinates":[9.940095,11.177162]},"properties":{"settlement_id":"s1zpd4wptn","name":"Farin Dutse","state":"Jigawa","lga":"Gwaram","population":94,"num_buildings":22,"dist_transmission_km":2.6,"solar_pv_value":1709.37,"wealth_index":NaN,"viability_score":NaN,"viability_tier":"A_highly_viable","rank_in_state":2}},{"type":"Feature","geometry":{"type":"Point","coordinates":[9.34363,11.521726]},"properties":{"settlement_id":"s4n9s97yfm","name":"Birnin Kudu","state":"Jigawa","lga":"Birni Kudu","population":98,"num_buildings":23,"dist_transmission_km":null,"solar_pv_value":1706.083,"wealth_index":NaN,"viability_score":NaN,"viability_tier":"A_highly_viable","rank_in_state":3}},{"type":"Feature","geometry":{"type":"Point","coordinates":[8.92903,12.22835]},"properties":{"settlement_id":"s4nme4jgm3","name":"Keffi","state":"Jigawa","lga":"Ringim","population":1382,"num_buildings":325,"dist_transmission_km":4.89,"solar_pv_value":1721.789,"wealth_index":NaN,"viability_score":NaN,"viability_tier":"A_highly_viable","rank_in_state":4}},{"type":"Feature","geometry":{"type":"Point","coordinates":[9.121663,12.252455]},"properties":{"settlement_id":"s4nmxw6pwp","name":"Sankara","state":"Jigawa","lga":"Ringim","population":132,"num_buildings":31,"dist_transmission_km":6.01,"solar_pv_value":1720.693,"wealth_index":NaN,"viability_score":NaN,"viability_tier":"A_highly_viable","rank_in_state":5}},{"type":"Feature","geometry":{"type":"Point","coordinates":[9.119486,12.259097]},"properties":{"settlement_id":"s4nmxx8w7m","name":"Sankara","state":"Jigawa","lga":"Ringim","population":255,"num_buildings":60,"dist_transmission_km":6.44,"solar_pv_value":1720.693,"wealth_index":NaN,"viability_score":NaN,"viability_tier":"A_highly_viable","rank_in_state":6}},{"type":"Feature","geometry":{"type":"Point","coordinates":[9.133125,12.352713]},"properties":{"settlement_id":"s4nqrbdxc0","name":"Doko","state":"Jigawa","lga":"Garki","population":413,"num_buildings":97,"dist_transmission_km":1.08,"solar_pv_value":1722.519,"wealth_index":NaN,"viability_score":NaN,"viability_tier":"A_highly_viable","rank_in_state":7}},{"type":"Feature","geometry":{"type":"Point","coordinates":[9.252039,12.100237]},"properties":{"settlement_id":"s4nsfdc0up","name":"Sintilmawa","state":"Jigawa","lga":"Ringim","population":115,"num_buildings":27,"dist_transmission_km":1.81,"solar_pv_value":1718.136,"wealth_index":NaN,"viability_score":NaN,"viability_tier":"A_highly_viable","rank_in_state":8}},{"type":"Feature","geometry":{"type":"Point","coordinates":[9.260168,12.104082]},"properties":{"settlement_id":"s4nsferp3s","name":"Sintilmawa","state":"Jigawa","lga":"Ringim","population":94,"num_buildings":22,"dist_transmission_km":2.36,"solar_pv_value":1718.136,"wealth_index":NaN,"viability_score":NaN,"viability_tier":"A_highly_viable","rank_in_state":9}},{"type":"Feature","geometry":{"type":"Point","coordinates":[9.202299,12.258703]},"properties":{"settlement_id":"s4nt9rsuj5","name":"Chukuto","state":"Jigawa","lga":"Taura","population":353,"num_buildings":83,"dist_transmission_km":6.21,"solar_pv_value":1722.519,"wealth_index":NaN,"viability_score":NaN,"viability_tier":"A_highly_viable","rank_in_state":10}},{"type":"Feature","geometry":{"type":"Point","coordinates":[9.223639,12.242652]},"properties":{"settlement_id":"s4nt9usqw7","name":"Chukuto","state":"Jigawa","lga":"Taura","population":319,"num_buildings":75,"dist_transmission_km":5.05,"solar_pv_value":1722.154,"wealth_index":NaN,"viability_score":NaN,"viability_tier":"A_highly_viable","rank_in_state":11}},{"type":"Feature","geometry":{"type":"Point","coordinates":[9.142337,12.270892]},"properties":{"settlement_id":"s4ntb1c5pu","name":"Sankara","state":"Jigawa","lga":"Ringim","population":1616,"num_buildings":380,"dist_transmission_km":7.16,"solar_pv_value":1721.423,"wealth_index":NaN,"viability_score":NaN,"viability_tier":"A_highly_viable","rank_in_state":12}},{"type":"Feature","geometry":{"type":"Point","coordinates":[9.167072,12.293661]},"properties":{"settlement_id":"s4ntbtgrb2","name":"Chukuto","state":"Jigawa","lga":"Taura","population":706,"num_buildings":166,"dist_transmission_km":5.85,"solar_pv_value":1722.154,"wealth_index":NaN,"viability_score":NaN,"viability_tier":"A_highly_viable","rank_in_state":13}},{"type":"Feature","geometry":{"type":"Point","coordinates":[9.183145,12.299575]},"properties":{"settlement_id":"s4ntbznfny","name":"Chukuto","state":"Jigawa","lga":"Taura","population":94,"num_buildings":22,"dist_transmission_km":6.13,"solar_pv_value":1722.154,"wealth_index":NaN,"viability_score":NaN,"viability_tier":"A_highly_viable","rank_in_state":14}},{"type":"Feature","geometry":{"type":"Point","coordinates":[9.247092,12.231343]},"properties":{"settlement_id":"s4ntd6ts8z","name":"Taura","state":"Jigawa","lga":"Taura","population":451,"num_buildings":106,"dist_transmission_km":2.8,"solar_pv_value":1721.058,"wealth_index":NaN,"viability_score":NaN,"viability_tier":"A_highly_viable","rank_in_state":15}},{"type":"Feature","geometry":{"type":"Point","coordinates":[9.266361,12.237813]},"properties":{"settlement_id":"s4ntdggd3v","name":"Taura","state":"Jigawa","lga":"Taura","population":578,"num_buildings":136,"dist_transmission_km":1.25,"solar_pv_value":1721.423,"wealth_index":NaN,"viability_score":NaN,"viability_tier":"A_highly_viable","rank_in_state":16}},{"type":"Feature","geometry":{"type":"Point","coordinates":[9.233454,12.239362]},"properties":{"settlement_id":"s4ntdh5e7n","name":"Chukuto","state":"Jigawa","lga":"Taura","population":94,"num_buildings":22,"dist_transmission_km":4.27,"solar_pv_value":1721.423,"wealth_index":NaN,"viability_score":NaN,"viability_tier":"A_highly_viable","rank_in_state":17}},{"type":"Feature","geometry":{"type":"Point","coordinates":[9.232967,12.259194]},"properties":{"settlement_id":"s4ntdpenzx","name":"Chukuto","state":"Jigawa","lga":"Taura","population":1157,"num_buildings":272,"dist_transmission_km":3.23,"solar_pv_value":1722.519,"wealth_index":NaN,"viability_score":NaN,"viability_tier":"A_highly_viable","rank_in_state":18}},{"type":"Feature","geometry":{"type":"Point","coordinates":[9.249831,12.256715]},"properties":{"settlement_id":"s4ntdrr889","name":"Chukuto","state":"Jigawa","lga":"Taura","population":344,"num_buildings":81,"dist_transmission_km":1.77,"solar_pv_value":1722.519,"wealth_index":NaN,"viability_score":NaN,"viability_tier":"A_highly_viable","rank_in_state":19}},{"type":"Feature","geometry":{"type":"Point","coordinates":[9.254189,12.244002]},"properties":{"settlement_id":"s4ntdsfwqp","name":"Taura","state":"Jigawa","lga":"Taura","population":804,"num_buildings":189,"dist_transmission_km":2.05,"solar_pv_value":1722.154,"wealth_index":NaN,"viability_score":NaN,"viability_tier":"A_highly_viable","rank_in_state":20}},{"type":"Feature","geometry":{"type":"Point","coordinates":[9.263964,12.27296]},"properties":{"settlement_id":"s4ntff1z4j","name":"Chukuto","state":"Jigawa","lga":"Taura","population":1795,"num_buildings":422,"dist_transmission_km":0.11,"solar_pv_value":1723.25,"wealth_index":NaN,"viability_score":NaN,"viability_tier":"A_highly_viable","rank_in_state":21}},{"type":"Feature","geometry":{"type":"Point","coordinates":[9.237372,12.282732]},"properties":{"settlement_id":"s4ntfhn2n7","name":"Chukuto","state":"Jigawa","lga":"Taura","population":123,"num_buildings":29,"dist_transmission_km":1.71,"solar_pv_value":1723.25,"wealth_index":NaN,"viability_score":NaN,"viability_tier":"A_highly_viable","rank_in_state":22}},{"type":"Feature","geometry":{"type":"Point","coordinates":[9.251885,12.290667]},"properties":{"settlement_id":"s4ntft3n2d","name":"Chukuto","state":"Jigawa","lga":"Taura","population":442,"num_buildings":104,"dist_transmission_km":null,"solar_pv_value":1723.615,"wealth_index":NaN,"viability_score":NaN,"viability_tier":"A_highly_viable","rank_in_state":23}},{"type":"Feature","geometry":{"type":"Point","coordinates":[9.149336,12.308985]},"properties":{"settlement_id":"s4nw00y34c","name":"Chukuto","state":"Jigawa","lga":"Taura","population":1310,"num_buildings":308,"dist_transmission_km":3.63,"solar_pv_value":1722.154,"wealth_index":NaN,"viability_score":NaN,"viability_tier":"A_highly_viable","rank_in_state":24}},{"type":"Feature","geometry":{"type":"Point","coordinates":[9.179523,12.318514]},"properties":{"settlement_id":"s4nw0fs2d3","name":"Chukuto","state":"Jigawa","lga":"Taura","population":736,"num_buildings":173,"dist_transmission_km":4.05,"solar_pv_value":1722.884,"wealth_index":NaN,"viability_score":NaN,"viability_tier":"A_highly_viable","rank_in_state":25}},{"type":"Feature","geometry":{"type":"Point","coordinates":[9.203269,12.319723]},"properties":{"settlement_id":"s4nw16txed","name":"Chukuto","state":"Jigawa","lga":"Taura","population":868,"num_buildings":204,"dist_transmission_km":3.46,"solar_pv_value":1723.25,"wealth_index":NaN,"viability_score":NaN,"viability_tier":"A_highly_viable","rank_in_state":26}},{"type":"Feature","geometry":{"type":"Point","coordinates":[9.204805,12.348305]},"properties":{"settlement_id":"s4nw1rywpd","name":"Buduru","state":"Jigawa","lga":"Garki","population":723,"num_buildings":170,"dist_transmission_km":2.05,"solar_pv_value":1723.25,"wealth_index":NaN,"viability_score":NaN,"viability_tier":"A_highly_viable","rank_in_state":27}},{"type":"Feature","geometry":{"type":"Point","coordinates":[9.248117,12.310894]},"properties":{"settlement_id":"s4nw43nk0s","name":"Chukuto","state":"Jigawa","lga":"Taura","population":247,"num_buildings":58,"dist_transmission_km":0.26,"solar_pv_value":1723.98,"wealth_index":NaN,"viability_score":NaN,"viability_tier":"A_highly_viable","rank_in_state":28}},{"type":"Feature","geometry":{"type":"Point","coordinates":[9.274116,12.309334]},"properties":{"settlement_id":"s4nw50c5nd","name":"Sayori","state":"Jigawa","lga":"Garki","population":808,"num_buildings":190,"dist_transmission_km":2.85,"solar_pv_value":1724.345,"wealth_index":NaN,"viability_score":NaN,"viability_tier":"A_highly_viable","rank_in_state":29}},{"type":"Feature","geometry":{"type":"Point","coordinates":[9.276716,12.31905]},"properties":{"settlement_id":"s4nw54e5ej","name":"Sayori","state":"Jigawa","lga":"Garki","population":2114,"num_buildings":497,"dist_transmission_km":3.4,"solar_pv_value":1724.345,"wealth_index":NaN,"viability_score":NaN,"viability_tier":"A_highly_viable","rank_in_state":30}},{"type":"Feature","geometry":{"type":"Point","coordinates":[9.24176,12.415264]},"properties":{"settlement_id":"s4nwdk1shs","name":"Garki","state":"Jigawa","lga":"Garki","population":663,"num_buildings":156,"dist_transmission_km":4.13,"solar_pv_value":1724.711,"wealth_index":NaN,"viability_score":NaN,"viability_tier":"A_highly_viable","rank_in_state":31}},{"type":"Feature","geometry":{"type":"Point","coordinates":[10.164698,12.633277]},"properties":{"settlement_id":"s4ppz7cdnt","name":"Garun Gabas","state":"Jigawa","lga":"Malam Madori","population":1633,"num_buildings":384,"dist_transmission_km":2.86,"solar_pv_value":1732.381,"wealth_index":NaN,"viability_score":NaN,"viability_tier":"A_highly_viable","rank_in_state":32}},{"type":"Feature","geometry":{"type":"Point","coordinates":[9.348665,11.738198]},"properties":{"settlement_id":"s4ndu8z7zw","name":"Dutse","state":"Jigawa","lga":"Dutse","population":3498,"num_buildings":707,"dist_transmission_km":null,"solar_pv_value":1722.519,"wealth_index":1.0,"viability_score":68.01,"viability_tier":"A_highly_viable","rank_in_state":33}},{"type":"Feature","geometry":{"type":"Point","coordinates":[10.106064,12.367796]},"properties":{"settlement_id":"s4pnmgrp8k","name":"Mezan","state":"Jigawa","lga":"Kafin Hausa","population":102,"num_buildings":24,"dist_transmission_km":3.13,"solar_pv_value":1720.328,"wealth_index":-0.1,"viability_score":64.32,"viability_tier":"A_highly_viable","rank_in_state":34}},{"type":"Feature","geometry":{"type":"Point","coordinates":[9.983232,12.405207]},"properties":{"settlement_id":"s4pne4m9d4","name":"Gatafa","state":"Jigawa","lga":"Auyo","population":132,"num_buildings":31,"dist_transmission_km":0.14,"solar_pv_value":1716.675,"wealth_index":-0.1,"viability_score":63.41,"viability_tier":"A_highly_viable","rank_in_state":35}},{"type":"Feature","geometry":{"type":"Point","coordinates":[10.126522,12.425655]},"properties":{"settlement_id":"s4pnwqjbtj","name":"Fandum","state":"Jigawa","lga":"Kiri Kasamma","population":697,"num_buildings":164,"dist_transmission_km":1.47,"solar_pv_value":1720.328,"wealth_index":-0.5,"viability_score":62.5,"viability_tier":"A_highly_viable","rank_in_state":36}},{"type":"Feature","geometry":{"type":"Point","coordinates":[10.085119,12.399991]},"properties":{"settlement_id":"s4pnt3rg0m","name":"Ayan","state":"Jigawa","lga":"Auyo","population":162,"num_buildings":38,"dist_transmission_km":2.86,"solar_pv_value":1722.154,"wealth_index":-0.4,"viability_score":58.79,"viability_tier":"B_viable","rank_in_state":37}},{"type":"Feature","geometry":{"type":"Point","coordinates":[10.107228,12.431984]},"properties":{"settlement_id":"s4pntzpve3","name":"Fandum","state":"Jigawa","lga":"Kiri Kasamma","population":332,"num_buildings":78,"dist_transmission_km":2.09,"solar_pv_value":1720.693,"wealth_index":-0.6,"viability_score":57.85,"viability_tier":"B_viable","rank_in_state":38}},{"type":"Feature","geometry":{"type":"Point","coordinates":[9.957221,11.073244]},"properties":{"settlement_id":"s1znfxfdk4","name":"Fagam","state":"Jigawa","lga":"Gwaram","population":834,"num_buildings":196,"dist_transmission_km":3.3,"solar_pv_value":1712.657,"wealth_index":-0.2,"viability_score":57.79,"viability_tier":"B_viable","rank_in_state":39}},{"type":"Feature","geometry":{"type":"Point","coordinates":[9.527591,11.395914]},"properties":{"settlement_id":"s4nbbf9f0b","name":"Birnin Kudu","state":"Jigawa","lga":"Birni Kudu","population":5225,"num_buildings":1056,"dist_transmission_km":0.93,"solar_pv_value":1710.466,"wealth_index":-0.1,"viability_score":57.28,"viability_tier":"B_viable","rank_in_state":40}},{"type":"Feature","geometry":{"type":"Point","coordinates":[9.581918,11.682151]},"properties":{"settlement_id":"s4nf6n9m6y","name":"Birnin Kudu","state":"Jigawa","lga":"Birni Kudu","population":3908,"num_buildings":790,"dist_transmission_km":6.95,"solar_pv_value":1708.64,"wealth_index":-0.2,"viability_score":57.13,"viability_tier":"B_viable","rank_in_state":41}},{"type":"Feature","geometry":{"type":"Point","coordinates":[10.097963,12.369828]},"properties":{"settlement_id":"s4pnmgc57x","name":"Mezan","state":"Jigawa","lga":"Kafin Hausa","population":132,"num_buildings":31,"dist_transmission_km":3.59,"solar_pv_value":1720.693,"wealth_index":-0.1,"viability_score":56.89,"viability_tier":"B_viable","rank_in_state":42}},{"type":"Feature","geometry":{"type":"Point","coordinates":[9.226621,11.411134]},"properties":{"settlement_id":"s4n8cvqdev","name":"Farun Ruwa","state":"Jigawa","lga":"Birni Kudu","population":489,"num_buildings":115,"dist_transmission_km":1.67,"solar_pv_value":1707.909,"wealth_index":0.1,"viability_score":56.87,"viability_tier":"B_viable","rank_in_state":43}},{"type":"Feature","geometry":{"type":"Point","coordinates":[10.124959,12.439348]},"properties":{"settlement_id":"s4pny2sb2w","name":"Fandum","state":"Jigawa","lga":"Kiri Kasamma","population":310,"num_buildings":73,"dist_transmission_km":1.36,"solar_pv_value":1719.962,"wealth_index":-0.5,"viability_score":56.77,"viability_tier":"B_viable","rank_in_state":44}},{"type":"Feature","geometry":{"type":"Point","coordinates":[9.234121,11.467208]},"properties":{"settlement_id":"s4n94ps16d","name":"Farun Ruwa","state":"Jigawa","lga":"Birni Kudu","population":5057,"num_buildings":1189,"dist_transmission_km":null,"solar_pv_value":1708.274,"wealth_index":0.3,"viability_score":56.49,"viability_tier":"B_viable","rank_in_state":45}},{"type":"Feature","geometry":{"type":"Point","coordinates":[9.751191,11.335072]},"properties":{"settlement_id":"s4nbmzkxe4","name":"Kila","state":"Jigawa","lga":"Gwaram","population":1280,"num_buildings":301,"dist_transmission_km":0.25,"solar_pv_value":1714.118,"wealth_index":0.2,"viability_score":56.4,"viability_tier":"B_viable","rank_in_state":46}},{"type":"Feature","geometry":{"type":"Point","coordinates":[9.618816,11.811898]},"properties":{"settlement_id":"s4ng4yk1q9","name":"Kiyawa","state":"Jigawa","lga":"Kiyawa","population":234,"num_buildings":55,"dist_transmission_km":0.07,"solar_pv_value":1714.849,"wealth_index":-0.1,"viability_score":56.26,"viability_tier":"B_viable","rank_in_state":47}},{"type":"Feature","geometry":{"type":"Point","coordinates":[9.372123,11.750054]},"properties":{"settlement_id":"s4ndv70942","name":"Dutse","state":"Jigawa","lga":"Dutse","population":128,"num_buildings":30,"dist_transmission_km":1.13,"solar_pv_value":1723.615,"wealth_index":0.2,"viability_score":56.2,"viability_tier":"B_viable","rank_in_state":48}},{"type":"Feature","geometry":{"type":"Point","coordinates":[10.130806,12.460424]},"properties":{"settlement_id":"s4pnys350z","name":"Fandum","state":"Jigawa","lga":"Kiri Kasamma","population":247,"num_buildings":58,"dist_transmission_km":0.82,"solar_pv_value":1719.597,"wealth_index":-0.5,"viability_score":56.1,"viability_tier":"B_viable","rank_in_state":49}},{"type":"Feature","geometry":{"type":"Point","coordinates":[10.341858,12.656488]},"properties":{"settlement_id":"s4r25249qu","name":"Marma","state":"Jigawa","lga":"Kiri Kasamma","population":11503,"num_buildings":2325,"dist_transmission_km":null,"solar_pv_value":1718.136,"wealth_index":0.5,"viability_score":56.06,"viability_tier":"B_viable","rank_in_state":50}},{"type":"Feature","geometry":{"type":"Point","coordinates":[8.119135,9.062585]},"properties":{"settlement_id":"s1tg8cb1ms","name":"Wasa\r","state":"Kaduna","lga":"Sanga","population":111,"num_buildings":26,"dist_transmission_km":9.5,"solar_pv_value":1536.242,"wealth_index":NaN,"viability_score":NaN,"viability_tier":"A_highly_viable","rank_in_state":1}},{"type":"Feature","geometry":{"type":"Point","coordinates":[8.126416,9.060523]},"properties":{"settlement_id":"s1tg8cmmr5","name":"Wasa\r","state":"Kaduna","lga":"Sanga","population":179,"num_buildings":42,"dist_transmission_km":8.68,"solar_pv_value":1536.972,"wealth_index":NaN,"viability_score":NaN,"viability_tier":"A_highly_viable","rank_in_state":2}},{"type":"Feature","geometry":{"type":"Point","coordinates":[7.232752,9.46293]},"properties":{"settlement_id":"s1tjuddtx6","name":"Iddah","state":"Kaduna","lga":"Kagarko","population":149,"num_buildings":35,"dist_transmission_km":4.89,"solar_pv_value":1543.181,"wealth_index":NaN,"viability_score":NaN,"viability_tier":"A_highly_viable","rank_in_state":3}},{"type":"Feature","geometry":{"type":"Point","coordinates":[7.285795,9.475276]},"properties":{"settlement_id":"s1tjvucm7r","name":"Jere South","state":"Kaduna","lga":"Kagarko","population":89,"num_buildings":21,"dist_transmission_km":4.29,"solar_pv_value":1546.103,"wealth_index":NaN,"viability_score":NaN,"viability_tier":"A_highly_viable","rank_in_state":4}},{"type":"Feature","geometry":{"type":"Point","coordinates":[7.557832,9.449479]},"properties":{"settlement_id":"s1tmgbprnn","name":"Kagarko South","state":"Kaduna","lga":"Kagarko","population":213,"num_buildings":50,"dist_transmission_km":5.83,"solar_pv_value":1561.809,"wealth_index":NaN,"viability_score":NaN,"viability_tier":"A_highly_viable","rank_in_state":5}},{"type":"Feature","geometry":{"type":"Point","coordinates":[7.303138,9.545824]},"properties":{"settlement_id":"s1tnq1vbrq","name":"Bishini","state":"Kaduna","lga":"Kagarko","population":106,"num_buildings":25,"dist_transmission_km":8.85,"solar_pv_value":1553.774,"wealth_index":NaN,"viability_score":NaN,"viability_tier":"A_highly_viable","rank_in_state":6}},{"type":"Feature","geometry":{"type":"Point","coordinates":[7.312393,9.54374]},"properties":{"settlement_id":"s1tnq3ksr4","name":"Jere South","state":"Kaduna","lga":"Kagarko","population":85,"num_buildings":20,"dist_transmission_km":7.82,"solar_pv_value":1554.869,"wealth_index":NaN,"viability_score":NaN,"viability_tier":"A_highly_viable","rank_in_state":7}},{"type":"Feature","geometry":{"type":"Point","coordinates":[7.29941,9.754941]},"properties":{"settlement_id":"s1tpqpg68s","name":"Dokwa","state":"Kaduna","lga":"Kachia","population":302,"num_buildings":71,"dist_transmission_km":7.81,"solar_pv_value":1559.618,"wealth_index":NaN,"viability_score":NaN,"viability_tier":"A_highly_viable","rank_in_state":8}},{"type":"Feature","geometry":{"type":"Point","coordinates":[7.469533,9.576037]},"properties":{"settlement_id":"s1tq3zr0kw","name":"Jere North","state":"Kaduna","lga":"Kagarko","population":344,"num_buildings":81,"dist_transmission_km":2.05,"solar_pv_value":1565.461,"wealth_index":NaN,"viability_score":NaN,"viability_tier":"A_highly_viable","rank_in_state":9}},{"type":"Feature","geometry":{"type":"Point","coordinates":[7.574539,9.559078]},"properties":{"settlement_id":"s1tqkk5tet","name":"Kagarko South","state":"Kaduna","lga":"Kachia","population":128,"num_buildings":30,"dist_transmission_km":4.27,"solar_pv_value":1566.192,"wealth_index":NaN,"viability_score":NaN,"viability_tier":"A_highly_viable","rank_in_state":10}},{"type":"Feature","geometry":{"type":"Point","coordinates":[7.393683,9.7554]},"properties":{"settlement_id":"s1tr2pzvm6","name":"Dokwa","state":"Kaduna","lga":"Kachia","population":302,"num_buildings":71,"dist_transmission_km":5.93,"solar_pv_value":1570.21,"wealth_index":NaN,"viability_score":NaN,"viability_tier":"A_highly_viable","rank_in_state":11}},{"type":"Feature","geometry":{"type":"Point","coordinates":[7.50514,9.713856]},"properties":{"settlement_id":"s1tr6b3566","name":"Katari","state":"Kaduna","lga":"Kachia","population":119,"num_buildings":28,"dist_transmission_km":5.37,"solar_pv_value":1576.419,"wealth_index":NaN,"viability_score":NaN,"viability_tier":"A_highly_viable","rank_in_state":12}},{"type":"Feature","geometry":{"type":"Point","coordinates":[7.519168,9.801103]},"properties":{"settlement_id":"s1trg05r96","name":"Dokwa","state":"Kaduna","lga":"Kachia","population":293,"num_buildings":69,"dist_transmission_km":6.14,"solar_pv_value":1579.341,"wealth_index":NaN,"viability_score":NaN,"viability_tier":"A_highly_viable","rank_in_state":13}},{"type":"Feature","geometry":{"type":"Point","coordinates":[8.068241,9.391666]},"properties":{"settlement_id":"s1ttrten7t","name":"Barde","state":"Kaduna","lga":"Jema'a","population":94,"num_buildings":22,"dist_transmission_km":3.75,"solar_pv_value":1551.947,"wealth_index":NaN,"viability_score":NaN,"viability_tier":"A_highly_viable","rank_in_state":14}},{"type":"Feature","geometry":{"type":"Point","coordinates":[7.809426,9.735574]},"properties":{"settlement_id":"s1tx3sq9uf","name":"Awon","state":"Kaduna","lga":"Kachia","population":349,"num_buildings":82,"dist_transmission_km":16.51,"solar_pv_value":1599.064,"wealth_index":NaN,"viability_score":NaN,"viability_tier":"A_highly_viable","rank_in_state":15}},{"type":"Feature","geometry":{"type":"Point","coordinates":[8.059727,9.799061]},"properties":{"settlement_id":"s1txxrugtm","name":"Kamantan","state":"Kaduna","lga":"Zango-Kataf","population":532,"num_buildings":125,"dist_transmission_km":7.46,"solar_pv_value":1612.214,"wealth_index":NaN,"viability_score":NaN,"viability_tier":"A_highly_viable","rank_in_state":16}},{"type":"Feature","geometry":{"type":"Point","coordinates":[8.070818,9.797758]},"properties":{"settlement_id":"s1txxxsupd","name":"Kamantan","state":"Kaduna","lga":"Zango-Kataf","population":361,"num_buildings":85,"dist_transmission_km":6.49,"solar_pv_value":1612.579,"wealth_index":NaN,"viability_score":NaN,"viability_tier":"A_highly_viable","rank_in_state":17}},{"type":"Feature","geometry":{"type":"Point","coordinates":[8.027495,9.802422]},"properties":{"settlement_id":"s1txy8mrnp","name":"Kamantan","state":"Kaduna","lga":"Kachia","population":153,"num_buildings":36,"dist_transmission_km":6.33,"solar_pv_value":1611.848,"wealth_index":NaN,"viability_score":NaN,"viability_tier":"A_highly_viable","rank_in_state":18}},{"type":"Feature","geometry":{"type":"Point","coordinates":[8.329252,9.583239]},"properties":{"settlement_id":"s1tyt894mt","name":"Maigizo","state":"Kaduna","lga":"Jema'a","population":104,"num_buildings":21,"dist_transmission_km":0.42,"solar_pv_value":1587.011,"wealth_index":NaN,"viability_score":NaN,"viability_tier":"A_highly_viable","rank_in_state":19}},{"type":"Feature","geometry":{"type":"Point","coordinates":[8.120855,9.801838]},"properties":{"settlement_id":"s1tzbb37ve","name":"Kamantan","state":"Kaduna","lga":"Zango-Kataf","population":425,"num_buildings":100,"dist_transmission_km":3.08,"solar_pv_value":1619.884,"wealth_index":NaN,"viability_score":NaN,"viability_tier":"A_highly_viable","rank_in_state":20}},{"type":"Feature","geometry":{"type":"Point","coordinates":[8.24119,9.801926]},"properties":{"settlement_id":"s1tzg83h3e","name":"Zonkwa","state":"Kaduna","lga":"Zango-Kataf","population":106,"num_buildings":25,"dist_transmission_km":2.7,"solar_pv_value":1628.65,"wealth_index":NaN,"viability_score":NaN,"viability_tier":"A_highly_viable","rank_in_state":21}},{"type":"Feature","geometry":{"type":"Point","coordinates":[8.290589,9.778889]},"properties":{"settlement_id":"s1tzssjn0t","name":"Zonkwa","state":"Kaduna","lga":"Zango-Kataf","population":99,"num_buildings":20,"dist_transmission_km":0.48,"solar_pv_value":1633.033,"wealth_index":NaN,"viability_score":NaN,"viability_tier":"A_highly_viable","rank_in_state":22}},{"type":"Feature","geometry":{"type":"Point","coordinates":[6.227034,10.420979]},"properties":{"settlement_id":"s1u7m9n6s7","name":"Randagi","state":"Kaduna","lga":"Birnin-Gwari","population":128,"num_buildings":30,"dist_transmission_km":15.27,"solar_pv_value":1562.539,"wealth_index":NaN,"viability_score":NaN,"viability_tier":"A_highly_viable","rank_in_state":23}},{"type":"Feature","geometry":{"type":"Point","coordinates":[6.945017,10.1408]},"properties":{"settlement_id":"s1ucwn14qw","name":"Chikun","state":"Kaduna","lga":"Chikun","population":455,"num_buildings":107,"dist_transmission_km":18.45,"solar_pv_value":1576.784,"wealth_index":NaN,"viability_score":NaN,"viability_tier":"A_highly_viable","rank_in_state":24}},{"type":"Feature","geometry":{"type":"Point","coordinates":[7.007992,10.185861]},"properties":{"settlement_id":"s1uczqr0fn","name":"Chikun","state":"Kaduna","lga":"Chikun","population":106,"num_buildings":25,"dist_transmission_km":20.85,"solar_pv_value":1578.61,"wealth_index":NaN,"viability_score":NaN,"viability_tier":"A_highly_viable","rank_in_state":25}},{"type":"Feature","geometry":{"type":"Point","coordinates":[7.011742,10.192252]},"properties":{"settlement_id":"s1uczx3y1m","name":"Chikun","state":"Kaduna","lga":"Chikun","population":136,"num_buildings":32,"dist_transmission_km":21.17,"solar_pv_value":1579.341,"wealth_index":NaN,"viability_score":NaN,"viability_tier":"A_highly_viable","rank_in_state":26}},{"type":"Feature","geometry":{"type":"Point","coordinates":[6.954018,10.378331]},"properties":{"settlement_id":"s1ugn1rf0m","name":"Chikun","state":"Kaduna","lga":"Chikun","population":115,"num_buildings":27,"dist_transmission_km":28.24,"solar_pv_value":1593.22,"wealth_index":NaN,"viability_score":NaN,"viability_tier":"A_highly_viable","rank_in_state":27}},{"type":"Feature","geometry":{"type":"Point","coordinates":[7.030291,10.501439]},"properties":{"settlement_id":"s1ugxzxr3d","name":"Kunai","state":"Kaduna","lga":"Chikun","population":85,"num_buildings":20,"dist_transmission_km":14.56,"solar_pv_value":1614.405,"wealth_index":NaN,"viability_score":NaN,"viability_tier":"A_highly_viable","rank_in_state":28}},{"type":"Feature","geometry":{"type":"Point","coordinates":[6.126885,10.707996]},"properties":{"settlement_id":"s1ukgmm6wg","name":"Kakangi","state":"Kaduna","lga":"Birnin-Gwari","population":366,"num_buildings":86,"dist_transmission_km":8.58,"solar_pv_value":1598.334,"wealth_index":NaN,"viability_score":NaN,"viability_tier":"A_highly_viable","rank_in_state":29}},{"type":"Feature","geometry":{"type":"Point","coordinates":[6.12737,10.725417]},"properties":{"settlement_id":"s1um52tb44","name":"Kakangi","state":"Kaduna","lga":"Birnin-Gwari","population":123,"num_buildings":29,"dist_transmission_km":8.71,"solar_pv_value":1599.795,"wealth_index":NaN,"viability_score":NaN,"viability_tier":"A_highly_viable","rank_in_state":30}},{"type":"Feature","geometry":{"type":"Point","coordinates":[6.129319,10.840401]},"properties":{"settlement_id":"s1umemrjzm","name":"Kakangi","state":"Kaduna","lga":"Birnin-Gwari","population":208,"num_buildings":49,"dist_transmission_km":16.65,"solar_pv_value":1607.1,"wealth_index":NaN,"viability_score":NaN,"viability_tier":"A_highly_viable","rank_in_state":31}},{"type":"Feature","geometry":{"type":"Point","coordinates":[6.63294,10.696088]},"properties":{"settlement_id":"s1usygjvnx","name":"Magajin Gari 1","state":"Kaduna","lga":"Birnin-Gwari","population":98,"num_buildings":23,"dist_transmission_km":1.6,"solar_pv_value":1606.369,"wealth_index":NaN,"viability_score":NaN,"viability_tier":"A_highly_viable","rank_in_state":32}},{"type":"Feature","geometry":{"type":"Point","coordinates":[6.637893,10.694116]},"properties":{"settlement_id":"s1usz4c9dp","name":"Magajin Gari 1","state":"Kaduna","lga":"Birnin-Gwari","population":98,"num_buildings":23,"dist_transmission_km":1.62,"solar_pv_value":1607.1,"wealth_index":NaN,"viability_score":NaN,"viability_tier":"A_highly_viable","rank_in_state":33}},{"type":"Feature","geometry":{"type":"Point","coordinates":[6.852798,10.639667]},"properties":{"settlement_id":"s1uuebyh9c","name":"Kuriga","state":"Kaduna","lga":"Chikun","population":183,"num_buildings":43,"dist_transmission_km":1.57,"solar_pv_value":1619.153,"wealth_index":NaN,"viability_score":NaN,"viability_tier":"A_highly_viable","rank_in_state":34}},{"type":"Feature","geometry":{"type":"Point","coordinates":[6.963112,10.712161]},"properties":{"settlement_id":"s1uuyqn6u7","name":"Gayam","state":"Kaduna","lga":"Birnin-Gwari","population":85,"num_buildings":20,"dist_transmission_km":7.2,"solar_pv_value":1639.972,"wealth_index":NaN,"viability_score":NaN,"viability_tier":"A_highly_viable","rank_in_state":35}},{"type":"Feature","geometry":{"type":"Point","coordinates":[6.72197,10.859113]},"properties":{"settlement_id":"s1uvbbyfcm","name":"Gayam","state":"Kaduna","lga":"Birnin-Gwari","population":510,"num_buildings":120,"dist_transmission_km":null,"solar_pv_value":1623.536,"wealth_index":NaN,"viability_score":NaN,"viability_tier":"A_highly_viable","rank_in_state":36}},{"type":"Feature","geometry":{"type":"Point","coordinates":[6.490262,11.011526]},"properties":{"settlement_id":"s1uwesw4f1","name":"Magajin Gari 2","state":"Kaduna","lga":"Birnin-Gwari","population":923,"num_buildings":217,"dist_transmission_km":29.05,"solar_pv_value":1626.093,"wealth_index":NaN,"viability_score":NaN,"viability_tier":"A_highly_viable","rank_in_state":37}},{"type":"Feature","geometry":{"type":"Point","coordinates":[6.882036,11.196222]},"properties":{"settlement_id":"s1uzsw5qep","name":"Magajin Gari 3","state":"Kaduna","lga":"Birnin-Gwari","population":617,"num_buildings":145,"dist_transmission_km":0.02,"solar_pv_value":1675.036,"wealth_index":NaN,"viability_score":NaN,"viability_tier":"A_highly_viable","rank_in_state":38}},{"type":"Feature","geometry":{"type":"Point","coordinates":[7.380917,9.917997]},"properties":{"settlement_id":"s1v0rvw8eb","name":"Dokwa","state":"Kaduna","lga":"Kachia","population":132,"num_buildings":31,"dist_transmission_km":5.01,"solar_pv_value":1582.263,"wealth_index":NaN,"viability_score":NaN,"viability_tier":"A_highly_viable","rank_in_state":39}},{"type":"Feature","geometry":{"type":"Point","coordinates":[7.03413,10.137754]},"properties":{"settlement_id":"s1v18jd0en","name":"Chikun","state":"Kaduna","lga":"Chikun","population":98,"num_buildings":23,"dist_transmission_km":14.82,"solar_pv_value":1569.114,"wealth_index":NaN,"viability_score":NaN,"viability_tier":"A_highly_viable","rank_in_state":40}},{"type":"Feature","geometry":{"type":"Point","coordinates":[7.092633,10.155569]},"properties":{"settlement_id":"s1v1c2u8qr","name":"Chikun","state":"Kaduna","lga":"Chikun","population":123,"num_buildings":29,"dist_transmission_km":14.07,"solar_pv_value":1571.671,"wealth_index":NaN,"viability_score":NaN,"viability_tier":"A_highly_viable","rank_in_state":41}},{"type":"Feature","geometry":{"type":"Point","coordinates":[7.471874,9.913392]},"properties":{"settlement_id":"s1v26h8veq","name":"Dokwa","state":"Kaduna","lga":"Kachia","population":166,"num_buildings":39,"dist_transmission_km":3.86,"solar_pv_value":1589.933,"wealth_index":NaN,"viability_score":NaN,"viability_tier":"A_highly_viable","rank_in_state":42}},{"type":"Feature","geometry":{"type":"Point","coordinates":[7.513976,9.926707]},"properties":{"settlement_id":"s1v26zpe22","name":"Dokwa","state":"Kaduna","lga":"Kachia","population":111,"num_buildings":26,"dist_transmission_km":8.31,"solar_pv_value":1591.759,"wealth_index":NaN,"viability_score":NaN,"viability_tier":"A_highly_viable","rank_in_state":43}},{"type":"Feature","geometry":{"type":"Point","coordinates":[7.52803,9.96123]},"properties":{"settlement_id":"s1v2em3srg","name":"Dokwa","state":"Kaduna","lga":"Kachia","population":98,"num_buildings":23,"dist_transmission_km":7.71,"solar_pv_value":1597.238,"wealth_index":NaN,"viability_score":NaN,"viability_tier":"A_highly_viable","rank_in_state":44}},{"type":"Feature","geometry":{"type":"Point","coordinates":[7.531826,9.962555]},"properties":{"settlement_id":"s1v2emss06","name":"Dokwa","state":"Kaduna","lga":"Kachia","population":306,"num_buildings":72,"dist_transmission_km":8.05,"solar_pv_value":1597.238,"wealth_index":NaN,"viability_score":NaN,"viability_tier":"A_highly_viable","rank_in_state":45}},{"type":"Feature","geometry":{"type":"Point","coordinates":[7.688456,9.851969]},"properties":{"settlement_id":"s1v2ncqxfh","name":"Ankwa","state":"Kaduna","lga":"Kachia","population":374,"num_buildings":88,"dist_transmission_km":24.57,"solar_pv_value":1590.664,"wealth_index":NaN,"viability_score":NaN,"viability_tier":"A_highly_viable","rank_in_state":46}},{"type":"Feature","geometry":{"type":"Point","coordinates":[7.693429,9.865186]},"properties":{"settlement_id":"s1v2p5fhvg","name":"Ankwa","state":"Kaduna","lga":"Kachia","population":170,"num_buildings":40,"dist_transmission_km":25.33,"solar_pv_value":1596.142,"wealth_index":NaN,"viability_score":NaN,"viability_tier":"A_highly_viable","rank_in_state":47}},{"type":"Feature","geometry":{"type":"Point","coordinates":[7.631084,9.974589]},"properties":{"settlement_id":"s1v2txuf1n","name":"Ankwa","state":"Kaduna","lga":"Kachia","population":94,"num_buildings":22,"dist_transmission_km":18.78,"solar_pv_value":1603.082,"wealth_index":NaN,"viability_score":NaN,"viability_tier":"A_highly_viable","rank_in_state":48}},{"type":"Feature","geometry":{"type":"Point","coordinates":[7.668382,9.98673]},"properties":{"settlement_id":"s1v2y6pbym","name":"Ankwa","state":"Kaduna","lga":"Kachia","population":119,"num_buildings":28,"dist_transmission_km":22.86,"solar_pv_value":1607.1,"wealth_index":NaN,"viability_score":NaN,"viability_tier":"A_highly_viable","rank_in_state":49}},{"type":"Feature","geometry":{"type":"Point","coordinates":[7.543431,10.071192]},"properties":{"settlement_id":"s1v379kuyw","name":"Dokwa","state":"Kaduna","lga":"Kachia","population":259,"num_buildings":61,"dist_transmission_km":13.53,"solar_pv_value":1607.465,"wealth_index":NaN,"viability_score":NaN,"viability_tier":"A_highly_viable","rank_in_state":50}},{"type":"Feature","geometry":{"type":"Point","coordinates":[8.35343,11.346543]},"properties":{"settlement_id":"s4jbw1df3h","name":"Jandutse","state":"Kano","lga":"Tudun Wada","population":464,"num_buildings":109,"dist_transmission_km":2.56,"solar_pv_value":1710.101,"wealth_index":NaN,"viability_score":NaN,"viability_tier":"A_highly_viable","rank_in_state":1}},{"type":"Feature","geometry":{"type":"Point","coordinates":[8.366507,12.358682]},"properties":{"settlement_id":"s4jyq3u699","name":"Gwarmai","state":"Kano","lga":"Kunchi","population":697,"num_buildings":164,"dist_transmission_km":1.45,"solar_pv_value":1736.033,"wealth_index":NaN,"viability_score":NaN,"viability_tier":"A_highly_viable","rank_in_state":2}},{"type":"Feature","geometry":{"type":"Point","coordinates":[8.349664,12.367052]},"properties":{"settlement_id":"s4jyq52533","name":"Bichi","state":"Kano","lga":"Kunchi","population":289,"num_buildings":68,"dist_transmission_km":3.56,"solar_pv_value":1736.033,"wealth_index":NaN,"viability_score":NaN,"viability_tier":"A_highly_viable","rank_in_state":3}},{"type":"Feature","geometry":{"type":"Point","coordinates":[8.364548,12.367972]},"properties":{"settlement_id":"s4jyq7dbsj","name":"Bichi","state":"Kano","lga":"Kunchi","population":98,"num_buildings":23,"dist_transmission_km":2.34,"solar_pv_value":1734.572,"wealth_index":NaN,"viability_score":NaN,"viability_tier":"A_highly_viable","rank_in_state":4}},{"type":"Feature","geometry":{"type":"Point","coordinates":[8.287519,12.448428]},"properties":{"settlement_id":"s4jyud4v35","name":"Shamakawa","state":"Kano","lga":"Kunchi","population":85,"num_buildings":20,"dist_transmission_km":3.6,"solar_pv_value":1738.59,"wealth_index":NaN,"viability_score":NaN,"viability_tier":"A_highly_viable","rank_in_state":5}},{"type":"Feature","geometry":{"type":"Point","coordinates":[8.284963,12.450924]},"properties":{"settlement_id":"s4jyud8gvs","name":"Shamakawa","state":"Kano","lga":"Kunchi","population":98,"num_buildings":23,"dist_transmission_km":3.94,"solar_pv_value":1738.955,"wealth_index":NaN,"viability_score":NaN,"viability_tier":"A_highly_viable","rank_in_state":6}},{"type":"Feature","geometry":{"type":"Point","coordinates":[8.287414,12.452536]},"properties":{"settlement_id":"s4jyudftq8","name":"Shamakawa","state":"Kano","lga":"Kunchi","population":119,"num_buildings":28,"dist_transmission_km":3.64,"solar_pv_value":1738.955,"wealth_index":NaN,"viability_score":NaN,"viability_tier":"A_highly_viable","rank_in_state":7}},{"type":"Feature","geometry":{"type":"Point","coordinates":[8.291865,12.450835]},"properties":{"settlement_id":"s4jyudtgq7","name":"Shamakawa","state":"Kano","lga":"Kunchi","population":323,"num_buildings":76,"dist_transmission_km":3.1,"solar_pv_value":1738.955,"wealth_index":NaN,"viability_score":NaN,"viability_tier":"A_highly_viable","rank_in_state":8}},{"type":"Feature","geometry":{"type":"Point","coordinates":[8.297632,12.453019]},"properties":{"settlement_id":"s4jyug40hf","name":"Shamakawa","state":"Kano","lga":"Kunchi","population":408,"num_buildings":96,"dist_transmission_km":2.5,"solar_pv_value":1738.955,"wealth_index":NaN,"viability_score":NaN,"viability_tier":"A_highly_viable","rank_in_state":9}},{"type":"Feature","geometry":{"type":"Point","coordinates":[8.772261,11.54496]},"properties":{"settlement_id":"s4n1xtey22","name":"Dal","state":"Kano","lga":"Garko","population":591,"num_buildings":139,"dist_transmission_km":9.3,"solar_pv_value":1719.962,"wealth_index":NaN,"viability_score":NaN,"viability_tier":"A_highly_viable","rank_in_state":10}},{"type":"Feature","geometry":{"type":"Point","coordinates":[8.769434,11.55732]},"properties":{"settlement_id":"s4n1xxcwq8","name":"Kwas","state":"Kano","lga":"Garko","population":319,"num_buildings":75,"dist_transmission_km":9.8,"solar_pv_value":1719.962,"wealth_index":NaN,"viability_score":NaN,"viability_tier":"A_highly_viable","rank_in_state":11}},{"type":"Feature","geometry":{"type":"Point","coordinates":[8.774899,11.555001]},"properties":{"settlement_id":"s4n1xxt8vb","name":"Dal","state":"Kano","lga":"Garko","population":213,"num_buildings":50,"dist_transmission_km":9.2,"solar_pv_value":1719.962,"wealth_index":NaN,"viability_score":NaN,"viability_tier":"A_highly_viable","rank_in_state":12}},{"type":"Feature","geometry":{"type":"Point","coordinates":[8.783684,11.559147]},"properties":{"settlement_id":"s4n1zbk0ft","name":"Dal","state":"Kano","lga":"Garko","population":242,"num_buildings":57,"dist_transmission_km":8.24,"solar_pv_value":1722.519,"wealth_index":NaN,"viability_score":NaN,"viability_tier":"A_highly_viable","rank_in_state":13}},{"type":"Feature","geometry":{"type":"Point","coordinates":[8.817694,11.526739]},"properties":{"settlement_id":"s4n38dku55","name":"Dal","state":"Kano","lga":"Garko","population":357,"num_buildings":84,"dist_transmission_km":4.75,"solar_pv_value":1721.423,"wealth_index":NaN,"viability_score":NaN,"viability_tier":"A_highly_viable","rank_in_state":14}},{"type":"Feature","geometry":{"type":"Point","coordinates":[8.818612,11.530461]},"properties":{"settlement_id":"s4n38ej9b9","name":"Dal","state":"Kano","lga":"Garko","population":102,"num_buildings":24,"dist_transmission_km":5.16,"solar_pv_value":1721.423,"wealth_index":NaN,"viability_score":NaN,"viability_tier":"A_highly_viable","rank_in_state":15}},{"type":"Feature","geometry":{"type":"Point","coordinates":[8.818057,11.535648]},"properties":{"settlement_id":"s4n38sj058","name":"Dal","state":"Kano","lga":"Garko","population":536,"num_buildings":126,"dist_transmission_km":5.6,"solar_pv_value":1721.423,"wealth_index":NaN,"viability_score":NaN,"viability_tier":"A_highly_viable","rank_in_state":16}},{"type":"Feature","geometry":{"type":"Point","coordinates":[8.81447,11.589061]},"properties":{"settlement_id":"s4n3btdx0j","name":"Zakarawa","state":"Kano","lga":"Garko","population":442,"num_buildings":104,"dist_transmission_km":4.88,"solar_pv_value":1722.154,"wealth_index":NaN,"viability_score":NaN,"viability_tier":"A_highly_viable","rank_in_state":17}},{"type":"Feature","geometry":{"type":"Point","coordinates":[8.812866,11.592611]},"properties":{"settlement_id":"s4n3bw37fe","name":"Zakarawa","state":"Kano","lga":"Garko","population":183,"num_buildings":43,"dist_transmission_km":4.91,"solar_pv_value":1721.789,"wealth_index":NaN,"viability_score":NaN,"viability_tier":"A_highly_viable","rank_in_state":18}},{"type":"Feature","geometry":{"type":"Point","coordinates":[8.816502,11.60083]},"properties":{"settlement_id":"s4n3bxggxr","name":"Zakarawa","state":"Kano","lga":"Garko","population":128,"num_buildings":30,"dist_transmission_km":4.21,"solar_pv_value":1721.058,"wealth_index":NaN,"viability_score":NaN,"viability_tier":"A_highly_viable","rank_in_state":19}},{"type":"Feature","geometry":{"type":"Point","coordinates":[8.724932,11.633073]},"properties":{"settlement_id":"s4n4nt9r99","name":"Sanda","state":"Kano","lga":"Bunkure","population":523,"num_buildings":123,"dist_transmission_km":3.82,"solar_pv_value":1716.675,"wealth_index":NaN,"viability_score":NaN,"viability_tier":"A_highly_viable","rank_in_state":20}},{"type":"Feature","geometry":{"type":"Point","coordinates":[8.724461,11.638429]},"properties":{"settlement_id":"s4n4nw8yy8","name":"Sanda","state":"Kano","lga":"Bunkure","population":128,"num_buildings":30,"dist_transmission_km":3.48,"solar_pv_value":1716.675,"wealth_index":NaN,"viability_score":NaN,"viability_tier":"A_highly_viable","rank_in_state":21}},{"type":"Feature","geometry":{"type":"Point","coordinates":[8.72481,11.642257]},"properties":{"settlement_id":"s4n4nx3jnf","name":"Sanda","state":"Kano","lga":"Bunkure","population":396,"num_buildings":93,"dist_transmission_km":2.86,"solar_pv_value":1715.944,"wealth_index":NaN,"viability_score":NaN,"viability_tier":"A_highly_viable","rank_in_state":22}},{"type":"Feature","geometry":{"type":"Point","coordinates":[8.729237,11.641979]},"properties":{"settlement_id":"s4n4nxk7my","name":"Sanda","state":"Kano","lga":"Bunkure","population":132,"num_buildings":31,"dist_transmission_km":2.83,"solar_pv_value":1715.944,"wealth_index":NaN,"viability_score":NaN,"viability_tier":"A_highly_viable","rank_in_state":23}},{"type":"Feature","geometry":{"type":"Point","coordinates":[8.732342,11.642083]},"properties":{"settlement_id":"s4n4nxqsn3","name":"Sanda","state":"Kano","lga":"Bunkure","population":149,"num_buildings":35,"dist_transmission_km":2.61,"solar_pv_value":1715.944,"wealth_index":NaN,"viability_score":NaN,"viability_tier":"A_highly_viable","rank_in_state":24}},{"type":"Feature","geometry":{"type":"Point","coordinates":[8.746478,11.614051]},"properties":{"settlement_id":"s4n4p42bz8","name":"Unguwar Gai","state":"Kano","lga":"Kibiya","population":94,"num_buildings":22,"dist_transmission_km":5.05,"solar_pv_value":1717.771,"wealth_index":NaN,"viability_score":NaN,"viability_tier":"A_highly_viable","rank_in_state":25}},{"type":"Feature","geometry":{"type":"Point","coordinates":[8.753848,11.612843]},"properties":{"settlement_id":"s4n4p4n3eq","name":"Unguwar Gai","state":"Kano","lga":"Kibiya","population":349,"num_buildings":82,"dist_transmission_km":5.19,"solar_pv_value":1717.406,"wealth_index":NaN,"viability_score":NaN,"viability_tier":"A_highly_viable","rank_in_state":26}},{"type":"Feature","geometry":{"type":"Point","coordinates":[8.74693,11.620033]},"properties":{"settlement_id":"s4n4p537d5","name":"Unguwar Gai","state":"Kano","lga":"Kibiya","population":166,"num_buildings":39,"dist_transmission_km":4.38,"solar_pv_value":1717.406,"wealth_index":NaN,"viability_score":NaN,"viability_tier":"A_highly_viable","rank_in_state":27}},{"type":"Feature","geometry":{"type":"Point","coordinates":[8.759645,11.615925]},"properties":{"settlement_id":"s4n4p6dedt","name":"Sarina","state":"Kano","lga":"Kibiya","population":353,"num_buildings":83,"dist_transmission_km":4.79,"solar_pv_value":1717.771,"wealth_index":NaN,"viability_score":NaN,"viability_tier":"A_highly_viable","rank_in_state":28}},{"type":"Feature","geometry":{"type":"Point","coordinates":[8.767394,11.614335]},"properties":{"settlement_id":"s4n4pd24rh","name":"Sarina","state":"Kano","lga":"Garko","population":179,"num_buildings":42,"dist_transmission_km":5.06,"solar_pv_value":1718.501,"wealth_index":NaN,"viability_score":NaN,"viability_tier":"A_highly_viable","rank_in_state":29}},{"type":"Feature","geometry":{"type":"Point","coordinates":[8.773188,11.614223]},"properties":{"settlement_id":"s4n4pdk3y0","name":"Sarina","state":"Kano","lga":"Garko","population":170,"num_buildings":40,"dist_transmission_km":4.59,"solar_pv_value":1718.501,"wealth_index":NaN,"viability_score":NaN,"viability_tier":"A_highly_viable","rank_in_state":30}},{"type":"Feature","geometry":{"type":"Point","coordinates":[8.783588,11.615625]},"properties":{"settlement_id":"s4n4pfs1bm","name":"Sarina","state":"Kano","lga":"Garko","population":302,"num_buildings":71,"dist_transmission_km":3.72,"solar_pv_value":1719.962,"wealth_index":NaN,"viability_score":NaN,"viability_tier":"A_highly_viable","rank_in_state":31}},{"type":"Feature","geometry":{"type":"Point","coordinates":[8.745621,11.625258]},"properties":{"settlement_id":"s4n4ph2659","name":"Unguwar Gai","state":"Kano","lga":"Kibiya","population":217,"num_buildings":51,"dist_transmission_km":3.79,"solar_pv_value":1716.675,"wealth_index":NaN,"viability_score":NaN,"viability_tier":"A_highly_viable","rank_in_state":32}},{"type":"Feature","geometry":{"type":"Point","coordinates":[8.749239,11.624769]},"properties":{"settlement_id":"s4n4ph5p0n","name":"Unguwar Gai","state":"Kano","lga":"Kibiya","population":536,"num_buildings":126,"dist_transmission_km":3.71,"solar_pv_value":1716.675,"wealth_index":NaN,"viability_score":NaN,"viability_tier":"A_highly_viable","rank_in_state":33}},{"type":"Feature","geometry":{"type":"Point","coordinates":[8.760145,11.623791]},"properties":{"settlement_id":"s4n4pk4cqp","name":"Sarina","state":"Kano","lga":"Kibiya","population":204,"num_buildings":48,"dist_transmission_km":4.02,"solar_pv_value":1717.406,"wealth_index":NaN,"viability_score":NaN,"viability_tier":"A_highly_viable","rank_in_state":34}},{"type":"Feature","geometry":{"type":"Point","coordinates":[8.762208,11.62867]},"properties":{"settlement_id":"s4n4pkumyj","name":"Sarina","state":"Kano","lga":"Kibiya","population":149,"num_buildings":35,"dist_transmission_km":3.53,"solar_pv_value":1716.675,"wealth_index":NaN,"viability_score":NaN,"viability_tier":"A_highly_viable","rank_in_state":35}},{"type":"Feature","geometry":{"type":"Point","coordinates":[8.773153,11.681042]},"properties":{"settlement_id":"s4n4rwkrj2","name":"Raba","state":"Kano","lga":"Garko","population":974,"num_buildings":229,"dist_transmission_km":1.41,"solar_pv_value":1714.483,"wealth_index":NaN,"viability_score":NaN,"viability_tier":"A_highly_viable","rank_in_state":36}},{"type":"Feature","geometry":{"type":"Point","coordinates":[8.778509,11.681847]},"properties":{"settlement_id":"s4n4ry87dn","name":"Raba","state":"Kano","lga":"Garko","population":98,"num_buildings":23,"dist_transmission_km":0.97,"solar_pv_value":1715.579,"wealth_index":NaN,"viability_score":NaN,"viability_tier":"A_highly_viable","rank_in_state":37}},{"type":"Feature","geometry":{"type":"Point","coordinates":[8.785207,11.683665]},"properties":{"settlement_id":"s4n4ryvnq1","name":"Raba","state":"Kano","lga":"Garko","population":149,"num_buildings":35,"dist_transmission_km":0.21,"solar_pv_value":1715.579,"wealth_index":NaN,"viability_score":NaN,"viability_tier":"A_highly_viable","rank_in_state":38}},{"type":"Feature","geometry":{"type":"Point","coordinates":[8.726436,11.729222]},"properties":{"settlement_id":"s4n4wx4rst","name":"Kumurya","state":"Kano","lga":"Bunkure","population":306,"num_buildings":72,"dist_transmission_km":4.8,"solar_pv_value":1711.927,"wealth_index":NaN,"viability_score":NaN,"viability_tier":"A_highly_viable","rank_in_state":39}},{"type":"Feature","geometry":{"type":"Point","coordinates":[8.7408,11.725131]},"properties":{"settlement_id":"s4n4wykzg6","name":"Kumurya","state":"Kano","lga":"Bunkure","population":336,"num_buildings":79,"dist_transmission_km":3.04,"solar_pv_value":1712.657,"wealth_index":NaN,"viability_score":NaN,"viability_tier":"A_highly_viable","rank_in_state":40}},{"type":"Feature","geometry":{"type":"Point","coordinates":[8.753802,11.698066]},"properties":{"settlement_id":"s4n4x1w64m","name":"Sanda","state":"Kano","lga":"Bunkure","population":157,"num_buildings":37,"dist_transmission_km":2.44,"solar_pv_value":1713.022,"wealth_index":NaN,"viability_score":NaN,"viability_tier":"A_highly_viable","rank_in_state":41}},{"type":"Feature","geometry":{"type":"Point","coordinates":[8.751038,11.70332]},"properties":{"settlement_id":"s4n4x4s2cb","name":"Sanda","state":"Kano","lga":"Bunkure","population":340,"num_buildings":80,"dist_transmission_km":2.31,"solar_pv_value":1713.022,"wealth_index":NaN,"viability_score":NaN,"viability_tier":"A_highly_viable","rank_in_state":42}},{"type":"Feature","geometry":{"type":"Point","coordinates":[8.78625,11.69139]},"properties":{"settlement_id":"s4n4xbmgq3","name":"Raba","state":"Kano","lga":"Garko","population":98,"num_buildings":23,"dist_transmission_km":0.08,"solar_pv_value":1715.579,"wealth_index":NaN,"viability_score":NaN,"viability_tier":"A_highly_viable","rank_in_state":43}},{"type":"Feature","geometry":{"type":"Point","coordinates":[8.783941,11.694121]},"properties":{"settlement_id":"s4n4xbu70w","name":"Raba","state":"Kano","lga":"Garko","population":174,"num_buildings":41,"dist_transmission_km":null,"solar_pv_value":1715.214,"wealth_index":NaN,"viability_score":NaN,"viability_tier":"A_highly_viable","rank_in_state":44}},{"type":"Feature","geometry":{"type":"Point","coordinates":[8.722936,11.733456]},"properties":{"settlement_id":"s4n4y2pb74","name":"Kumurya","state":"Kano","lga":"Bunkure","population":170,"num_buildings":40,"dist_transmission_km":4.67,"solar_pv_value":1711.927,"wealth_index":NaN,"viability_score":NaN,"viability_tier":"A_highly_viable","rank_in_state":45}},{"type":"Feature","geometry":{"type":"Point","coordinates":[8.724994,11.737538]},"properties":{"settlement_id":"s4n4y8c255","name":"Kumurya","state":"Kano","lga":"Bunkure","population":200,"num_buildings":47,"dist_transmission_km":4.16,"solar_pv_value":1710.831,"wealth_index":NaN,"viability_score":NaN,"viability_tier":"A_highly_viable","rank_in_state":46}},{"type":"Feature","geometry":{"type":"Point","coordinates":[8.737974,11.733983]},"properties":{"settlement_id":"s4n4yb4g3s","name":"Kumurya","state":"Kano","lga":"Bunkure","population":2220,"num_buildings":522,"dist_transmission_km":3.43,"solar_pv_value":1711.379,"wealth_index":NaN,"viability_score":NaN,"viability_tier":"A_highly_viable","rank_in_state":47}},{"type":"Feature","geometry":{"type":"Point","coordinates":[8.766682,11.74648]},"properties":{"settlement_id":"s4n4z6rsnq","name":"Faudan","state":"Kano","lga":"Dawakin Kudu","population":4490,"num_buildings":927,"dist_transmission_km":0.41,"solar_pv_value":1712.657,"wealth_index":NaN,"viability_score":NaN,"viability_tier":"A_highly_viable","rank_in_state":48}},{"type":"Feature","geometry":{"type":"Point","coordinates":[8.767361,11.741694]},"properties":{"settlement_id":"s4n4z980q6","name":"Faudan","state":"Kano","lga":"Dawakin Kudu","population":262,"num_buildings":53,"dist_transmission_km":1.05,"solar_pv_value":1712.657,"wealth_index":NaN,"viability_score":NaN,"viability_tier":"A_highly_viable","rank_in_state":49}},{"type":"Feature","geometry":{"type":"Point","coordinates":[8.771271,11.751984]},"properties":{"settlement_id":"s4n4ze7h32","name":"Katai","state":"Kano","lga":"Dawakin Kudu","population":3246,"num_buildings":656,"dist_transmission_km":null,"solar_pv_value":1711.927,"wealth_index":NaN,"viability_score":NaN,"viability_tier":"A_highly_viable","rank_in_state":50}},{"type":"Feature","geometry":{"type":"Point","coordinates":[7.052337,11.536065]},"properties":{"settlement_id":"s4j18kp67q","name":"Machika","state":"Katsina","lga":"Faskari","population":111,"num_buildings":26,"dist_transmission_km":1.82,"solar_pv_value":1717.406,"wealth_index":NaN,"viability_score":NaN,"viability_tier":"A_highly_viable","rank_in_state":1}},{"type":"Feature","geometry":{"type":"Point","coordinates":[7.457164,11.788409]},"properties":{"settlement_id":"s4j71dn0kw","name":"Yaba","state":"Katsina","lga":"Malumfashi","population":115,"num_buildings":27,"dist_transmission_km":2.01,"solar_pv_value":1724.711,"wealth_index":NaN,"viability_score":NaN,"viability_tier":"A_highly_viable","rank_in_state":2}},{"type":"Feature","geometry":{"type":"Point","coordinates":[7.451869,11.803882]},"properties":{"settlement_id":"s4j71sf695","name":"Yaba","state":"Katsina","lga":"Kankara","population":128,"num_buildings":30,"dist_transmission_km":3.25,"solar_pv_value":1725.806,"wealth_index":NaN,"viability_score":NaN,"viability_tier":"A_highly_viable","rank_in_state":3}},{"type":"Feature","geometry":{"type":"Point","coordinates":[7.490985,11.84471]},"properties":{"settlement_id":"s4j76kqb2t","name":"Burdugau","state":"Katsina","lga":"Kankara","population":111,"num_buildings":26,"dist_transmission_km":0.58,"solar_pv_value":1731.285,"wealth_index":NaN,"viability_score":NaN,"viability_tier":"A_highly_viable","rank_in_state":4}},{"type":"Feature","geometry":{"type":"Point","coordinates":[7.50293,11.84695]},"properties":{"settlement_id":"s4j76sxmqz","name":"Burdugau","state":"Katsina","lga":"Kankara","population":302,"num_buildings":71,"dist_transmission_km":null,"solar_pv_value":1731.285,"wealth_index":NaN,"viability_score":NaN,"viability_tier":"A_highly_viable","rank_in_state":5}},{"type":"Feature","geometry":{"type":"Point","coordinates":[7.66925,11.954942]},"properties":{"settlement_id":"s4jkn82dd6","name":"Dan Tatashi","state":"Katsina","lga":"Malumfashi","population":264,"num_buildings":62,"dist_transmission_km":1.12,"solar_pv_value":1734.207,"wealth_index":NaN,"viability_score":NaN,"viability_tier":"A_highly_viable","rank_in_state":6}},{"type":"Feature","geometry":{"type":"Point","coordinates":[7.426123,12.276345]},"properties":{"settlement_id":"s4jmbfzdch","name":"Makera","state":"Katsina","lga":"Dan Musa","population":145,"num_buildings":34,"dist_transmission_km":2.66,"solar_pv_value":1723.615,"wealth_index":NaN,"viability_score":NaN,"viability_tier":"A_highly_viable","rank_in_state":7}},{"type":"Feature","geometry":{"type":"Point","coordinates":[7.609371,12.203971]},"properties":{"settlement_id":"s4jmmjsvr1","name":"Mazoji A","state":"Katsina","lga":"Matazu","population":132,"num_buildings":31,"dist_transmission_km":3.59,"solar_pv_value":1732.016,"wealth_index":NaN,"viability_score":NaN,"viability_tier":"A_highly_viable","rank_in_state":8}},{"type":"Feature","geometry":{"type":"Point","coordinates":[7.60684,12.207133]},"properties":{"settlement_id":"s4jmmn5psn","name":"Mazoji A","state":"Katsina","lga":"Matazu","population":1612,"num_buildings":379,"dist_transmission_km":3.77,"solar_pv_value":1732.381,"wealth_index":NaN,"viability_score":NaN,"viability_tier":"A_highly_viable","rank_in_state":9}},{"type":"Feature","geometry":{"type":"Point","coordinates":[8.463049,12.940347]},"properties":{"settlement_id":"s4q18edwgr","name":"Garni","state":"Katsina","lga":"Zango","population":21,"num_buildings":5,"dist_transmission_km":2.53,"solar_pv_value":1752.835,"wealth_index":NaN,"viability_score":NaN,"viability_tier":"A_highly_viable","rank_in_state":10}},{"type":"Feature","geometry":{"type":"Point","coordinates":[8.46244,12.942814]},"properties":{"settlement_id":"s4q18s4jm5","name":"Gwarandama","state":"Katsina","lga":"Zango","population":106,"num_buildings":25,"dist_transmission_km":2.4,"solar_pv_value":1753.2,"wealth_index":NaN,"viability_score":NaN,"viability_tier":"A_highly_viable","rank_in_state":11}},{"type":"Feature","geometry":{"type":"Point","coordinates":[8.465323,12.942348]},"properties":{"settlement_id":"s4q18sh68k","name":"Gwarandama","state":"Katsina","lga":"Zango","population":238,"num_buildings":56,"dist_transmission_km":2.63,"solar_pv_value":1753.2,"wealth_index":NaN,"viability_score":NaN,"viability_tier":"A_highly_viable","rank_in_state":12}},{"type":"Feature","geometry":{"type":"Point","coordinates":[7.557504,11.391926]},"properties":{"settlement_id":"s4j2gcz4y8","name":"Danja A","state":"Katsina","lga":"Danja","population":85,"num_buildings":20,"dist_transmission_km":1.08,"solar_pv_value":1721.789,"wealth_index":null,"viability_score":61.59,"viability_tier":"A_highly_viable","rank_in_state":13}},{"type":"Feature","geometry":{"type":"Point","coordinates":[7.749013,11.329032]},"properties":{"settlement_id":"s4j82q6smh","name":"Kudan","state":"Katsina","lga":"Danja","population":191,"num_buildings":45,"dist_transmission_km":0.71,"solar_pv_value":1719.232,"wealth_index":null,"viability_score":60.78,"viability_tier":"A_highly_viable","rank_in_state":14}},{"type":"Feature","geometry":{"type":"Point","coordinates":[8.143226,12.860723]},"properties":{"settlement_id":"s4mc1m1xnu","name":"Yamel A","state":"Katsina","lga":"Dutsi","population":81,"num_buildings":19,"dist_transmission_km":1.46,"solar_pv_value":1751.008,"wealth_index":0.4,"viability_score":59.81,"viability_tier":"A_highly_viable","rank_in_state":15}},{"type":"Feature","geometry":{"type":"Point","coordinates":[8.058577,13.106593]},"properties":{"settlement_id":"s4mdx3up6q","name":"Karau","state":"Katsina","lga":"Mashi","population":200,"num_buildings":47,"dist_transmission_km":7.41,"solar_pv_value":1755.026,"wealth_index":-0.4,"viability_score":59.78,"viability_tier":"A_highly_viable","rank_in_state":16}},{"type":"Feature","geometry":{"type":"Point","coordinates":[7.172996,11.866641]},"properties":{"settlement_id":"s4j5e0r0ny","name":"Yar Malamai","state":"Katsina","lga":"Faskari","population":123,"num_buildings":29,"dist_transmission_km":13.32,"solar_pv_value":1721.423,"wealth_index":-0.8,"viability_score":59.55,"viability_tier":"B_viable","rank_in_state":17}},{"type":"Feature","geometry":{"type":"Point","coordinates":[7.406292,11.494882]},"properties":{"settlement_id":"s4j32s94e1","name":"Jiba","state":"Katsina","lga":"Danja","population":225,"num_buildings":53,"dist_transmission_km":1.05,"solar_pv_value":1722.154,"wealth_index":-0.1,"viability_score":59.04,"viability_tier":"B_viable","rank_in_state":18}},{"type":"Feature","geometry":{"type":"Point","coordinates":[7.445075,11.756455]},"properties":{"settlement_id":"s4j6ckjq6f","name":"Karfi","state":"Katsina","lga":"Malumfashi","population":85,"num_buildings":20,"dist_transmission_km":4.65,"solar_pv_value":1726.171,"wealth_index":-0.5,"viability_score":58.92,"viability_tier":"B_viable","rank_in_state":19}},{"type":"Feature","geometry":{"type":"Point","coordinates":[7.403088,11.48953]},"properties":{"settlement_id":"s4j327wg27","name":"Jiba","state":"Katsina","lga":"Danja","population":498,"num_buildings":117,"dist_transmission_km":0.91,"solar_pv_value":1722.519,"wealth_index":-0.1,"viability_score":58.9,"viability_tier":"B_viable","rank_in_state":20}},{"type":"Feature","geometry":{"type":"Point","coordinates":[7.351919,11.436612]},"properties":{"settlement_id":"s4j1p3cx04","name":"Funtua","state":"Katsina","lga":"Funtua","population":310,"num_buildings":73,"dist_transmission_km":1.22,"solar_pv_value":1717.771,"wealth_index":-0.5,"viability_score":58.83,"viability_tier":"B_viable","rank_in_state":21}},{"type":"Feature","geometry":{"type":"Point","coordinates":[7.818844,12.019471]},"properties":{"settlement_id":"s4js3ujd2r","name":"Dansarai","state":"Katsina","lga":"Musawa","population":98,"num_buildings":23,"dist_transmission_km":5.46,"solar_pv_value":1745.895,"wealth_index":-0.3,"viability_score":58.8,"viability_tier":"B_viable","rank_in_state":22}},{"type":"Feature","geometry":{"type":"Point","coordinates":[7.448447,11.572852]},"properties":{"settlement_id":"s4j3c6zb9r","name":"Bakori B","state":"Katsina","lga":"Bakori","population":268,"num_buildings":63,"dist_transmission_km":0.82,"solar_pv_value":1723.615,"wealth_index":-0.1,"viability_score":58.67,"viability_tier":"B_viable","rank_in_state":23}},{"type":"Feature","geometry":{"type":"Point","coordinates":[7.444216,11.605066]},"properties":{"settlement_id":"s4j612ssqv","name":"Kabomo","state":"Katsina","lga":"Bakori","population":642,"num_buildings":151,"dist_transmission_km":0.97,"solar_pv_value":1726.902,"wealth_index":-0.2,"viability_score":58.63,"viability_tier":"B_viable","rank_in_state":24}},{"type":"Feature","geometry":{"type":"Point","coordinates":[7.22339,13.093986]},"properties":{"settlement_id":"s4m4krevvp","name":"Jibia B","state":"Katsina","lga":"Jibia","population":103094,"num_buildings":21818,"dist_transmission_km":null,"solar_pv_value":1725.989,"wealth_index":0.3,"viability_score":58.57,"viability_tier":"B_viable","rank_in_state":25}},{"type":"Feature","geometry":{"type":"Point","coordinates":[7.168862,11.571232]},"properties":{"settlement_id":"s4j1g4kpq9","name":"Dandume B","state":"Katsina","lga":"Faskari","population":111,"num_buildings":26,"dist_transmission_km":4.0,"solar_pv_value":1715.214,"wealth_index":0.3,"viability_score":58.4,"viability_tier":"B_viable","rank_in_state":26}},{"type":"Feature","geometry":{"type":"Point","coordinates":[8.038658,12.825699]},"properties":{"settlement_id":"s4m8yyve47","name":"Bujawa","state":"Katsina","lga":"Mani","population":391,"num_buildings":92,"dist_transmission_km":2.05,"solar_pv_value":1756.852,"wealth_index":0.1,"viability_score":58.36,"viability_tier":"B_viable","rank_in_state":27}},{"type":"Feature","geometry":{"type":"Point","coordinates":[8.347414,12.882921]},"properties":{"settlement_id":"s4mcmcq2ky","name":"Rade A","state":"Katsina","lga":"Sandamu","population":166,"num_buildings":39,"dist_transmission_km":0.72,"solar_pv_value":1748.817,"wealth_index":-0.4,"viability_score":58.27,"viability_tier":"B_viable","rank_in_state":28}},{"type":"Feature","geometry":{"type":"Point","coordinates":[7.942113,12.422204]},"properties":{"settlement_id":"s4jwstrk8d","name":"Kofa","state":"Katsina","lga":"Kusada","population":140,"num_buildings":33,"dist_transmission_km":0.98,"solar_pv_value":1744.069,"wealth_index":-0.3,"viability_score":58.23,"viability_tier":"B_viable","rank_in_state":29}},{"type":"Feature","geometry":{"type":"Point","coordinates":[7.534423,12.618803]},"properties":{"settlement_id":"s4jrg3nmug","name":"Birchi","state":"Katsina","lga":"Kurfi","population":102,"num_buildings":24,"dist_transmission_km":0.9,"solar_pv_value":1739.32,"wealth_index":-0.5,"viability_score":58.17,"viability_tier":"B_viable","rank_in_state":30}},{"type":"Feature","geometry":{"type":"Point","coordinates":[7.418542,11.613219]},"properties":{"settlement_id":"s4j60f45bs","name":"Kabomo","state":"Katsina","lga":"Bakori","population":625,"num_buildings":147,"dist_transmission_km":2.49,"solar_pv_value":1730.554,"wealth_index":-0.4,"viability_score":57.99,"viability_tier":"B_viable","rank_in_state":31}},{"type":"Feature","geometry":{"type":"Point","coordinates":[7.269691,12.609316]},"properties":{"settlement_id":"s4jptrmws4","name":"Baure A","state":"Katsina","lga":"Safana","population":1673,"num_buildings":348,"dist_transmission_km":5.79,"solar_pv_value":1725.806,"wealth_index":-0.2,"viability_score":57.9,"viability_tier":"B_viable","rank_in_state":32}},{"type":"Feature","geometry":{"type":"Point","coordinates":[7.570769,11.352685]},"properties":{"settlement_id":"s4j2s68y5t","name":"Danja B","state":"Katsina","lga":"Danja","population":111,"num_buildings":26,"dist_transmission_km":2.13,"solar_pv_value":1716.675,"wealth_index":0.1,"viability_score":57.88,"viability_tier":"B_viable","rank_in_state":33}},{"type":"Feature","geometry":{"type":"Point","coordinates":[7.862482,12.866827]},"properties":{"settlement_id":"s4m94ym69n","name":"Machika","state":"Katsina","lga":"Mani","population":663,"num_buildings":156,"dist_transmission_km":0.04,"solar_pv_value":1745.53,"wealth_index":0.1,"viability_score":57.87,"viability_tier":"B_viable","rank_in_state":34}},{"type":"Feature","geometry":{"type":"Point","coordinates":[7.426445,11.5763]},"properties":{"settlement_id":"s4j3bgrubd","name":"Bakori B","state":"Katsina","lga":"Bakori","population":987,"num_buildings":232,"dist_transmission_km":null,"solar_pv_value":1725.806,"wealth_index":0.6,"viability_score":57.77,"viability_tier":"B_viable","rank_in_state":35}},{"type":"Feature","geometry":{"type":"Point","coordinates":[7.352411,11.48174]},"properties":{"settlement_id":"s4j1r61vgx","name":"Funtua","state":"Katsina","lga":"Funtua","population":145,"num_buildings":34,"dist_transmission_km":0.95,"solar_pv_value":1722.154,"wealth_index":-0.2,"viability_score":57.72,"viability_tier":"B_viable","rank_in_state":36}},{"type":"Feature","geometry":{"type":"Point","coordinates":[7.808163,12.039316]},"properties":{"settlement_id":"s4js3xtwp7","name":"Gingin","state":"Katsina","lga":"Musawa","population":272,"num_buildings":64,"dist_transmission_km":6.1,"solar_pv_value":1744.799,"wealth_index":-0.9,"viability_score":57.7,"viability_tier":"B_viable","rank_in_state":37}},{"type":"Feature","geometry":{"type":"Point","coordinates":[7.950468,13.176073]},"properties":{"settlement_id":"s4mduytk5q","name":"Tamilo B","state":"Katsina","lga":"Mashi","population":98,"num_buildings":23,"dist_transmission_km":0.39,"solar_pv_value":1758.314,"wealth_index":-0.7,"viability_score":57.68,"viability_tier":"B_viable","rank_in_state":38}},{"type":"Feature","geometry":{"type":"Point","coordinates":[7.842703,12.087605]},"properties":{"settlement_id":"s4jsf2qzkh","name":"Tabanni-Yarraddau","state":"Katsina","lga":"Musawa","population":527,"num_buildings":124,"dist_transmission_km":3.92,"solar_pv_value":1737.494,"wealth_index":-0.3,"viability_score":57.64,"viability_tier":"B_viable","rank_in_state":39}},{"type":"Feature","geometry":{"type":"Point","coordinates":[7.42338,11.614719]},"properties":{"settlement_id":"s4j60fms9k","name":"Kabomo","state":"Katsina","lga":"Bakori","population":532,"num_buildings":125,"dist_transmission_km":2.99,"solar_pv_value":1730.554,"wealth_index":-0.1,"viability_score":57.63,"viability_tier":"B_viable","rank_in_state":40}},{"type":"Feature","geometry":{"type":"Point","coordinates":[7.285838,11.466607]},"properties":{"settlement_id":"s4j1jz3mu6","name":"Mahuta B","state":"Katsina","lga":"Dandume","population":217,"num_buildings":51,"dist_transmission_km":0.04,"solar_pv_value":1717.406,"wealth_index":0.1,"viability_score":57.59,"viability_tier":"B_viable","rank_in_state":41}},{"type":"Feature","geometry":{"type":"Point","coordinates":[7.826608,12.014156]},"properties":{"settlement_id":"s4js6555t1","name":"Dansarai","state":"Katsina","lga":"Musawa","population":885,"num_buildings":208,"dist_transmission_km":5.03,"solar_pv_value":1745.53,"wealth_index":-0.1,"viability_score":57.56,"viability_tier":"B_viable","rank_in_state":42}},{"type":"Feature","geometry":{"type":"Point","coordinates":[7.645831,11.441056]},"properties":{"settlement_id":"s4j3jfz8bz","name":"Dutsen Kura","state":"Katsina","lga":"Kafur","population":561,"num_buildings":132,"dist_transmission_km":1.3,"solar_pv_value":1718.866,"wealth_index":-0.2,"viability_score":57.54,"viability_tier":"B_viable","rank_in_state":43}},{"type":"Feature","geometry":{"type":"Point","coordinates":[7.239528,13.095687]},"properties":{"settlement_id":"s4m4kxzxvh","name":"Jibia B","state":"Katsina","lga":"Jibia","population":242,"num_buildings":49,"dist_transmission_km":0.21,"solar_pv_value":1724.711,"wealth_index":0.8,"viability_score":57.5,"viability_tier":"B_viable","rank_in_state":44}},{"type":"Feature","geometry":{"type":"Point","coordinates":[7.419939,11.575944]},"properties":{"settlement_id":"s4j3bg74c0","name":"Bakori B","state":"Katsina","lga":"Bakori","population":115,"num_buildings":27,"dist_transmission_km":0.51,"solar_pv_value":1726.902,"wealth_index":-0.2,"viability_score":57.49,"viability_tier":"B_viable","rank_in_state":45}},{"type":"Feature","geometry":{"type":"Point","coordinates":[7.642725,12.917363]},"properties":{"settlement_id":"s4m3mzt306","name":"Dandagoro","state":"Katsina","lga":"Batagarawa","population":2390,"num_buildings":562,"dist_transmission_km":0.36,"solar_pv_value":1740.781,"wealth_index":0.1,"viability_score":57.49,"viability_tier":"B_viable","rank_in_state":46}},{"type":"Feature","geometry":{"type":"Point","coordinates":[7.787894,12.811719]},"properties":{"settlement_id":"s4m8chqcxj","name":"Iyatawa","state":"Katsina","lga":"Mani","population":102,"num_buildings":24,"dist_transmission_km":2.35,"solar_pv_value":1740.051,"wealth_index":-0.7,"viability_score":57.49,"viability_tier":"B_viable","rank_in_state":47}},{"type":"Feature","geometry":{"type":"Point","coordinates":[7.596234,11.936726]},"properties":{"settlement_id":"s4j7uv52mp","name":"Na'Alma","state":"Katsina","lga":"Kankara","population":230,"num_buildings":54,"dist_transmission_km":3.82,"solar_pv_value":1729.094,"wealth_index":null,"viability_score":57.47,"viability_tier":"B_viable","rank_in_state":48}},{"type":"Feature","geometry":{"type":"Point","coordinates":[7.660077,11.310013]},"properties":{"settlement_id":"s4j2q6cvse","name":"Yakaji A","state":"Katsina","lga":"Danja","population":132,"num_buildings":31,"dist_transmission_km":1.04,"solar_pv_value":1710.101,"wealth_index":0.1,"viability_score":57.46,"viability_tier":"B_viable","rank_in_state":49}},{"type":"Feature","geometry":{"type":"Point","coordinates":[7.51519,11.879732]},"properties":{"settlement_id":"s4j7e48kkw","name":"Burdugau","state":"Katsina","lga":"Kankara","population":413,"num_buildings":97,"dist_transmission_km":3.8,"solar_pv_value":1734.207,"wealth_index":null,"viability_score":57.38,"viability_tier":"B_viable","rank_in_state":50}},{"type":"Feature","geometry":{"type":"Point","coordinates":[3.647308,11.19263]},"properties":{"settlement_id":"s1fxdvxcu3","name":"Balouma","state":"Kebbi","lga":"Bagudo","population":247,"num_buildings":58,"dist_transmission_km":7.42,"solar_pv_value":1616.231,"wealth_index":NaN,"viability_score":NaN,"viability_tier":"A_highly_viable","rank_in_state":1}},{"type":"Feature","geometry":{"type":"Point","coordinates":[3.650483,11.191126]},"properties":{"settlement_id":"s1fxej61n3","name":"Balouma","state":"Kebbi","lga":"Bagudo","population":85,"num_buildings":20,"dist_transmission_km":7.15,"solar_pv_value":1614.77,"wealth_index":NaN,"viability_score":NaN,"viability_tier":"A_highly_viable","rank_in_state":2}},{"type":"Feature","geometry":{"type":"Point","coordinates":[3.62115,11.23415]},"properties":{"settlement_id":"s1fxfmhgdv","name":"Location #16550","state":"Kebbi","lga":"Bagudo","population":1284,"num_buildings":302,"dist_transmission_km":9.48,"solar_pv_value":1618.788,"wealth_index":NaN,"viability_score":NaN,"viability_tier":"A_highly_viable","rank_in_state":3}},{"type":"Feature","geometry":{"type":"Point","coordinates":[3.795896,11.156745]},"properties":{"settlement_id":"s1fxqrh0fb","name":"Bagudo","state":"Kebbi","lga":"Bagudo","population":706,"num_buildings":166,"dist_transmission_km":2.02,"solar_pv_value":1606.735,"wealth_index":NaN,"viability_score":NaN,"viability_tier":"A_highly_viable","rank_in_state":4}},{"type":"Feature","geometry":{"type":"Point","coordinates":[3.711794,11.245338]},"properties":{"settlement_id":"s1fxurnug4","name":"Bagudo","state":"Kebbi","lga":"Bagudo","population":1038,"num_buildings":244,"dist_transmission_km":null,"solar_pv_value":1618.423,"wealth_index":NaN,"viability_score":NaN,"viability_tier":"A_highly_viable","rank_in_state":5}},{"type":"Feature","geometry":{"type":"Point","coordinates":[3.984116,11.050571]},"properties":{"settlement_id":"s1fyfetnhx","name":"Bagudo","state":"Kebbi","lga":"Bagudo","population":132,"num_buildings":31,"dist_transmission_km":6.34,"solar_pv_value":1617.327,"wealth_index":NaN,"viability_score":NaN,"viability_tier":"A_highly_viable","rank_in_state":6}},{"type":"Feature","geometry":{"type":"Point","coordinates":[3.97455,11.055114]},"properties":{"settlement_id":"s1fyfkw0tw","name":"Bagudo","state":"Kebbi","lga":"Bagudo","population":179,"num_buildings":42,"dist_transmission_km":5.36,"solar_pv_value":1615.136,"wealth_index":NaN,"viability_score":NaN,"viability_tier":"A_highly_viable","rank_in_state":7}},{"type":"Feature","geometry":{"type":"Point","coordinates":[3.977476,11.057476]},"properties":{"settlement_id":"s1fyfsbq3y","name":"Bagudo","state":"Kebbi","lga":"Bagudo","population":89,"num_buildings":21,"dist_transmission_km":5.36,"solar_pv_value":1616.231,"wealth_index":NaN,"viability_score":NaN,"viability_tier":"A_highly_viable","rank_in_state":8}},{"type":"Feature","geometry":{"type":"Point","coordinates":[3.993667,11.06452]},"properties":{"settlement_id":"s1fyfyhpe0","name":"Bagudo","state":"Kebbi","lga":"Bagudo","population":98,"num_buildings":23,"dist_transmission_km":5.62,"solar_pv_value":1616.231,"wealth_index":NaN,"viability_score":NaN,"viability_tier":"A_highly_viable","rank_in_state":9}},{"type":"Feature","geometry":{"type":"Point","coordinates":[4.192166,11.056037]},"properties":{"settlement_id":"s1fyzkswhd","name":"Bagudo","state":"Kebbi","lga":"Bagudo","population":332,"num_buildings":78,"dist_transmission_km":15.54,"solar_pv_value":1613.309,"wealth_index":NaN,"viability_score":NaN,"viability_tier":"A_highly_viable","rank_in_state":10}},{"type":"Feature","geometry":{"type":"Point","coordinates":[4.063048,11.160245]},"properties":{"settlement_id":"s1fzkrwt5u","name":"Bagudo","state":"Kebbi","lga":"Bagudo","population":196,"num_buildings":46,"dist_transmission_km":null,"solar_pv_value":1612.579,"wealth_index":NaN,"viability_score":NaN,"viability_tier":"A_highly_viable","rank_in_state":11}},{"type":"Feature","geometry":{"type":"Point","coordinates":[4.217034,11.134002]},"properties":{"settlement_id":"s1fzrfyu20","name":"Bagudo","state":"Kebbi","lga":"Bagudo","population":370,"num_buildings":87,"dist_transmission_km":11.14,"solar_pv_value":1611.118,"wealth_index":NaN,"viability_score":NaN,"viability_tier":"A_highly_viable","rank_in_state":12}},{"type":"Feature","geometry":{"type":"Point","coordinates":[4.215711,11.139323]},"properties":{"settlement_id":"s1fzrgvg30","name":"Bagudo","state":"Kebbi","lga":"Bagudo","population":438,"num_buildings":103,"dist_transmission_km":10.62,"solar_pv_value":1609.657,"wealth_index":NaN,"viability_score":NaN,"viability_tier":"A_highly_viable","rank_in_state":13}},{"type":"Feature","geometry":{"type":"Point","coordinates":[4.216571,11.145891]},"properties":{"settlement_id":"s1fzrvn3t0","name":"Bagudo","state":"Kebbi","lga":"Bagudo","population":366,"num_buildings":86,"dist_transmission_km":10.63,"solar_pv_value":1610.022,"wealth_index":NaN,"viability_score":NaN,"viability_tier":"A_highly_viable","rank_in_state":14}},{"type":"Feature","geometry":{"type":"Point","coordinates":[4.126802,11.191501]},"properties":{"settlement_id":"s1fztvm51q","name":"Bagudo","state":"Kebbi","lga":"Bagudo","population":94,"num_buildings":22,"dist_transmission_km":0.14,"solar_pv_value":1622.806,"wealth_index":NaN,"viability_score":NaN,"viability_tier":"A_highly_viable","rank_in_state":15}},{"type":"Feature","geometry":{"type":"Point","coordinates":[4.188389,11.171189]},"properties":{"settlement_id":"s1fzx39uus","name":"Bagudo","state":"Kebbi","lga":"Bagudo","population":149,"num_buildings":35,"dist_transmission_km":7.0,"solar_pv_value":1611.118,"wealth_index":NaN,"viability_score":NaN,"viability_tier":"A_highly_viable","rank_in_state":16}},{"type":"Feature","geometry":{"type":"Point","coordinates":[4.148879,11.242665]},"properties":{"settlement_id":"s1fzyqtj7b","name":"Bagudo","state":"Kebbi","lga":"Bagudo","population":332,"num_buildings":78,"dist_transmission_km":0.61,"solar_pv_value":1618.423,"wealth_index":NaN,"viability_score":NaN,"viability_tier":"A_highly_viable","rank_in_state":17}},{"type":"Feature","geometry":{"type":"Point","coordinates":[4.558314,10.157008]},"properties":{"settlement_id":"s1g1z9p2b7","name":"Libata\r","state":"Kebbi","lga":"Ngaski","population":374,"num_buildings":88,"dist_transmission_km":7.67,"solar_pv_value":1569.844,"wealth_index":NaN,"viability_score":NaN,"viability_tier":"A_highly_viable","rank_in_state":18}},{"type":"Feature","geometry":{"type":"Point","coordinates":[4.558572,10.161812]},"properties":{"settlement_id":"s1g1z9zky7","name":"Libata\r","state":"Kebbi","lga":"Ngaski","population":85,"num_buildings":20,"dist_transmission_km":7.24,"solar_pv_value":1574.593,"wealth_index":NaN,"viability_score":NaN,"viability_tier":"A_highly_viable","rank_in_state":19}},{"type":"Feature","geometry":{"type":"Point","coordinates":[4.563342,10.16494]},"properties":{"settlement_id":"s1g1zf6zjd","name":"Libata\r","state":"Kebbi","lga":"Ngaski","population":498,"num_buildings":117,"dist_transmission_km":6.63,"solar_pv_value":1574.593,"wealth_index":NaN,"viability_score":NaN,"viability_tier":"A_highly_viable","rank_in_state":20}},{"type":"Feature","geometry":{"type":"Point","coordinates":[4.677138,10.144621]},"properties":{"settlement_id":"s1g3dqvb9n","name":"Wara\r","state":"Kebbi","lga":"Ngaski","population":957,"num_buildings":225,"dist_transmission_km":3.4,"solar_pv_value":1576.054,"wealth_index":NaN,"viability_score":NaN,"viability_tier":"A_highly_viable","rank_in_state":21}},{"type":"Feature","geometry":{"type":"Point","coordinates":[4.697841,10.511032]},"properties":{"settlement_id":"s1g7fckz5w","name":"Old Makawa","state":"Kebbi","lga":"Ngaski","population":162,"num_buildings":38,"dist_transmission_km":6.82,"solar_pv_value":1600.891,"wealth_index":NaN,"viability_score":NaN,"viability_tier":"A_highly_viable","rank_in_state":22}},{"type":"Feature","geometry":{"type":"Point","coordinates":[4.809794,10.393439]},"properties":{"settlement_id":"s1g7jkn6hm","name":"Ngaski","state":"Kebbi","lga":"Ngaski","population":413,"num_buildings":97,"dist_transmission_km":9.82,"solar_pv_value":1579.706,"wealth_index":NaN,"viability_score":NaN,"viability_tier":"A_highly_viable","rank_in_state":23}},{"type":"Feature","geometry":{"type":"Point","coordinates":[4.631415,10.563852]},"properties":{"settlement_id":"s1gk17h6zu","name":"Utono\r","state":"Kebbi","lga":"Ngaski","population":89,"num_buildings":21,"dist_transmission_km":7.48,"solar_pv_value":1605.639,"wealth_index":NaN,"viability_score":NaN,"viability_tier":"A_highly_viable","rank_in_state":24}},{"type":"Feature","geometry":{"type":"Point","coordinates":[4.636307,10.570047]},"properties":{"settlement_id":"s1gk1s0ncz","name":"Utono\r","state":"Kebbi","lga":"Ngaski","population":183,"num_buildings":43,"dist_transmission_km":8.18,"solar_pv_value":1606.369,"wealth_index":NaN,"viability_score":NaN,"viability_tier":"A_highly_viable","rank_in_state":25}},{"type":"Feature","geometry":{"type":"Point","coordinates":[4.851184,10.710574]},"properties":{"settlement_id":"s1gkymu98g","name":"Birnin Yauri","state":"Kebbi","lga":"Ngaski","population":85,"num_buildings":20,"dist_transmission_km":1.87,"solar_pv_value":1584.089,"wealth_index":NaN,"viability_score":NaN,"viability_tier":"A_highly_viable","rank_in_state":26}},{"type":"Feature","geometry":{"type":"Point","coordinates":[4.356783,10.964752]},"properties":{"settlement_id":"s1gn7hhd23","name":"Bagudo\r","state":"Kebbi","lga":"Shanga","population":85,"num_buildings":20,"dist_transmission_km":25.39,"solar_pv_value":1607.465,"wealth_index":NaN,"viability_score":NaN,"viability_tier":"A_highly_viable","rank_in_state":27}},{"type":"Feature","geometry":{"type":"Point","coordinates":[4.411034,10.985807]},"properties":{"settlement_id":"s1gnkruhbw","name":"Bagudo\r","state":"Kebbi","lga":"Shanga","population":51,"num_buildings":12,"dist_transmission_km":21.06,"solar_pv_value":1599.43,"wealth_index":NaN,"viability_score":NaN,"viability_tier":"A_highly_viable","rank_in_state":28}},{"type":"Feature","geometry":{"type":"Point","coordinates":[4.414024,11.00186]},"properties":{"settlement_id":"s1gns6y4qp","name":"Bagudo","state":"Kebbi","lga":"Shanga","population":94,"num_buildings":22,"dist_transmission_km":19.26,"solar_pv_value":1599.064,"wealth_index":NaN,"viability_score":NaN,"viability_tier":"A_highly_viable","rank_in_state":29}},{"type":"Feature","geometry":{"type":"Point","coordinates":[4.410842,11.026451]},"properties":{"settlement_id":"s1gnsr7csp","name":"Bagudo","state":"Kebbi","lga":"Shanga","population":102,"num_buildings":24,"dist_transmission_km":16.74,"solar_pv_value":1599.795,"wealth_index":NaN,"viability_score":NaN,"viability_tier":"A_highly_viable","rank_in_state":30}},{"type":"Feature","geometry":{"type":"Point","coordinates":[4.4196,11.029371]},"properties":{"settlement_id":"s1gnsxf68p","name":"Bagudo","state":"Kebbi","lga":"Shanga","population":944,"num_buildings":222,"dist_transmission_km":16.01,"solar_pv_value":1599.795,"wealth_index":NaN,"viability_score":NaN,"viability_tier":"A_highly_viable","rank_in_state":31}},{"type":"Feature","geometry":{"type":"Point","coordinates":[4.500436,11.033039]},"properties":{"settlement_id":"s1gny2t05g","name":"Kawara","state":"Kebbi","lga":"Shanga","population":170,"num_buildings":40,"dist_transmission_km":13.11,"solar_pv_value":1600.891,"wealth_index":NaN,"viability_score":NaN,"viability_tier":"A_highly_viable","rank_in_state":32}},{"type":"Feature","geometry":{"type":"Point","coordinates":[4.262897,11.163436]},"properties":{"settlement_id":"s1gp900psx","name":"Bagudo","state":"Kebbi","lga":"Bagudo","population":625,"num_buildings":147,"dist_transmission_km":14.97,"solar_pv_value":1610.752,"wealth_index":NaN,"viability_score":NaN,"viability_tier":"A_highly_viable","rank_in_state":33}},{"type":"Feature","geometry":{"type":"Point","coordinates":[4.54308,11.118611]},"properties":{"settlement_id":"s1gpr2h4t7","name":"Dugu Tsoho","state":"Kebbi","lga":"Shanga","population":506,"num_buildings":119,"dist_transmission_km":4.27,"solar_pv_value":1602.717,"wealth_index":NaN,"viability_score":NaN,"viability_tier":"A_highly_viable","rank_in_state":34}},{"type":"Feature","geometry":{"type":"Point","coordinates":[4.666771,10.973055]},"properties":{"settlement_id":"s1gq6jw4xt","name":"Sakace","state":"Kebbi","lga":"Shanga","population":149,"num_buildings":35,"dist_transmission_km":5.94,"solar_pv_value":1592.855,"wealth_index":NaN,"viability_score":NaN,"viability_tier":"A_highly_viable","rank_in_state":35}},{"type":"Feature","geometry":{"type":"Point","coordinates":[4.668685,10.978663]},"properties":{"settlement_id":"s1gq6nxek5","name":"Sakace","state":"Kebbi","lga":"Shanga","population":183,"num_buildings":43,"dist_transmission_km":6.11,"solar_pv_value":1591.394,"wealth_index":NaN,"viability_score":NaN,"viability_tier":"A_highly_viable","rank_in_state":36}},{"type":"Feature","geometry":{"type":"Point","coordinates":[5.021043,10.833931]},"properties":{"settlement_id":"s1gtdk20nz","name":"Kambuwa","state":"Kebbi","lga":"Ngaski","population":102,"num_buildings":24,"dist_transmission_km":6.22,"solar_pv_value":1590.299,"wealth_index":NaN,"viability_score":NaN,"viability_tier":"A_highly_viable","rank_in_state":37}},{"type":"Feature","geometry":{"type":"Point","coordinates":[5.560168,11.053968]},"properties":{"settlement_id":"s1gyys2f12","name":"Sakaba\r","state":"Kebbi","lga":"Sakaba","population":140,"num_buildings":33,"dist_transmission_km":1.42,"solar_pv_value":1609.657,"wealth_index":NaN,"viability_score":NaN,"viability_tier":"A_highly_viable","rank_in_state":38}},{"type":"Feature","geometry":{"type":"Point","coordinates":[5.437013,11.173276]},"properties":{"settlement_id":"s1gzedp159","name":"Doka Bere","state":"Kebbi","lga":"Sakaba","population":94,"num_buildings":22,"dist_transmission_km":5.94,"solar_pv_value":1615.136,"wealth_index":NaN,"viability_score":NaN,"viability_tier":"A_highly_viable","rank_in_state":39}},{"type":"Feature","geometry":{"type":"Point","coordinates":[5.52501,11.12032]},"properties":{"settlement_id":"s1gzm8rhw1","name":"Adai\r","state":"Kebbi","lga":"Sakaba","population":225,"num_buildings":53,"dist_transmission_km":3.77,"solar_pv_value":1616.596,"wealth_index":NaN,"viability_score":NaN,"viability_tier":"A_highly_viable","rank_in_state":40}},{"type":"Feature","geometry":{"type":"Point","coordinates":[5.60758,11.171586]},"properties":{"settlement_id":"s1gzx9er4n","name":"Janbirni\r","state":"Kebbi","lga":"Sakaba","population":523,"num_buildings":123,"dist_transmission_km":11.57,"solar_pv_value":1626.824,"wealth_index":NaN,"viability_score":NaN,"viability_tier":"A_highly_viable","rank_in_state":41}},{"type":"Feature","geometry":{"type":"Point","coordinates":[5.710074,11.054424]},"properties":{"settlement_id":"s1uncumuwm","name":"Sakaba","state":"Kebbi","lga":"Sakaba","population":578,"num_buildings":136,"dist_transmission_km":12.51,"solar_pv_value":1618.788,"wealth_index":NaN,"viability_score":NaN,"viability_tier":"A_highly_viable","rank_in_state":42}},{"type":"Feature","geometry":{"type":"Point","coordinates":[5.775746,11.055629]},"properties":{"settlement_id":"s1ungktg8w","name":"Dankolo","state":"Kebbi","lga":"Sakaba","population":89,"num_buildings":21,"dist_transmission_km":16.11,"solar_pv_value":1625.728,"wealth_index":NaN,"viability_score":NaN,"viability_tier":"A_highly_viable","rank_in_state":43}},{"type":"Feature","geometry":{"type":"Point","coordinates":[5.636333,11.148472]},"properties":{"settlement_id":"s1up2m8281","name":"Janbirni\r","state":"Kebbi","lga":"Sakaba","population":149,"num_buildings":35,"dist_transmission_km":10.07,"solar_pv_value":1623.171,"wealth_index":NaN,"viability_score":NaN,"viability_tier":"A_highly_viable","rank_in_state":44}},{"type":"Feature","geometry":{"type":"Point","coordinates":[5.644443,11.14918]},"properties":{"settlement_id":"s1up2mwhtj","name":"Janbirni\r","state":"Kebbi","lga":"Sakaba","population":89,"num_buildings":21,"dist_transmission_km":10.57,"solar_pv_value":1622.806,"wealth_index":NaN,"viability_score":NaN,"viability_tier":"A_highly_viable","rank_in_state":45}},{"type":"Feature","geometry":{"type":"Point","coordinates":[5.627252,11.154887]},"properties":{"settlement_id":"s1up2n9tum","name":"Janbirni\r","state":"Kebbi","lga":"Sakaba","population":140,"num_buildings":33,"dist_transmission_km":10.3,"solar_pv_value":1624.632,"wealth_index":NaN,"viability_score":NaN,"viability_tier":"A_highly_viable","rank_in_state":46}},{"type":"Feature","geometry":{"type":"Point","coordinates":[5.656197,11.149434]},"properties":{"settlement_id":"s1up2twwnv","name":"Janbirni\r","state":"Kebbi","lga":"Sakaba","population":115,"num_buildings":27,"dist_transmission_km":11.28,"solar_pv_value":1623.536,"wealth_index":NaN,"viability_score":NaN,"viability_tier":"A_highly_viable","rank_in_state":47}},{"type":"Feature","geometry":{"type":"Point","coordinates":[5.664145,11.153629]},"properties":{"settlement_id":"s1up2ykw85","name":"Janbirni\r","state":"Kebbi","lga":"Sakaba","population":145,"num_buildings":34,"dist_transmission_km":12.19,"solar_pv_value":1623.902,"wealth_index":NaN,"viability_score":NaN,"viability_tier":"A_highly_viable","rank_in_state":48}},{"type":"Feature","geometry":{"type":"Point","coordinates":[5.797886,11.151414]},"properties":{"settlement_id":"s1up7yjcsw","name":"Ayu","state":"Kebbi","lga":"Sakaba","population":225,"num_buildings":53,"dist_transmission_km":5.23,"solar_pv_value":1632.302,"wealth_index":NaN,"viability_score":NaN,"viability_tier":"A_highly_viable","rank_in_state":49}},{"type":"Feature","geometry":{"type":"Point","coordinates":[5.802665,11.117556]},"properties":{"settlement_id":"s1uphpck7y","name":"Dankolo","state":"Kebbi","lga":"Sakaba","population":251,"num_buildings":59,"dist_transmission_km":8.72,"solar_pv_value":1627.189,"wealth_index":NaN,"viability_score":NaN,"viability_tier":"A_highly_viable","rank_in_state":50}},{"type":"Feature","geometry":{"type":"Point","coordinates":[5.514295,8.067321]},"properties":{"settlement_id":"s17vvkx7s3","name":"Location #138646","state":"Kogi","lga":"Yagba West","population":94,"num_buildings":22,"dist_transmission_km":7.31,"solar_pv_value":1472.323,"wealth_index":NaN,"viability_score":NaN,"viability_tier":"A_highly_viable","rank_in_state":1}},{"type":"Feature","geometry":{"type":"Point","coordinates":[5.557642,8.226905]},"properties":{"settlement_id":"s17yy3wvnq","name":"Oke-Eri","state":"Kogi","lga":"Yagba West","population":94,"num_buildings":22,"dist_transmission_km":2.44,"solar_pv_value":1486.202,"wealth_index":NaN,"viability_score":NaN,"viability_tier":"A_highly_viable","rank_in_state":2}},{"type":"Feature","geometry":{"type":"Point","coordinates":[5.358144,8.282385]},"properties":{"settlement_id":"s17z1gv8mu","name":"Location #110483","state":"Kogi","lga":"Yagba West","population":132,"num_buildings":31,"dist_transmission_km":5.46,"solar_pv_value":1484.376,"wealth_index":NaN,"viability_score":NaN,"viability_tier":"A_highly_viable","rank_in_state":3}},{"type":"Feature","geometry":{"type":"Point","coordinates":[5.338947,8.324818]},"properties":{"settlement_id":"s17z37rxw6","name":"Location #118053","state":"Kogi","lga":"Yagba West","population":119,"num_buildings":28,"dist_transmission_km":7.18,"solar_pv_value":1478.167,"wealth_index":NaN,"viability_score":NaN,"viability_tier":"A_highly_viable","rank_in_state":4}},{"type":"Feature","geometry":{"type":"Point","coordinates":[5.336443,8.327037]},"properties":{"settlement_id":"s17z37vus0","name":"Location #135072","state":"Kogi","lga":"Yagba West","population":98,"num_buildings":23,"dist_transmission_km":6.98,"solar_pv_value":1478.167,"wealth_index":NaN,"viability_score":NaN,"viability_tier":"A_highly_viable","rank_in_state":5}},{"type":"Feature","geometry":{"type":"Point","coordinates":[5.35669,8.357261]},"properties":{"settlement_id":"s17z9cksef","name":"Ahun","state":"Kogi","lga":"Yagba West","population":247,"num_buildings":58,"dist_transmission_km":9.04,"solar_pv_value":1480.358,"wealth_index":NaN,"viability_score":NaN,"viability_tier":"A_highly_viable","rank_in_state":6}},{"type":"Feature","geometry":{"type":"Point","coordinates":[5.480707,8.328412]},"properties":{"settlement_id":"s17zksnut8","name":"Location #124418","state":"Kogi","lga":"Yagba West","population":111,"num_buildings":26,"dist_transmission_km":4.17,"solar_pv_value":1490.22,"wealth_index":NaN,"viability_score":NaN,"viability_tier":"A_highly_viable","rank_in_state":7}},{"type":"Feature","geometry":{"type":"Point","coordinates":[5.508079,8.353595]},"properties":{"settlement_id":"s17zt2dz5w","name":"Location #47934","state":"Kogi","lga":"Yagba West","population":396,"num_buildings":93,"dist_transmission_km":6.91,"solar_pv_value":1489.855,"wealth_index":NaN,"viability_score":NaN,"viability_tier":"A_highly_viable","rank_in_state":8}},{"type":"Feature","geometry":{"type":"Point","coordinates":[5.55917,8.367958]},"properties":{"settlement_id":"s17zwe24fh","name":"Location #148476","state":"Kogi","lga":"Yagba West","population":85,"num_buildings":20,"dist_transmission_km":9.21,"solar_pv_value":1482.915,"wealth_index":NaN,"viability_score":NaN,"viability_tier":"A_highly_viable","rank_in_state":9}},{"type":"Feature","geometry":{"type":"Point","coordinates":[5.590335,8.366495]},"properties":{"settlement_id":"s17zx5nf25","name":"Location #24269","state":"Kogi","lga":"Yagba West","population":872,"num_buildings":205,"dist_transmission_km":7.66,"solar_pv_value":1484.741,"wealth_index":NaN,"viability_score":NaN,"viability_tier":"A_highly_viable","rank_in_state":10}},{"type":"Feature","geometry":{"type":"Point","coordinates":[5.431774,8.447151]},"properties":{"settlement_id":"s1eb59g21x","name":"Okoloki","state":"Kogi","lga":"Yagba West","population":85,"num_buildings":20,"dist_transmission_km":3.5,"solar_pv_value":1491.681,"wealth_index":NaN,"viability_score":NaN,"viability_tier":"A_highly_viable","rank_in_state":11}},{"type":"Feature","geometry":{"type":"Point","coordinates":[6.676927,6.563689]},"properties":{"settlement_id":"s1htrfvur8","name":"Location #133222","state":"Kogi","lga":"Ibaji","population":98,"num_buildings":23,"dist_transmission_km":4.29,"solar_pv_value":1390.872,"wealth_index":NaN,"viability_score":NaN,"viability_tier":"A_highly_viable","rank_in_state":12}},{"type":"Feature","geometry":{"type":"Point","coordinates":[6.729843,6.670285]},"properties":{"settlement_id":"s1hvcnk90x","name":"Location #108864","state":"Kogi","lga":"Ibaji","population":132,"num_buildings":31,"dist_transmission_km":11.89,"solar_pv_value":1376.992,"wealth_index":NaN,"viability_score":NaN,"viability_tier":"A_highly_viable","rank_in_state":13}},{"type":"Feature","geometry":{"type":"Point","coordinates":[6.633503,6.713344]},"properties":{"settlement_id":"s1hwnynk5f","name":"Location #57355","state":"Kogi","lga":"Ibaji","population":315,"num_buildings":74,"dist_transmission_km":4.52,"solar_pv_value":1394.89,"wealth_index":NaN,"viability_score":NaN,"viability_tier":"A_highly_viable","rank_in_state":14}},{"type":"Feature","geometry":{"type":"Point","coordinates":[6.642313,6.684828]},"properties":{"settlement_id":"s1hwp0uvcn","name":"Adaigba\r","state":"Kogi","lga":"Ibaji","population":174,"num_buildings":41,"dist_transmission_km":2.65,"solar_pv_value":1396.716,"wealth_index":NaN,"viability_score":NaN,"viability_tier":"A_highly_viable","rank_in_state":15}},{"type":"Feature","geometry":{"type":"Point","coordinates":[6.647474,6.692716]},"properties":{"settlement_id":"s1hwp62eck","name":"Adaigba\r","state":"Kogi","lga":"Ibaji","population":1335,"num_buildings":314,"dist_transmission_km":3.36,"solar_pv_value":1397.081,"wealth_index":NaN,"viability_score":NaN,"viability_tier":"A_highly_viable","rank_in_state":16}},{"type":"Feature","geometry":{"type":"Point","coordinates":[6.640371,6.715252]},"properties":{"settlement_id":"s1hwpn7r5v","name":"Adaigba\r","state":"Kogi","lga":"Ibaji","population":629,"num_buildings":148,"dist_transmission_km":4.88,"solar_pv_value":1394.89,"wealth_index":NaN,"viability_score":NaN,"viability_tier":"A_highly_viable","rank_in_state":17}},{"type":"Feature","geometry":{"type":"Point","coordinates":[6.729314,6.705568]},"properties":{"settlement_id":"s1hy1hsnu2","name":"Location #78830","state":"Kogi","lga":"Ibaji","population":208,"num_buildings":49,"dist_transmission_km":12.37,"solar_pv_value":1374.07,"wealth_index":NaN,"viability_score":NaN,"viability_tier":"A_highly_viable","rank_in_state":18}},{"type":"Feature","geometry":{"type":"Point","coordinates":[6.750458,6.709093]},"properties":{"settlement_id":"s1hy1t7e31","name":"Location #140504","state":"Kogi","lga":"Ibaji","population":94,"num_buildings":22,"dist_transmission_km":14.72,"solar_pv_value":1373.34,"wealth_index":NaN,"viability_score":NaN,"viability_tier":"A_highly_viable","rank_in_state":19}},{"type":"Feature","geometry":{"type":"Point","coordinates":[6.701009,6.846185]},"properties":{"settlement_id":"s1hybqr9bv","name":"Onyadega\r","state":"Kogi","lga":"Ibaji","population":94,"num_buildings":22,"dist_transmission_km":4.86,"solar_pv_value":1383.932,"wealth_index":NaN,"viability_score":NaN,"viability_tier":"A_highly_viable","rank_in_state":20}},{"type":"Feature","geometry":{"type":"Point","coordinates":[6.710367,6.842991]},"properties":{"settlement_id":"s1hybtwr6c","name":"Onyadega\r","state":"Kogi","lga":"Ibaji","population":293,"num_buildings":69,"dist_transmission_km":5.68,"solar_pv_value":1380.28,"wealth_index":NaN,"viability_score":NaN,"viability_tier":"A_highly_viable","rank_in_state":21}},{"type":"Feature","geometry":{"type":"Point","coordinates":[6.728722,6.852828]},"properties":{"settlement_id":"s1hycpe8we","name":"Onyadega\r","state":"Kogi","lga":"Ibaji","population":166,"num_buildings":39,"dist_transmission_km":6.77,"solar_pv_value":1377.723,"wealth_index":NaN,"viability_score":NaN,"viability_tier":"A_highly_viable","rank_in_state":22}},{"type":"Feature","geometry":{"type":"Point","coordinates":[6.810614,6.769131]},"properties":{"settlement_id":"s1hydbr34c","name":"Location #49664","state":"Kogi","lga":"Ibaji","population":379,"num_buildings":89,"dist_transmission_km":14.78,"solar_pv_value":1371.148,"wealth_index":NaN,"viability_score":NaN,"viability_tier":"A_highly_viable","rank_in_state":23}},{"type":"Feature","geometry":{"type":"Point","coordinates":[6.803649,6.799914]},"properties":{"settlement_id":"s1hydvfk2e","name":"Location #119382","state":"Kogi","lga":"Ibaji","population":115,"num_buildings":27,"dist_transmission_km":16.07,"solar_pv_value":1370.783,"wealth_index":NaN,"viability_score":NaN,"viability_tier":"A_highly_viable","rank_in_state":24}},{"type":"Feature","geometry":{"type":"Point","coordinates":[6.82148,6.777202]},"properties":{"settlement_id":"s1hye1z204","name":"Location #91567","state":"Kogi","lga":"Ibaji","population":170,"num_buildings":40,"dist_transmission_km":13.8,"solar_pv_value":1368.957,"wealth_index":NaN,"viability_score":NaN,"viability_tier":"A_highly_viable","rank_in_state":25}},{"type":"Feature","geometry":{"type":"Point","coordinates":[6.813644,6.796128]},"properties":{"settlement_id":"s1hyej1w36","name":"Location #81301","state":"Kogi","lga":"Ibaji","population":200,"num_buildings":47,"dist_transmission_km":14.94,"solar_pv_value":1369.688,"wealth_index":NaN,"viability_score":NaN,"viability_tier":"A_highly_viable","rank_in_state":26}},{"type":"Feature","geometry":{"type":"Point","coordinates":[6.819688,6.853672]},"properties":{"settlement_id":"s1hygptvw1","name":"Nwajala\r","state":"Kogi","lga":"Ibaji","population":387,"num_buildings":91,"dist_transmission_km":14.91,"solar_pv_value":1369.688,"wealth_index":NaN,"viability_score":NaN,"viability_tier":"A_highly_viable","rank_in_state":27}},{"type":"Feature","geometry":{"type":"Point","coordinates":[6.919593,6.810947]},"properties":{"settlement_id":"s1hytryswh","name":"Location #15217","state":"Kogi","lga":"Ibaji","population":1399,"num_buildings":329,"dist_transmission_km":4.09,"solar_pv_value":1363.844,"wealth_index":NaN,"viability_score":NaN,"viability_tier":"A_highly_viable","rank_in_state":28}},{"type":"Feature","geometry":{"type":"Point","coordinates":[6.739246,6.887315]},"properties":{"settlement_id":"s1hz1mg3eb","name":"Onyadega\r","state":"Kogi","lga":"Ibaji","population":200,"num_buildings":47,"dist_transmission_km":6.66,"solar_pv_value":1381.741,"wealth_index":NaN,"viability_score":NaN,"viability_tier":"A_highly_viable","rank_in_state":29}},{"type":"Feature","geometry":{"type":"Point","coordinates":[6.742723,6.895808]},"properties":{"settlement_id":"s1hz1rmfuz","name":"Location #132153","state":"Kogi","lga":"Ibaji","population":102,"num_buildings":24,"dist_transmission_km":6.77,"solar_pv_value":1380.645,"wealth_index":NaN,"viability_score":NaN,"viability_tier":"A_highly_viable","rank_in_state":30}},{"type":"Feature","geometry":{"type":"Point","coordinates":[6.762102,6.897856]},"properties":{"settlement_id":"s1hz1zsnbm","name":"Location #125036","state":"Kogi","lga":"Ibaji","population":111,"num_buildings":26,"dist_transmission_km":7.34,"solar_pv_value":1377.723,"wealth_index":NaN,"viability_score":NaN,"viability_tier":"A_highly_viable","rank_in_state":31}},{"type":"Feature","geometry":{"type":"Point","coordinates":[6.767248,6.917092]},"properties":{"settlement_id":"s1hz3gpybr","name":"Nwajala\r","state":"Kogi","lga":"Ibaji","population":115,"num_buildings":27,"dist_transmission_km":5.94,"solar_pv_value":1378.454,"wealth_index":NaN,"viability_score":NaN,"viability_tier":"A_highly_viable","rank_in_state":32}},{"type":"Feature","geometry":{"type":"Point","coordinates":[6.775873,6.861291]},"properties":{"settlement_id":"s1hz41n1cm","name":"Location #126053","state":"Kogi","lga":"Ibaji","population":106,"num_buildings":25,"dist_transmission_km":11.23,"solar_pv_value":1374.07,"wealth_index":NaN,"viability_score":NaN,"viability_tier":"A_highly_viable","rank_in_state":33}},{"type":"Feature","geometry":{"type":"Point","coordinates":[6.823978,6.862614]},"properties":{"settlement_id":"s1hz5331d5","name":"Nwajala\r","state":"Kogi","lga":"Ibaji","population":94,"num_buildings":22,"dist_transmission_km":14.58,"solar_pv_value":1370.418,"wealth_index":NaN,"viability_score":NaN,"viability_tier":"A_highly_viable","rank_in_state":34}},{"type":"Feature","geometry":{"type":"Point","coordinates":[6.802279,6.913044]},"properties":{"settlement_id":"s1hz6f3r2s","name":"Nwajala\r","state":"Kogi","lga":"Ibaji","population":2990,"num_buildings":703,"dist_transmission_km":8.89,"solar_pv_value":1374.07,"wealth_index":NaN,"viability_score":NaN,"viability_tier":"A_highly_viable","rank_in_state":35}},{"type":"Feature","geometry":{"type":"Point","coordinates":[6.779214,6.990069]},"properties":{"settlement_id":"s1hzf282p5","name":"Location #131234","state":"Kogi","lga":"Ibaji","population":102,"num_buildings":24,"dist_transmission_km":5.4,"solar_pv_value":1383.932,"wealth_index":NaN,"viability_score":NaN,"viability_tier":"A_highly_viable","rank_in_state":36}},{"type":"Feature","geometry":{"type":"Point","coordinates":[6.977615,6.859575]},"properties":{"settlement_id":"s1hznb8zyj","name":"Location #104884","state":"Kogi","lga":"Igalamela-Odolu","population":140,"num_buildings":33,"dist_transmission_km":8.69,"solar_pv_value":1372.975,"wealth_index":NaN,"viability_score":NaN,"viability_tier":"A_highly_viable","rank_in_state":37}},{"type":"Feature","geometry":{"type":"Point","coordinates":[6.953101,6.88474]},"properties":{"settlement_id":"s1hznjr4db","name":"Location #32503","state":"Kogi","lga":"Ibaji","population":634,"num_buildings":149,"dist_transmission_km":10.69,"solar_pv_value":1370.783,"wealth_index":NaN,"viability_score":NaN,"viability_tier":"A_highly_viable","rank_in_state":38}},{"type":"Feature","geometry":{"type":"Point","coordinates":[6.960662,6.919932]},"properties":{"settlement_id":"s1hzq7sxe0","name":"Location #59142","state":"Kogi","lga":"Ibaji","population":302,"num_buildings":71,"dist_transmission_km":14.82,"solar_pv_value":1374.07,"wealth_index":NaN,"viability_score":NaN,"viability_tier":"A_highly_viable","rank_in_state":39}},{"type":"Feature","geometry":{"type":"Point","coordinates":[6.958183,6.937892]},"properties":{"settlement_id":"s1hzqr4b1k","name":"Location #16895","state":"Kogi","lga":"Igalamela-Odolu","population":1263,"num_buildings":297,"dist_transmission_km":12.97,"solar_pv_value":1375.166,"wealth_index":NaN,"viability_score":NaN,"viability_tier":"A_highly_viable","rank_in_state":40}},{"type":"Feature","geometry":{"type":"Point","coordinates":[6.890281,6.983616]},"properties":{"settlement_id":"s1hzsz36e0","name":"Location #59806","state":"Kogi","lga":"Ibaji","population":298,"num_buildings":70,"dist_transmission_km":11.85,"solar_pv_value":1378.819,"wealth_index":NaN,"viability_score":NaN,"viability_tier":"A_highly_viable","rank_in_state":41}},{"type":"Feature","geometry":{"type":"Point","coordinates":[6.947355,6.953389]},"properties":{"settlement_id":"s1hzw1ffmj","name":"Location #120491","state":"Kogi","lga":"Igalamela-Odolu","population":115,"num_buildings":27,"dist_transmission_km":12.17,"solar_pv_value":1375.166,"wealth_index":NaN,"viability_score":NaN,"viability_tier":"A_highly_viable","rank_in_state":42}},{"type":"Feature","geometry":{"type":"Point","coordinates":[7.067145,6.861709]},"properties":{"settlement_id":"s1jp0c4hk7","name":"Location #124867","state":"Kogi","lga":"Igalamela-Odolu","population":111,"num_buildings":26,"dist_transmission_km":7.24,"solar_pv_value":1364.209,"wealth_index":NaN,"viability_score":NaN,"viability_tier":"A_highly_viable","rank_in_state":43}},{"type":"Feature","geometry":{"type":"Point","coordinates":[7.088915,6.860957]},"properties":{"settlement_id":"s1jp12czzx","name":"Location #100935","state":"Kogi","lga":"Igalamela-Odolu","population":149,"num_buildings":35,"dist_transmission_km":6.31,"solar_pv_value":1363.113,"wealth_index":NaN,"viability_score":NaN,"viability_tier":"A_highly_viable","rank_in_state":44}},{"type":"Feature","geometry":{"type":"Point","coordinates":[7.137394,7.021502]},"properties":{"settlement_id":"s1jpfqjr1q","name":"Afagba","state":"Kogi","lga":"Igalamela-Odolu","population":81,"num_buildings":19,"dist_transmission_km":1.48,"solar_pv_value":1368.957,"wealth_index":NaN,"viability_score":NaN,"viability_tier":"A_highly_viable","rank_in_state":45}},{"type":"Feature","geometry":{"type":"Point","coordinates":[6.144434,7.503246]},"properties":{"settlement_id":"s1k6evfjxd","name":"Magongo\r","state":"Kogi","lga":"Ogori/Magongo","population":85,"num_buildings":20,"dist_transmission_km":1.53,"solar_pv_value":1431.05,"wealth_index":NaN,"viability_score":NaN,"viability_tier":"A_highly_viable","rank_in_state":46}},{"type":"Feature","geometry":{"type":"Point","coordinates":[6.325331,7.449148]},"properties":{"settlement_id":"s1k6rujfqv","name":"Location #94636","state":"Kogi","lga":"Okene","population":164,"num_buildings":38,"dist_transmission_km":null,"solar_pv_value":1424.84,"wealth_index":NaN,"viability_score":NaN,"viability_tier":"A_highly_viable","rank_in_state":47}},{"type":"Feature","geometry":{"type":"Point","coordinates":[6.282462,7.49139]},"properties":{"settlement_id":"s1k6wgy8xb","name":"Location #123324","state":"Kogi","lga":"Okene","population":111,"num_buildings":26,"dist_transmission_km":1.07,"solar_pv_value":1444.929,"wealth_index":NaN,"viability_score":NaN,"viability_tier":"A_highly_viable","rank_in_state":48}},{"type":"Feature","geometry":{"type":"Point","coordinates":[6.278616,7.541299]},"properties":{"settlement_id":"s1k6yuggq2","name":"Otite","state":"Kogi","lga":"Adavi","population":81,"num_buildings":19,"dist_transmission_km":2.51,"solar_pv_value":1445.294,"wealth_index":NaN,"viability_score":NaN,"viability_tier":"A_highly_viable","rank_in_state":49}},{"type":"Feature","geometry":{"type":"Point","coordinates":[6.041036,7.61515]},"properties":{"settlement_id":"s1k736qcqq","name":"Location #145037","state":"Kogi","lga":"Ijumu","population":89,"num_buildings":21,"dist_transmission_km":10.32,"solar_pv_value":1440.181,"wealth_index":NaN,"viability_score":NaN,"viability_tier":"A_highly_viable","rank_in_state":50}},{"type":"Feature","geometry":{"type":"Point","coordinates":[4.494772,8.135135]},"properties":{"settlement_id":"s17nq2byxg","name":"Location #94613","state":"Kwara","lga":"Asa","population":162,"num_buildings":38,"dist_transmission_km":3.06,"solar_pv_value":1406.578,"wealth_index":NaN,"viability_score":NaN,"viability_tier":"A_highly_viable","rank_in_state":1}},{"type":"Feature","geometry":{"type":"Point","coordinates":[4.436105,8.258184]},"properties":{"settlement_id":"s17nuzq72t","name":"Agboyi Eleja\r","state":"Kwara","lga":"Asa","population":170,"num_buildings":40,"dist_transmission_km":0.85,"solar_pv_value":1417.17,"wealth_index":NaN,"viability_score":NaN,"viability_tier":"A_highly_viable","rank_in_state":2}},{"type":"Feature","geometry":{"type":"Point","coordinates":[4.510936,8.260295]},"properties":{"settlement_id":"s17nyxsz8q","name":"Budo Alegbe","state":"Kwara","lga":"Asa","population":119,"num_buildings":28,"dist_transmission_km":2.26,"solar_pv_value":1424.475,"wealth_index":NaN,"viability_score":NaN,"viability_tier":"A_highly_viable","rank_in_state":3}},{"type":"Feature","geometry":{"type":"Point","coordinates":[4.513514,8.261226]},"properties":{"settlement_id":"s17nyxythk","name":"Budo Alegbe","state":"Kwara","lga":"Asa","population":221,"num_buildings":52,"dist_transmission_km":1.9,"solar_pv_value":1424.475,"wealth_index":NaN,"viability_score":NaN,"viability_tier":"A_highly_viable","rank_in_state":4}},{"type":"Feature","geometry":{"type":"Point","coordinates":[4.3668,8.391998]},"properties":{"settlement_id":"s17pereycv","name":"Akopaki\r","state":"Kwara","lga":"Asa","population":183,"num_buildings":43,"dist_transmission_km":null,"solar_pv_value":1435.798,"wealth_index":NaN,"viability_score":NaN,"viability_tier":"A_highly_viable","rank_in_state":5}},{"type":"Feature","geometry":{"type":"Point","coordinates":[4.388099,8.386466]},"properties":{"settlement_id":"s17peyeqdn","name":"Akopaki\r","state":"Kwara","lga":"Asa","population":149,"num_buildings":35,"dist_transmission_km":2.07,"solar_pv_value":1436.894,"wealth_index":NaN,"viability_score":NaN,"viability_tier":"A_highly_viable","rank_in_state":6}},{"type":"Feature","geometry":{"type":"Point","coordinates":[4.383635,8.392477]},"properties":{"settlement_id":"s17pezb1dp","name":"Location #82895","state":"Kwara","lga":"Asa","population":196,"num_buildings":46,"dist_transmission_km":1.73,"solar_pv_value":1436.528,"wealth_index":NaN,"viability_score":NaN,"viability_tier":"A_highly_viable","rank_in_state":7}},{"type":"Feature","geometry":{"type":"Point","coordinates":[4.479375,8.2652]},"properties":{"settlement_id":"s17pjbtu30","name":"Ofinada\r","state":"Kwara","lga":"Asa","population":115,"num_buildings":27,"dist_transmission_km":0.03,"solar_pv_value":1422.284,"wealth_index":NaN,"viability_score":NaN,"viability_tier":"A_highly_viable","rank_in_state":8}},{"type":"Feature","geometry":{"type":"Point","coordinates":[4.47628,8.277181]},"properties":{"settlement_id":"s17pjfgd0f","name":"Aiyekale\r","state":"Kwara","lga":"Asa","population":85,"num_buildings":20,"dist_transmission_km":1.06,"solar_pv_value":1425.206,"wealth_index":NaN,"viability_score":NaN,"viability_tier":"A_highly_viable","rank_in_state":9}},{"type":"Feature","geometry":{"type":"Point","coordinates":[4.447172,8.299756]},"properties":{"settlement_id":"s17pjnymdd","name":"Location #146904","state":"Kwara","lga":"Asa","population":85,"num_buildings":20,"dist_transmission_km":4.62,"solar_pv_value":1428.858,"wealth_index":NaN,"viability_score":NaN,"viability_tier":"A_highly_viable","rank_in_state":10}},{"type":"Feature","geometry":{"type":"Point","coordinates":[4.459317,8.321397]},"properties":{"settlement_id":"s17pm6z5ts","name":"Seidu\r","state":"Kwara","lga":"Asa","population":264,"num_buildings":62,"dist_transmission_km":3.19,"solar_pv_value":1432.876,"wealth_index":NaN,"viability_score":NaN,"viability_tier":"A_highly_viable","rank_in_state":11}},{"type":"Feature","geometry":{"type":"Point","coordinates":[4.483332,8.265577]},"properties":{"settlement_id":"s17pn08wmp","name":"Ofinada\r","state":"Kwara","lga":"Asa","population":94,"num_buildings":22,"dist_transmission_km":0.25,"solar_pv_value":1422.284,"wealth_index":NaN,"viability_score":NaN,"viability_tier":"A_highly_viable","rank_in_state":12}},{"type":"Feature","geometry":{"type":"Point","coordinates":[4.492852,8.28003]},"properties":{"settlement_id":"s17pn5rdej","name":"Ofinada\r","state":"Kwara","lga":"Asa","population":115,"num_buildings":27,"dist_transmission_km":null,"solar_pv_value":1426.666,"wealth_index":NaN,"viability_score":NaN,"viability_tier":"A_highly_viable","rank_in_state":13}},{"type":"Feature","geometry":{"type":"Point","coordinates":[4.493154,8.284246]},"properties":{"settlement_id":"s17pnhpg4p","name":"Ofinada\r","state":"Kwara","lga":"Asa","population":264,"num_buildings":62,"dist_transmission_km":null,"solar_pv_value":1428.858,"wealth_index":NaN,"viability_score":NaN,"viability_tier":"A_highly_viable","rank_in_state":14}},{"type":"Feature","geometry":{"type":"Point","coordinates":[4.550845,8.280263]},"properties":{"settlement_id":"s17ppe3u42","name":"Igbono","state":"Kwara","lga":"Asa","population":451,"num_buildings":106,"dist_transmission_km":1.91,"solar_pv_value":1436.163,"wealth_index":NaN,"viability_score":NaN,"viability_tier":"A_highly_viable","rank_in_state":15}},{"type":"Feature","geometry":{"type":"Point","coordinates":[4.489498,8.321558]},"properties":{"settlement_id":"s17pq4vhsf","name":"Sumaila\r","state":"Kwara","lga":"Asa","population":115,"num_buildings":27,"dist_transmission_km":2.54,"solar_pv_value":1431.78,"wealth_index":NaN,"viability_score":NaN,"viability_tier":"A_highly_viable","rank_in_state":16}},{"type":"Feature","geometry":{"type":"Point","coordinates":[4.394622,8.383562]},"properties":{"settlement_id":"s17psn0jf1","name":"Idibo\r","state":"Kwara","lga":"Asa","population":85,"num_buildings":20,"dist_transmission_km":2.69,"solar_pv_value":1437.989,"wealth_index":NaN,"viability_score":NaN,"viability_tier":"A_highly_viable","rank_in_state":17}},{"type":"Feature","geometry":{"type":"Point","coordinates":[4.621008,8.253087]},"properties":{"settlement_id":"s17qcnkvtq","name":"Ilaji","state":"Kwara","lga":"Oyun","population":85,"num_buildings":20,"dist_transmission_km":2.45,"solar_pv_value":1432.51,"wealth_index":NaN,"viability_score":NaN,"viability_tier":"A_highly_viable","rank_in_state":18}},{"type":"Feature","geometry":{"type":"Point","coordinates":[4.746952,8.103966]},"properties":{"settlement_id":"s17qh5295b","name":"Location #142075","state":"Kwara","lga":"Oyun","population":89,"num_buildings":21,"dist_transmission_km":2.25,"solar_pv_value":1423.014,"wealth_index":NaN,"viability_score":NaN,"viability_tier":"A_highly_viable","rank_in_state":19}},{"type":"Feature","geometry":{"type":"Point","coordinates":[4.789037,8.178234]},"properties":{"settlement_id":"s17qsbz38t","name":"Bayago\r","state":"Kwara","lga":"Irepodun","population":179,"num_buildings":42,"dist_transmission_km":3.49,"solar_pv_value":1432.145,"wealth_index":NaN,"viability_score":NaN,"viability_tier":"A_highly_viable","rank_in_state":20}},{"type":"Feature","geometry":{"type":"Point","coordinates":[4.789498,8.182908]},"properties":{"settlement_id":"s17qscxsgk","name":"Bayago\r","state":"Kwara","lga":"Irepodun","population":123,"num_buildings":29,"dist_transmission_km":3.4,"solar_pv_value":1432.145,"wealth_index":NaN,"viability_score":NaN,"viability_tier":"A_highly_viable","rank_in_state":21}},{"type":"Feature","geometry":{"type":"Point","coordinates":[4.786821,8.187724]},"properties":{"settlement_id":"s17qsft8vn","name":"Bayago\r","state":"Kwara","lga":"Irepodun","population":136,"num_buildings":32,"dist_transmission_km":3.03,"solar_pv_value":1433.241,"wealth_index":NaN,"viability_score":NaN,"viability_tier":"A_highly_viable","rank_in_state":22}},{"type":"Feature","geometry":{"type":"Point","coordinates":[4.784778,8.191795]},"properties":{"settlement_id":"s17qsgk0tm","name":"Location #114928","state":"Kwara","lga":"Irepodun","population":123,"num_buildings":29,"dist_transmission_km":2.79,"solar_pv_value":1433.241,"wealth_index":NaN,"viability_score":NaN,"viability_tier":"A_highly_viable","rank_in_state":23}},{"type":"Feature","geometry":{"type":"Point","coordinates":[4.785695,8.194915]},"properties":{"settlement_id":"s17qsgufff","name":"Location #99677","state":"Kwara","lga":"Irepodun","population":149,"num_buildings":35,"dist_transmission_km":2.65,"solar_pv_value":1435.798,"wealth_index":NaN,"viability_score":NaN,"viability_tier":"A_highly_viable","rank_in_state":24}},{"type":"Feature","geometry":{"type":"Point","coordinates":[4.784659,8.197376]},"properties":{"settlement_id":"s17qsuk14t","name":"Location #132117","state":"Kwara","lga":"Irepodun","population":102,"num_buildings":24,"dist_transmission_km":2.38,"solar_pv_value":1435.798,"wealth_index":NaN,"viability_score":NaN,"viability_tier":"A_highly_viable","rank_in_state":25}},{"type":"Feature","geometry":{"type":"Point","coordinates":[4.851742,8.188543]},"properties":{"settlement_id":"s17qw6svtz","name":"Igbonla","state":"Kwara","lga":"Irepodun","population":106,"num_buildings":25,"dist_transmission_km":5.57,"solar_pv_value":1438.354,"wealth_index":NaN,"viability_score":NaN,"viability_tier":"A_highly_viable","rank_in_state":26}},{"type":"Feature","geometry":{"type":"Point","coordinates":[4.908134,8.192574]},"properties":{"settlement_id":"s17qxemvpy","name":"Esie","state":"Kwara","lga":"Irepodun","population":111,"num_buildings":26,"dist_transmission_km":0.72,"solar_pv_value":1442.007,"wealth_index":NaN,"viability_score":NaN,"viability_tier":"A_highly_viable","rank_in_state":27}},{"type":"Feature","geometry":{"type":"Point","coordinates":[4.604757,8.300354]},"properties":{"settlement_id":"s17r0z114d","name":"Ila","state":"Kwara","lga":"Asa","population":361,"num_buildings":85,"dist_transmission_km":2.5,"solar_pv_value":1433.606,"wealth_index":NaN,"viability_score":NaN,"viability_tier":"A_highly_viable","rank_in_state":28}},{"type":"Feature","geometry":{"type":"Point","coordinates":[4.615976,8.380344]},"properties":{"settlement_id":"s17r9j9701","name":"Location #105843","state":"Kwara","lga":"Asa","population":136,"num_buildings":32,"dist_transmission_km":1.06,"solar_pv_value":1444.198,"wealth_index":NaN,"viability_score":NaN,"viability_tier":"A_highly_viable","rank_in_state":29}},{"type":"Feature","geometry":{"type":"Point","coordinates":[4.864904,8.281153]},"properties":{"settlement_id":"s17rnew90q","name":"Buari","state":"Kwara","lga":"Irepodun","population":281,"num_buildings":66,"dist_transmission_km":4.41,"solar_pv_value":1454.791,"wealth_index":NaN,"viability_score":NaN,"viability_tier":"A_highly_viable","rank_in_state":30}},{"type":"Feature","geometry":{"type":"Point","coordinates":[4.845602,8.367728]},"properties":{"settlement_id":"s17rw723w9","name":"Igbaja","state":"Kwara","lga":"Ifelodun","population":170,"num_buildings":40,"dist_transmission_km":3.71,"solar_pv_value":1462.826,"wealth_index":NaN,"viability_score":NaN,"viability_tier":"A_highly_viable","rank_in_state":31}},{"type":"Feature","geometry":{"type":"Point","coordinates":[4.87645,8.364076]},"properties":{"settlement_id":"s17rwfwum8","name":"Buari","state":"Kwara","lga":"Irepodun","population":238,"num_buildings":56,"dist_transmission_km":0.78,"solar_pv_value":1470.131,"wealth_index":NaN,"viability_score":NaN,"viability_tier":"A_highly_viable","rank_in_state":32}},{"type":"Feature","geometry":{"type":"Point","coordinates":[4.879754,8.366006]},"properties":{"settlement_id":"s17rx4crd8","name":"Buari","state":"Kwara","lga":"Irepodun","population":98,"num_buildings":23,"dist_transmission_km":0.52,"solar_pv_value":1470.131,"wealth_index":NaN,"viability_score":NaN,"viability_tier":"A_highly_viable","rank_in_state":33}},{"type":"Feature","geometry":{"type":"Point","coordinates":[4.876277,8.420707]},"properties":{"settlement_id":"s17ryuyy1m","name":"Buari","state":"Kwara","lga":"Ifelodun","population":132,"num_buildings":31,"dist_transmission_km":null,"solar_pv_value":1489.124,"wealth_index":NaN,"viability_score":NaN,"viability_tier":"A_highly_viable","rank_in_state":34}},{"type":"Feature","geometry":{"type":"Point","coordinates":[4.88773,8.430026]},"properties":{"settlement_id":"s17rznxhkq","name":"Kunmi","state":"Kwara","lga":"Ifelodun","population":191,"num_buildings":45,"dist_transmission_km":1.08,"solar_pv_value":1485.472,"wealth_index":NaN,"viability_score":NaN,"viability_tier":"A_highly_viable","rank_in_state":35}},{"type":"Feature","geometry":{"type":"Point","coordinates":[5.008184,8.085408]},"properties":{"settlement_id":"s17tczyugj","name":"Location #54189","state":"Kwara","lga":"Irepodun","population":340,"num_buildings":80,"dist_transmission_km":null,"solar_pv_value":1453.33,"wealth_index":NaN,"viability_score":NaN,"viability_tier":"A_highly_viable","rank_in_state":36}},{"type":"Feature","geometry":{"type":"Point","coordinates":[5.172497,8.042756]},"properties":{"settlement_id":"s17tv8nkry","name":"Erinmope Ekiti","state":"Kwara","lga":"Ekiti","population":94,"num_buildings":22,"dist_transmission_km":null,"solar_pv_value":1473.053,"wealth_index":NaN,"viability_score":NaN,"viability_tier":"A_highly_viable","rank_in_state":37}},{"type":"Feature","geometry":{"type":"Point","coordinates":[4.963156,8.128937]},"properties":{"settlement_id":"s17w0zy43z","name":"Location #74899","state":"Kwara","lga":"Irepodun","population":221,"num_buildings":52,"dist_transmission_km":3.61,"solar_pv_value":1437.624,"wealth_index":NaN,"viability_score":NaN,"viability_tier":"A_highly_viable","rank_in_state":38}},{"type":"Feature","geometry":{"type":"Point","coordinates":[4.981781,8.12933]},"properties":{"settlement_id":"s17w1rgsgb","name":"Location #145398","state":"Kwara","lga":"Irepodun","population":89,"num_buildings":21,"dist_transmission_km":5.0,"solar_pv_value":1439.815,"wealth_index":NaN,"viability_score":NaN,"viability_tier":"A_highly_viable","rank_in_state":39}},{"type":"Feature","geometry":{"type":"Point","coordinates":[4.969154,8.149741]},"properties":{"settlement_id":"s17w35d7tt","name":"Arandun\r","state":"Kwara","lga":"Irepodun","population":111,"num_buildings":26,"dist_transmission_km":4.7,"solar_pv_value":1438.72,"wealth_index":NaN,"viability_score":NaN,"viability_tier":"A_highly_viable","rank_in_state":40}},{"type":"Feature","geometry":{"type":"Point","coordinates":[5.19224,8.1526]},"properties":{"settlement_id":"s17wqhhu7f","name":"Location #101019","state":"Kwara","lga":"Oke-Ero","population":149,"num_buildings":35,"dist_transmission_km":0.73,"solar_pv_value":1494.238,"wealth_index":NaN,"viability_score":NaN,"viability_tier":"A_highly_viable","rank_in_state":41}},{"type":"Feature","geometry":{"type":"Point","coordinates":[4.964367,8.313946]},"properties":{"settlement_id":"s17x2cwbnp","name":"Odo Eku","state":"Kwara","lga":"Isin","population":374,"num_buildings":88,"dist_transmission_km":null,"solar_pv_value":1463.922,"wealth_index":NaN,"viability_score":NaN,"viability_tier":"A_highly_viable","rank_in_state":42}},{"type":"Feature","geometry":{"type":"Point","coordinates":[4.984385,8.339648]},"properties":{"settlement_id":"s17x3qjtbx","name":"Odo Eku","state":"Kwara","lga":"Isin","population":85,"num_buildings":20,"dist_transmission_km":null,"solar_pv_value":1471.958,"wealth_index":NaN,"viability_score":NaN,"viability_tier":"A_highly_viable","rank_in_state":43}},{"type":"Feature","geometry":{"type":"Point","coordinates":[5.052104,8.33789]},"properties":{"settlement_id":"s17x6vygdx","name":"Ikoshin\r","state":"Kwara","lga":"Isin","population":115,"num_buildings":27,"dist_transmission_km":0.35,"solar_pv_value":1484.376,"wealth_index":NaN,"viability_score":NaN,"viability_tier":"A_highly_viable","rank_in_state":44}},{"type":"Feature","geometry":{"type":"Point","coordinates":[4.924919,8.351851]},"properties":{"settlement_id":"s17x806jnc","name":"Location #66803","state":"Kwara","lga":"Isin","population":259,"num_buildings":61,"dist_transmission_km":5.15,"solar_pv_value":1469.766,"wealth_index":NaN,"viability_score":NaN,"viability_tier":"A_highly_viable","rank_in_state":45}},{"type":"Feature","geometry":{"type":"Point","coordinates":[4.962067,8.378493]},"properties":{"settlement_id":"s17x8vm228","name":"Ofarese","state":"Kwara","lga":"Ifelodun","population":153,"num_buildings":36,"dist_transmission_km":2.87,"solar_pv_value":1471.227,"wealth_index":NaN,"viability_score":NaN,"viability_tier":"A_highly_viable","rank_in_state":46}},{"type":"Feature","geometry":{"type":"Point","coordinates":[5.02862,8.380051]},"properties":{"settlement_id":"s17xdmt9r6","name":"Adigun\r","state":"Kwara","lga":"Ifelodun","population":336,"num_buildings":79,"dist_transmission_km":2.95,"solar_pv_value":1482.915,"wealth_index":NaN,"viability_score":NaN,"viability_tier":"A_highly_viable","rank_in_state":47}},{"type":"Feature","geometry":{"type":"Point","coordinates":[5.027131,8.389957]},"properties":{"settlement_id":"s17xdrkeh9","name":"Adigun\r","state":"Kwara","lga":"Ifelodun","population":238,"num_buildings":56,"dist_transmission_km":3.91,"solar_pv_value":1484.011,"wealth_index":NaN,"viability_score":NaN,"viability_tier":"A_highly_viable","rank_in_state":48}},{"type":"Feature","geometry":{"type":"Point","coordinates":[5.08814,8.37042]},"properties":{"settlement_id":"s17xegc14r","name":"Ikoshin\r","state":"Kwara","lga":"Ifelodun","population":123,"num_buildings":29,"dist_transmission_km":null,"solar_pv_value":1475.975,"wealth_index":NaN,"viability_score":NaN,"viability_tier":"A_highly_viable","rank_in_state":49}},{"type":"Feature","geometry":{"type":"Point","coordinates":[5.105996,8.304516]},"properties":{"settlement_id":"s17xhpy163","name":"Owa\r","state":"Kwara","lga":"Isin","population":578,"num_buildings":136,"dist_transmission_km":null,"solar_pv_value":1498.621,"wealth_index":NaN,"viability_score":NaN,"viability_tier":"A_highly_viable","rank_in_state":50}},{"type":"Feature","geometry":{"type":"Point","coordinates":[3.181652,6.417188]},"properties":{"settlement_id":"s14k82hycf","name":"Agaja\r","state":"Lagos","lga":"Ojo","population":149,"num_buildings":35,"dist_transmission_km":4.78,"solar_pv_value":1413.518,"wealth_index":NaN,"viability_score":NaN,"viability_tier":"A_highly_viable","rank_in_state":1}},{"type":"Feature","geometry":{"type":"Point","coordinates":[3.667537,6.492831]},"properties":{"settlement_id":"s14sgmyx7z","name":"Oko-Abe\r","state":"Lagos","lga":"Ibeju/Lekki","population":366,"num_buildings":86,"dist_transmission_km":2.37,"solar_pv_value":1354.347,"wealth_index":NaN,"viability_score":NaN,"viability_tier":"A_highly_viable","rank_in_state":2}},{"type":"Feature","geometry":{"type":"Point","coordinates":[3.66654,6.497678]},"properties":{"settlement_id":"s14sgqvgsw","name":"Epe\r","state":"Lagos","lga":"Epe","population":200,"num_buildings":47,"dist_transmission_km":2.77,"solar_pv_value":1355.443,"wealth_index":NaN,"viability_score":NaN,"viability_tier":"A_highly_viable","rank_in_state":3}},{"type":"Feature","geometry":{"type":"Point","coordinates":[3.696412,6.494712]},"properties":{"settlement_id":"s14sun7dkw","name":"Dongo\r","state":"Lagos","lga":"Ibeju/Lekki","population":200,"num_buildings":47,"dist_transmission_km":1.86,"solar_pv_value":1350.329,"wealth_index":NaN,"viability_score":NaN,"viability_tier":"A_highly_viable","rank_in_state":4}},{"type":"Feature","geometry":{"type":"Point","coordinates":[3.811183,6.44167]},"properties":{"settlement_id":"s14swsxjrn","name":"Mopo Onijebu\r","state":"Lagos","lga":"Ibeju/Lekki","population":191,"num_buildings":45,"dist_transmission_km":0.68,"solar_pv_value":1387.95,"wealth_index":NaN,"viability_score":NaN,"viability_tier":"A_highly_viable","rank_in_state":5}},{"type":"Feature","geometry":{"type":"Point","coordinates":[3.827166,6.48506]},"properties":{"settlement_id":"s14szhdf5q","name":"Igando Oloja\r","state":"Lagos","lga":"Ibeju/Lekki","population":221,"num_buildings":52,"dist_transmission_km":1.35,"solar_pv_value":1344.485,"wealth_index":NaN,"viability_score":NaN,"viability_tier":"A_highly_viable","rank_in_state":6}},{"type":"Feature","geometry":{"type":"Point","coordinates":[3.854099,6.491801]},"properties":{"settlement_id":"s14szty3rp","name":"Location #121087","state":"Lagos","lga":"Ibeju/Lekki","population":115,"num_buildings":27,"dist_transmission_km":0.58,"solar_pv_value":1341.563,"wealth_index":NaN,"viability_score":NaN,"viability_tier":"A_highly_viable","rank_in_state":7}},{"type":"Feature","geometry":{"type":"Point","coordinates":[3.856719,6.485622]},"properties":{"settlement_id":"s14szu8mkp","name":"Igando Oloja\r","state":"Lagos","lga":"Ibeju/Lekki","population":353,"num_buildings":83,"dist_transmission_km":null,"solar_pv_value":1345.581,"wealth_index":NaN,"viability_score":NaN,"viability_tier":"A_highly_viable","rank_in_state":8}},{"type":"Feature","geometry":{"type":"Point","coordinates":[3.627092,6.509644]},"properties":{"settlement_id":"s14t4911mm","name":"Badore\r","state":"Lagos","lga":"Eti-Osa","population":230,"num_buildings":54,"dist_transmission_km":0.91,"solar_pv_value":1363.844,"wealth_index":NaN,"viability_score":NaN,"viability_tier":"A_highly_viable","rank_in_state":9}},{"type":"Feature","geometry":{"type":"Point","coordinates":[3.770372,6.508175]},"properties":{"settlement_id":"s14tjbc8b5","name":"Arapagi\r","state":"Lagos","lga":"Ibeju/Lekki","population":553,"num_buildings":130,"dist_transmission_km":2.97,"solar_pv_value":1339.737,"wealth_index":NaN,"viability_score":NaN,"viability_tier":"A_highly_viable","rank_in_state":10}},{"type":"Feature","geometry":{"type":"Point","coordinates":[3.777011,6.509339]},"properties":{"settlement_id":"s14tjbyrds","name":"Arapagi\r","state":"Lagos","lga":"Ibeju/Lekki","population":481,"num_buildings":113,"dist_transmission_km":3.43,"solar_pv_value":1337.911,"wealth_index":NaN,"viability_score":NaN,"viability_tier":"A_highly_viable","rank_in_state":11}},{"type":"Feature","geometry":{"type":"Point","coordinates":[3.739546,6.545731]},"properties":{"settlement_id":"s14tjpe59s","name":"Epe\r","state":"Lagos","lga":"Epe","population":217,"num_buildings":51,"dist_transmission_km":7.24,"solar_pv_value":1353.982,"wealth_index":NaN,"viability_score":NaN,"viability_tier":"A_highly_viable","rank_in_state":12}},{"type":"Feature","geometry":{"type":"Point","coordinates":[3.79154,6.511952]},"properties":{"settlement_id":"s14tn32yv7","name":"Arapagi\r","state":"Lagos","lga":"Ibeju/Lekki","population":106,"num_buildings":25,"dist_transmission_km":3.79,"solar_pv_value":1336.084,"wealth_index":NaN,"viability_score":NaN,"viability_tier":"A_highly_viable","rank_in_state":13}},{"type":"Feature","geometry":{"type":"Point","coordinates":[3.803476,6.594063]},"properties":{"settlement_id":"s14tw83t5q","name":"Epe\r","state":"Lagos","lga":"Epe","population":625,"num_buildings":147,"dist_transmission_km":5.83,"solar_pv_value":1342.659,"wealth_index":NaN,"viability_score":NaN,"viability_tier":"A_highly_viable","rank_in_state":14}},{"type":"Feature","geometry":{"type":"Point","coordinates":[3.798598,6.67967]},"properties":{"settlement_id":"s14tyrypcs","name":"Epe\r","state":"Lagos","lga":"Epe","population":153,"num_buildings":36,"dist_transmission_km":2.48,"solar_pv_value":1330.971,"wealth_index":NaN,"viability_score":NaN,"viability_tier":"A_highly_viable","rank_in_state":15}},{"type":"Feature","geometry":{"type":"Point","coordinates":[3.906512,6.487647]},"properties":{"settlement_id":"s14ubvh9k3","name":"Ibeju\r","state":"Lagos","lga":"Ibeju/Lekki","population":234,"num_buildings":55,"dist_transmission_km":0.16,"solar_pv_value":1350.694,"wealth_index":NaN,"viability_score":NaN,"viability_tier":"A_highly_viable","rank_in_state":16}},{"type":"Feature","geometry":{"type":"Point","coordinates":[3.976123,6.464231]},"properties":{"settlement_id":"s14uf2z2f7","name":"Epe","state":"Lagos","lga":"Epe","population":234,"num_buildings":55,"dist_transmission_km":null,"solar_pv_value":1372.244,"wealth_index":NaN,"viability_score":NaN,"viability_tier":"A_highly_viable","rank_in_state":17}},{"type":"Feature","geometry":{"type":"Point","coordinates":[3.991194,6.465337]},"properties":{"settlement_id":"s14ufbfr3d","name":"Epe","state":"Lagos","lga":"Epe","population":714,"num_buildings":168,"dist_transmission_km":0.79,"solar_pv_value":1372.61,"wealth_index":NaN,"viability_score":NaN,"viability_tier":"A_highly_viable","rank_in_state":18}},{"type":"Feature","geometry":{"type":"Point","coordinates":[3.971603,6.498495]},"properties":{"settlement_id":"s14ufrh03p","name":"Epe","state":"Lagos","lga":"Epe","population":187,"num_buildings":44,"dist_transmission_km":3.61,"solar_pv_value":1351.425,"wealth_index":NaN,"viability_score":NaN,"viability_tier":"A_highly_viable","rank_in_state":19}},{"type":"Feature","geometry":{"type":"Point","coordinates":[4.062377,6.42811]},"properties":{"settlement_id":"s14us6nnkn","name":"Location #104053","state":"Lagos","lga":"Ibeju/Lekki","population":140,"num_buildings":33,"dist_transmission_km":0.7,"solar_pv_value":1390.507,"wealth_index":NaN,"viability_score":NaN,"viability_tier":"A_highly_viable","rank_in_state":20}},{"type":"Feature","geometry":{"type":"Point","coordinates":[4.066073,6.447395]},"properties":{"settlement_id":"s14ust8yf3","name":"Epe","state":"Lagos","lga":"Epe","population":128,"num_buildings":30,"dist_transmission_km":1.67,"solar_pv_value":1381.741,"wealth_index":NaN,"viability_score":NaN,"viability_tier":"A_highly_viable","rank_in_state":21}},{"type":"Feature","geometry":{"type":"Point","coordinates":[4.090333,6.452545]},"properties":{"settlement_id":"s14utndkz9","name":"Epe","state":"Lagos","lga":"Epe","population":319,"num_buildings":75,"dist_transmission_km":3.74,"solar_pv_value":1378.819,"wealth_index":NaN,"viability_score":NaN,"viability_tier":"A_highly_viable","rank_in_state":22}},{"type":"Feature","geometry":{"type":"Point","coordinates":[4.159789,6.419224]},"properties":{"settlement_id":"s14uw8t4dn","name":"Ilagbo","state":"Lagos","lga":"Ibeju/Lekki","population":1608,"num_buildings":378,"dist_transmission_km":1.75,"solar_pv_value":1382.106,"wealth_index":NaN,"viability_score":NaN,"viability_tier":"A_highly_viable","rank_in_state":23}},{"type":"Feature","geometry":{"type":"Point","coordinates":[4.168248,6.41881]},"properties":{"settlement_id":"s14uwbe0r0","name":"Ilagbo","state":"Lagos","lga":"Ibeju/Lekki","population":387,"num_buildings":91,"dist_transmission_km":2.1,"solar_pv_value":1381.376,"wealth_index":NaN,"viability_score":NaN,"viability_tier":"A_highly_viable","rank_in_state":24}},{"type":"Feature","geometry":{"type":"Point","coordinates":[3.920939,6.542932]},"properties":{"settlement_id":"s14v1pp5kd","name":"Epe","state":"Lagos","lga":"Epe","population":128,"num_buildings":30,"dist_transmission_km":2.74,"solar_pv_value":1323.301,"wealth_index":NaN,"viability_score":NaN,"viability_tier":"A_highly_viable","rank_in_state":25}},{"type":"Feature","geometry":{"type":"Point","coordinates":[4.023005,6.508198]},"properties":{"settlement_id":"s14v58c3nb","name":"Epe","state":"Lagos","lga":"Epe","population":111,"num_buildings":26,"dist_transmission_km":6.28,"solar_pv_value":1355.443,"wealth_index":NaN,"viability_score":NaN,"viability_tier":"A_highly_viable","rank_in_state":26}},{"type":"Feature","geometry":{"type":"Point","coordinates":[3.876167,6.643345]},"properties":{"settlement_id":"s14vb1qs31","name":"Epe","state":"Lagos","lga":"Epe","population":149,"num_buildings":35,"dist_transmission_km":7.93,"solar_pv_value":1329.145,"wealth_index":NaN,"viability_score":NaN,"viability_tier":"A_highly_viable","rank_in_state":27}},{"type":"Feature","geometry":{"type":"Point","coordinates":[3.927997,6.6433]},"properties":{"settlement_id":"s14vc3kk0b","name":"Epe","state":"Lagos","lga":"Epe","population":98,"num_buildings":23,"dist_transmission_km":4.2,"solar_pv_value":1317.091,"wealth_index":NaN,"viability_score":NaN,"viability_tier":"A_highly_viable","rank_in_state":28}},{"type":"Feature","geometry":{"type":"Point","coordinates":[4.018643,6.61829]},"properties":{"settlement_id":"s14veky634","name":"Epe","state":"Lagos","lga":"Epe","population":225,"num_buildings":53,"dist_transmission_km":2.95,"solar_pv_value":1311.613,"wealth_index":NaN,"viability_score":NaN,"viability_tier":"A_highly_viable","rank_in_state":29}},{"type":"Feature","geometry":{"type":"Point","coordinates":[4.016865,6.627086]},"properties":{"settlement_id":"s14veqkvxd","name":"Epe","state":"Lagos","lga":"Epe","population":85,"num_buildings":20,"dist_transmission_km":2.92,"solar_pv_value":1308.691,"wealth_index":NaN,"viability_score":NaN,"viability_tier":"A_highly_viable","rank_in_state":30}},{"type":"Feature","geometry":{"type":"Point","coordinates":[4.065745,6.505739]},"properties":{"settlement_id":"s14vh82ddt","name":"Epe","state":"Lagos","lga":"Epe","population":251,"num_buildings":59,"dist_transmission_km":6.49,"solar_pv_value":1363.113,"wealth_index":NaN,"viability_score":NaN,"viability_tier":"A_highly_viable","rank_in_state":31}},{"type":"Feature","geometry":{"type":"Point","coordinates":[4.094758,6.510203]},"properties":{"settlement_id":"s14vj1jswv","name":"Epe","state":"Lagos","lga":"Epe","population":85,"num_buildings":20,"dist_transmission_km":8.58,"solar_pv_value":1362.748,"wealth_index":NaN,"viability_score":NaN,"viability_tier":"A_highly_viable","rank_in_state":32}},{"type":"Feature","geometry":{"type":"Point","coordinates":[4.094963,6.519673]},"properties":{"settlement_id":"s14vj4vgge","name":"Epe","state":"Lagos","lga":"Epe","population":123,"num_buildings":29,"dist_transmission_km":8.66,"solar_pv_value":1362.748,"wealth_index":NaN,"viability_score":NaN,"viability_tier":"A_highly_viable","rank_in_state":33}},{"type":"Feature","geometry":{"type":"Point","coordinates":[4.086086,6.654617]},"properties":{"settlement_id":"s14vugrmuw","name":"Epe\r","state":"Lagos","lga":"Epe","population":162,"num_buildings":38,"dist_transmission_km":8.51,"solar_pv_value":1307.23,"wealth_index":NaN,"viability_score":NaN,"viability_tier":"A_highly_viable","rank_in_state":34}},{"type":"Feature","geometry":{"type":"Point","coordinates":[4.300531,6.431653]},"properties":{"settlement_id":"s15h9fge1e","name":"Epe","state":"Lagos","lga":"Epe","population":140,"num_buildings":33,"dist_transmission_km":9.14,"solar_pv_value":1344.485,"wealth_index":NaN,"viability_score":NaN,"viability_tier":"A_highly_viable","rank_in_state":35}},{"type":"Feature","geometry":{"type":"Point","coordinates":[6.984637,8.25981]},"properties":{"settlement_id":"s1kyyzwhcu","name":"Location #50377","state":"Nasarawa","lga":"Toto","population":374,"num_buildings":88,"dist_transmission_km":12.92,"solar_pv_value":1459.539,"wealth_index":NaN,"viability_score":NaN,"viability_tier":"A_highly_viable","rank_in_state":1}},{"type":"Feature","geometry":{"type":"Point","coordinates":[7.021452,8.303324]},"properties":{"settlement_id":"s1kzpz8f7e","name":"Location #126124","state":"Nasarawa","lga":"Toto","population":106,"num_buildings":25,"dist_transmission_km":7.83,"solar_pv_value":1457.348,"wealth_index":NaN,"viability_score":NaN,"viability_tier":"A_highly_viable","rank_in_state":2}},{"type":"Feature","geometry":{"type":"Point","coordinates":[7.029092,8.389638]},"properties":{"settlement_id":"s1kzxzq3jt","name":"Location #90602","state":"Nasarawa","lga":"Toto","population":170,"num_buildings":40,"dist_transmission_km":3.92,"solar_pv_value":1451.504,"wealth_index":NaN,"viability_score":NaN,"viability_tier":"A_highly_viable","rank_in_state":3}},{"type":"Feature","geometry":{"type":"Point","coordinates":[7.099568,7.965962]},"properties":{"settlement_id":"s1mj3d1tpf","name":"Adausu\r","state":"Nasarawa","lga":"Toto","population":442,"num_buildings":104,"dist_transmission_km":8.42,"solar_pv_value":1467.209,"wealth_index":NaN,"viability_score":NaN,"viability_tier":"A_highly_viable","rank_in_state":4}},{"type":"Feature","geometry":{"type":"Point","coordinates":[7.252382,8.034447]},"properties":{"settlement_id":"s1mjtn9h09","name":"Location #112268","state":"Nasarawa","lga":"Toto","population":128,"num_buildings":30,"dist_transmission_km":6.79,"solar_pv_value":1475.61,"wealth_index":NaN,"viability_score":NaN,"viability_tier":"A_highly_viable","rank_in_state":5}},{"type":"Feature","geometry":{"type":"Point","coordinates":[7.407287,8.061809]},"properties":{"settlement_id":"s1mmbe9g6q","name":"Location #112668","state":"Nasarawa","lga":"Nasarawa","population":128,"num_buildings":30,"dist_transmission_km":19.02,"solar_pv_value":1472.688,"wealth_index":NaN,"viability_score":NaN,"viability_tier":"A_highly_viable","rank_in_state":6}},{"type":"Feature","geometry":{"type":"Point","coordinates":[7.411351,8.061044]},"properties":{"settlement_id":"s1mmbekybz","name":"Location #83218","state":"Nasarawa","lga":"Nasarawa","population":191,"num_buildings":45,"dist_transmission_km":18.66,"solar_pv_value":1471.958,"wealth_index":NaN,"viability_score":NaN,"viability_tier":"A_highly_viable","rank_in_state":7}},{"type":"Feature","geometry":{"type":"Point","coordinates":[7.415834,8.060475]},"properties":{"settlement_id":"s1mmbg259m","name":"Location #129261","state":"Nasarawa","lga":"Nasarawa","population":102,"num_buildings":24,"dist_transmission_km":18.36,"solar_pv_value":1471.958,"wealth_index":NaN,"viability_score":NaN,"viability_tier":"A_highly_viable","rank_in_state":8}},{"type":"Feature","geometry":{"type":"Point","coordinates":[7.391738,8.083933]},"properties":{"settlement_id":"s1mmbpwkrf","name":"Location #79490","state":"Nasarawa","lga":"Nasarawa","population":204,"num_buildings":48,"dist_transmission_km":22.03,"solar_pv_value":1465.018,"wealth_index":NaN,"viability_score":NaN,"viability_tier":"A_highly_viable","rank_in_state":9}},{"type":"Feature","geometry":{"type":"Point","coordinates":[7.053475,8.115252]},"properties":{"settlement_id":"s1mn0t24vb","name":"Location #68373","state":"Nasarawa","lga":"Toto","population":251,"num_buildings":59,"dist_transmission_km":9.98,"solar_pv_value":1456.252,"wealth_index":NaN,"viability_score":NaN,"viability_tier":"A_highly_viable","rank_in_state":10}},{"type":"Feature","geometry":{"type":"Point","coordinates":[7.165447,8.194766]},"properties":{"settlement_id":"s1mne5c9zp","name":"Location #43925","state":"Nasarawa","lga":"Toto","population":515,"num_buildings":104,"dist_transmission_km":0.77,"solar_pv_value":1458.443,"wealth_index":NaN,"viability_score":NaN,"viability_tier":"A_highly_viable","rank_in_state":11}},{"type":"Feature","geometry":{"type":"Point","coordinates":[7.185685,8.212462]},"properties":{"settlement_id":"s1mnex03n9","name":"Location #144253","state":"Nasarawa","lga":"Toto","population":89,"num_buildings":21,"dist_transmission_km":2.19,"solar_pv_value":1453.33,"wealth_index":NaN,"viability_score":NaN,"viability_tier":"A_highly_viable","rank_in_state":12}},{"type":"Feature","geometry":{"type":"Point","coordinates":[7.218062,8.105953]},"properties":{"settlement_id":"s1mnh78h95","name":"Location #99296","state":"Nasarawa","lga":"Toto","population":149,"num_buildings":35,"dist_transmission_km":5.46,"solar_pv_value":1460.635,"wealth_index":NaN,"viability_score":NaN,"viability_tier":"A_highly_viable","rank_in_state":13}},{"type":"Feature","geometry":{"type":"Point","coordinates":[7.293164,8.104164]},"properties":{"settlement_id":"s1mnjgqdpj","name":"Location #148625","state":"Nasarawa","lga":"Toto","population":85,"num_buildings":20,"dist_transmission_km":13.09,"solar_pv_value":1462.096,"wealth_index":NaN,"viability_score":NaN,"viability_tier":"A_highly_viable","rank_in_state":14}},{"type":"Feature","geometry":{"type":"Point","coordinates":[7.277312,8.119516]},"properties":{"settlement_id":"s1mnjw55te","name":"Location #62029","state":"Nasarawa","lga":"Toto","population":285,"num_buildings":67,"dist_transmission_km":12.05,"solar_pv_value":1460.269,"wealth_index":NaN,"viability_score":NaN,"viability_tier":"A_highly_viable","rank_in_state":15}},{"type":"Feature","geometry":{"type":"Point","coordinates":[7.289001,8.215885]},"properties":{"settlement_id":"s1mntzesyp","name":"Location #132344","state":"Nasarawa","lga":"Toto","population":102,"num_buildings":24,"dist_transmission_km":13.52,"solar_pv_value":1451.138,"wealth_index":NaN,"viability_score":NaN,"viability_tier":"A_highly_viable","rank_in_state":16}},{"type":"Feature","geometry":{"type":"Point","coordinates":[7.277831,8.260993]},"properties":{"settlement_id":"s1mnvxgecb","name":"Location #126125","state":"Nasarawa","lga":"Toto","population":106,"num_buildings":25,"dist_transmission_km":12.92,"solar_pv_value":1452.234,"wealth_index":NaN,"viability_score":NaN,"viability_tier":"A_highly_viable","rank_in_state":17}},{"type":"Feature","geometry":{"type":"Point","coordinates":[7.099158,8.34534]},"properties":{"settlement_id":"s1mp3x1rnk","name":"Toto","state":"Nasarawa","lga":"Toto","population":94,"num_buildings":22,"dist_transmission_km":0.72,"solar_pv_value":1453.33,"wealth_index":NaN,"viability_score":NaN,"viability_tier":"A_highly_viable","rank_in_state":18}},{"type":"Feature","geometry":{"type":"Point","coordinates":[7.098038,8.348553]},"properties":{"settlement_id":"s1mp3xb9u7","name":"Toto","state":"Nasarawa","lga":"Toto","population":85,"num_buildings":20,"dist_transmission_km":0.66,"solar_pv_value":1453.33,"wealth_index":NaN,"viability_score":NaN,"viability_tier":"A_highly_viable","rank_in_state":19}},{"type":"Feature","geometry":{"type":"Point","coordinates":[7.034268,8.392695]},"properties":{"settlement_id":"s1mp8pf4yr","name":"Toto","state":"Nasarawa","lga":"Toto","population":153,"num_buildings":36,"dist_transmission_km":3.34,"solar_pv_value":1453.33,"wealth_index":NaN,"viability_score":NaN,"viability_tier":"A_highly_viable","rank_in_state":20}},{"type":"Feature","geometry":{"type":"Point","coordinates":[7.192414,8.421069]},"properties":{"settlement_id":"s1mpgtj273","name":"Kuru","state":"Nasarawa","lga":"Toto","population":106,"num_buildings":25,"dist_transmission_km":2.88,"solar_pv_value":1458.808,"wealth_index":NaN,"viability_score":NaN,"viability_tier":"A_highly_viable","rank_in_state":21}},{"type":"Feature","geometry":{"type":"Point","coordinates":[7.267112,8.348611]},"properties":{"settlement_id":"s1mpmrgdpv","name":"Location #134068","state":"Nasarawa","lga":"Toto","population":98,"num_buildings":23,"dist_transmission_km":7.77,"solar_pv_value":1452.599,"wealth_index":NaN,"viability_score":NaN,"viability_tier":"A_highly_viable","rank_in_state":22}},{"type":"Feature","geometry":{"type":"Point","coordinates":[7.299722,8.34745]},"properties":{"settlement_id":"s1mpqpe7rv","name":"Location #105230","state":"Nasarawa","lga":"Toto","population":140,"num_buildings":33,"dist_transmission_km":9.09,"solar_pv_value":1452.234,"wealth_index":NaN,"viability_score":NaN,"viability_tier":"A_highly_viable","rank_in_state":23}},{"type":"Feature","geometry":{"type":"Point","coordinates":[7.255956,8.369892]},"properties":{"settlement_id":"s1mpt5ewhh","name":"Arungba","state":"Nasarawa","lga":"Toto","population":638,"num_buildings":150,"dist_transmission_km":5.07,"solar_pv_value":1455.521,"wealth_index":NaN,"viability_score":NaN,"viability_tier":"A_highly_viable","rank_in_state":24}},{"type":"Feature","geometry":{"type":"Point","coordinates":[7.323757,8.349746]},"properties":{"settlement_id":"s1mpw8hbzc","name":"Location #114890","state":"Nasarawa","lga":"Toto","population":123,"num_buildings":29,"dist_transmission_km":10.03,"solar_pv_value":1456.252,"wealth_index":NaN,"viability_score":NaN,"viability_tier":"A_highly_viable","rank_in_state":25}},{"type":"Feature","geometry":{"type":"Point","coordinates":[7.35524,8.371424]},"properties":{"settlement_id":"s1mpx7gzjd","name":"Location #144955","state":"Nasarawa","lga":"Toto","population":89,"num_buildings":21,"dist_transmission_km":10.64,"solar_pv_value":1462.826,"wealth_index":NaN,"viability_score":NaN,"viability_tier":"A_highly_viable","rank_in_state":26}},{"type":"Feature","geometry":{"type":"Point","coordinates":[7.409645,8.111684]},"properties":{"settlement_id":"s1mq0setcp","name":"Location #58680","state":"Nasarawa","lga":"Nasarawa","population":306,"num_buildings":72,"dist_transmission_km":23.42,"solar_pv_value":1462.096,"wealth_index":NaN,"viability_score":NaN,"viability_tier":"A_highly_viable","rank_in_state":27}},{"type":"Feature","geometry":{"type":"Point","coordinates":[7.406265,8.125468]},"properties":{"settlement_id":"s1mq0x1n63","name":"Location #51800","state":"Nasarawa","lga":"Nasarawa","population":361,"num_buildings":85,"dist_transmission_km":24.84,"solar_pv_value":1462.826,"wealth_index":NaN,"viability_score":NaN,"viability_tier":"A_highly_viable","rank_in_state":28}},{"type":"Feature","geometry":{"type":"Point","coordinates":[7.441686,8.150272]},"properties":{"settlement_id":"s1mq37dygb","name":"Location #46718","state":"Nasarawa","lga":"Nasarawa","population":408,"num_buildings":96,"dist_transmission_km":25.69,"solar_pv_value":1464.653,"wealth_index":NaN,"viability_score":NaN,"viability_tier":"A_highly_viable","rank_in_state":29}},{"type":"Feature","geometry":{"type":"Point","coordinates":[7.44798,8.15104]},"properties":{"settlement_id":"s1mq37z7nx","name":"Location #78534","state":"Nasarawa","lga":"Nasarawa","population":208,"num_buildings":49,"dist_transmission_km":25.59,"solar_pv_value":1464.653,"wealth_index":NaN,"viability_score":NaN,"viability_tier":"A_highly_viable","rank_in_state":30}},{"type":"Feature","geometry":{"type":"Point","coordinates":[7.464207,8.155287]},"properties":{"settlement_id":"s1mq3ue7bx","name":"Location #130629","state":"Nasarawa","lga":"Nasarawa","population":102,"num_buildings":24,"dist_transmission_km":25.67,"solar_pv_value":1465.018,"wealth_index":NaN,"viability_score":NaN,"viability_tier":"A_highly_viable","rank_in_state":31}},{"type":"Feature","geometry":{"type":"Point","coordinates":[7.486136,8.158381]},"properties":{"settlement_id":"s1mq6m5np8","name":"Location #95096","state":"Nasarawa","lga":"Nasarawa","population":162,"num_buildings":38,"dist_transmission_km":25.46,"solar_pv_value":1466.479,"wealth_index":NaN,"viability_score":NaN,"viability_tier":"A_highly_viable","rank_in_state":32}},{"type":"Feature","geometry":{"type":"Point","coordinates":[7.598816,8.108099]},"properties":{"settlement_id":"s1mqhuj315","name":"Location #33584","state":"Nasarawa","lga":"Nasarawa","population":608,"num_buildings":143,"dist_transmission_km":21.47,"solar_pv_value":1466.479,"wealth_index":NaN,"viability_score":NaN,"viability_tier":"A_highly_viable","rank_in_state":33}},{"type":"Feature","geometry":{"type":"Point","coordinates":[7.641738,8.117705]},"properties":{"settlement_id":"s1mqjvu913","name":"Location #152916","state":"Nasarawa","lga":"Nasarawa","population":81,"num_buildings":19,"dist_transmission_km":24.69,"solar_pv_value":1468.67,"wealth_index":NaN,"viability_score":NaN,"viability_tier":"A_highly_viable","rank_in_state":34}},{"type":"Feature","geometry":{"type":"Point","coordinates":[7.633472,8.261353]},"properties":{"settlement_id":"s1mqvxytbg","name":"Location #137162","state":"Nasarawa","lga":"Nasarawa","population":94,"num_buildings":22,"dist_transmission_km":15.51,"solar_pv_value":1469.766,"wealth_index":NaN,"viability_score":NaN,"viability_tier":"A_highly_viable","rank_in_state":35}},{"type":"Feature","geometry":{"type":"Point","coordinates":[7.455244,8.272548]},"properties":{"settlement_id":"s1mr19uxpf","name":"Location #131925","state":"Nasarawa","lga":"Nasarawa","population":102,"num_buildings":24,"dist_transmission_km":24.38,"solar_pv_value":1467.209,"wealth_index":NaN,"viability_score":NaN,"viability_tier":"A_highly_viable","rank_in_state":36}},{"type":"Feature","geometry":{"type":"Point","coordinates":[7.452212,8.32554]},"properties":{"settlement_id":"s1mr3edec1","name":"Location #105968","state":"Nasarawa","lga":"Nasarawa","population":136,"num_buildings":32,"dist_transmission_km":18.48,"solar_pv_value":1466.114,"wealth_index":NaN,"viability_score":NaN,"viability_tier":"A_highly_viable","rank_in_state":37}},{"type":"Feature","geometry":{"type":"Point","coordinates":[7.544306,8.276769]},"properties":{"settlement_id":"s1mr5dtxej","name":"Location #125335","state":"Nasarawa","lga":"Nasarawa","population":111,"num_buildings":26,"dist_transmission_km":24.24,"solar_pv_value":1460.269,"wealth_index":NaN,"viability_score":NaN,"viability_tier":"A_highly_viable","rank_in_state":38}},{"type":"Feature","geometry":{"type":"Point","coordinates":[7.483805,8.337624]},"properties":{"settlement_id":"s1mr6mcd1m","name":"Location #135131","state":"Nasarawa","lga":"Nasarawa","population":98,"num_buildings":23,"dist_transmission_km":17.19,"solar_pv_value":1465.748,"wealth_index":NaN,"viability_score":NaN,"viability_tier":"A_highly_viable","rank_in_state":39}},{"type":"Feature","geometry":{"type":"Point","coordinates":[7.490717,8.341176]},"properties":{"settlement_id":"s1mr6qqwf7","name":"Location #138928","state":"Nasarawa","lga":"Nasarawa","population":94,"num_buildings":22,"dist_transmission_km":16.82,"solar_pv_value":1465.748,"wealth_index":NaN,"viability_score":NaN,"viability_tier":"A_highly_viable","rank_in_state":40}},{"type":"Feature","geometry":{"type":"Point","coordinates":[7.432634,8.390454]},"properties":{"settlement_id":"s1mr9pkmbv","name":"Location #52360","state":"Nasarawa","lga":"Toto","population":353,"num_buildings":83,"dist_transmission_km":11.49,"solar_pv_value":1467.94,"wealth_index":NaN,"viability_score":NaN,"viability_tier":"A_highly_viable","rank_in_state":41}},{"type":"Feature","geometry":{"type":"Point","coordinates":[7.483371,8.386588]},"properties":{"settlement_id":"s1mrdq9prj","name":"Location #153444","state":"Nasarawa","lga":"Nasarawa","population":77,"num_buildings":18,"dist_transmission_km":11.76,"solar_pv_value":1470.131,"wealth_index":NaN,"viability_score":NaN,"viability_tier":"A_highly_viable","rank_in_state":42}},{"type":"Feature","geometry":{"type":"Point","coordinates":[7.52081,8.43437]},"properties":{"settlement_id":"s1mrgpkmz8","name":"Location #60775","state":"Nasarawa","lga":"Nasarawa","population":293,"num_buildings":69,"dist_transmission_km":6.73,"solar_pv_value":1478.897,"wealth_index":NaN,"viability_score":NaN,"viability_tier":"A_highly_viable","rank_in_state":43}},{"type":"Feature","geometry":{"type":"Point","coordinates":[7.578657,8.268566]},"properties":{"settlement_id":"s1mrh3nxgs","name":"Location #145748","state":"Nasarawa","lga":"Nasarawa","population":89,"num_buildings":21,"dist_transmission_km":20.84,"solar_pv_value":1461.73,"wealth_index":NaN,"viability_score":NaN,"viability_tier":"A_highly_viable","rank_in_state":44}},{"type":"Feature","geometry":{"type":"Point","coordinates":[7.643059,8.319684]},"properties":{"settlement_id":"s1mrmft98j","name":"Zagwan-Daji\r","state":"Nasarawa","lga":"Nasarawa","population":102,"num_buildings":24,"dist_transmission_km":12.58,"solar_pv_value":1476.34,"wealth_index":NaN,"viability_score":NaN,"viability_tier":"A_highly_viable","rank_in_state":45}},{"type":"Feature","geometry":{"type":"Point","coordinates":[7.660059,8.334305]},"properties":{"settlement_id":"s1mrqm1yu7","name":"Zagwan-Daji\r","state":"Nasarawa","lga":"Nasarawa","population":145,"num_buildings":34,"dist_transmission_km":10.64,"solar_pv_value":1476.34,"wealth_index":NaN,"viability_score":NaN,"viability_tier":"A_highly_viable","rank_in_state":46}},{"type":"Feature","geometry":{"type":"Point","coordinates":[7.650357,8.425133]},"properties":{"settlement_id":"s1mryjdzfn","name":"Location #106290","state":"Nasarawa","lga":"Nasarawa","population":136,"num_buildings":32,"dist_transmission_km":10.05,"solar_pv_value":1480.358,"wealth_index":NaN,"viability_score":NaN,"viability_tier":"A_highly_viable","rank_in_state":47}},{"type":"Feature","geometry":{"type":"Point","coordinates":[7.902301,7.980582]},"properties":{"settlement_id":"s1mt7uf62b","name":"Loko","state":"Nasarawa","lga":"Nasarawa","population":111,"num_buildings":26,"dist_transmission_km":8.64,"solar_pv_value":1483.645,"wealth_index":NaN,"viability_score":NaN,"viability_tier":"A_highly_viable","rank_in_state":48}},{"type":"Feature","geometry":{"type":"Point","coordinates":[7.904823,7.993794]},"properties":{"settlement_id":"s1mt7zhp5x","name":"Iga","state":"Nasarawa","lga":"Nasarawa","population":85,"num_buildings":20,"dist_transmission_km":9.25,"solar_pv_value":1484.376,"wealth_index":NaN,"viability_score":NaN,"viability_tier":"A_highly_viable","rank_in_state":49}},{"type":"Feature","geometry":{"type":"Point","coordinates":[7.887792,8.039442]},"properties":{"settlement_id":"s1mterx9nu","name":"Afura","state":"Nasarawa","lga":"Nasarawa","population":123,"num_buildings":29,"dist_transmission_km":10.53,"solar_pv_value":1482.185,"wealth_index":NaN,"viability_score":NaN,"viability_tier":"A_highly_viable","rank_in_state":50}},{"type":"Feature","geometry":{"type":"Point","coordinates":[5.251311,9.042921]},"properties":{"settlement_id":"s1eerqpyu6","name":"Location #145125","state":"Niger","lga":"Mokwa","population":89,"num_buildings":21,"dist_transmission_km":4.93,"solar_pv_value":1487.298,"wealth_index":NaN,"viability_score":NaN,"viability_tier":"A_highly_viable","rank_in_state":1}},{"type":"Feature","geometry":{"type":"Point","coordinates":[5.345465,9.022758]},"properties":{"settlement_id":"s1eg3ds3q7","name":"Location #86681","state":"Niger","lga":"Mokwa","population":183,"num_buildings":43,"dist_transmission_km":15.05,"solar_pv_value":1488.394,"wealth_index":NaN,"viability_score":NaN,"viability_tier":"A_highly_viable","rank_in_state":2}},{"type":"Feature","geometry":{"type":"Point","coordinates":[5.374524,8.997889]},"properties":{"settlement_id":"s1eg4q18e2","name":"Location #91473","state":"Niger","lga":"Mokwa","population":170,"num_buildings":40,"dist_transmission_km":11.79,"solar_pv_value":1487.663,"wealth_index":NaN,"viability_score":NaN,"viability_tier":"A_highly_viable","rank_in_state":3}},{"type":"Feature","geometry":{"type":"Point","coordinates":[5.279427,9.111308]},"properties":{"settlement_id":"s1egb4sm5w","name":"Location #126810","state":"Niger","lga":"Mokwa","population":106,"num_buildings":25,"dist_transmission_km":6.6,"solar_pv_value":1488.028,"wealth_index":NaN,"viability_score":NaN,"viability_tier":"A_highly_viable","rank_in_state":4}},{"type":"Feature","geometry":{"type":"Point","coordinates":[5.278936,9.115276]},"properties":{"settlement_id":"s1egb5kh24","name":"Location #83963","state":"Niger","lga":"Mokwa","population":191,"num_buildings":45,"dist_transmission_km":6.4,"solar_pv_value":1488.028,"wealth_index":NaN,"viability_score":NaN,"viability_tier":"A_highly_viable","rank_in_state":5}},{"type":"Feature","geometry":{"type":"Point","coordinates":[5.533889,8.999927]},"properties":{"settlement_id":"s1egjymskg","name":"Location #19788","state":"Niger","lga":"Edati","population":1080,"num_buildings":254,"dist_transmission_km":null,"solar_pv_value":1494.968,"wealth_index":NaN,"viability_score":NaN,"viability_tier":"A_highly_viable","rank_in_state":6}},{"type":"Feature","geometry":{"type":"Point","coordinates":[5.490967,9.093694]},"properties":{"settlement_id":"s1egszqqsg","name":"Location #144632","state":"Niger","lga":"Edati","population":89,"num_buildings":21,"dist_transmission_km":5.62,"solar_pv_value":1497.16,"wealth_index":NaN,"viability_score":NaN,"viability_tier":"A_highly_viable","rank_in_state":7}},{"type":"Feature","geometry":{"type":"Point","coordinates":[5.496892,9.069909]},"properties":{"settlement_id":"s1egt54snc","name":"Location #26607","state":"Niger","lga":"Edati","population":787,"num_buildings":185,"dist_transmission_km":5.06,"solar_pv_value":1495.699,"wealth_index":NaN,"viability_score":NaN,"viability_tier":"A_highly_viable","rank_in_state":8}},{"type":"Feature","geometry":{"type":"Point","coordinates":[5.518847,9.064205]},"properties":{"settlement_id":"s1egtd4dy6","name":"Location #27173","state":"Niger","lga":"Edati","population":770,"num_buildings":181,"dist_transmission_km":2.54,"solar_pv_value":1498.986,"wealth_index":NaN,"viability_score":NaN,"viability_tier":"A_highly_viable","rank_in_state":9}},{"type":"Feature","geometry":{"type":"Point","coordinates":[5.577146,9.088698]},"properties":{"settlement_id":"s1egwyt1sb","name":"Location #81627","state":"Niger","lga":"Edati","population":200,"num_buildings":47,"dist_transmission_km":1.47,"solar_pv_value":1493.872,"wealth_index":NaN,"viability_score":NaN,"viability_tier":"A_highly_viable","rank_in_state":10}},{"type":"Feature","geometry":{"type":"Point","coordinates":[5.624141,9.074153]},"properties":{"settlement_id":"s1egxgzkgb","name":"Location #87001","state":"Niger","lga":"Edati","population":213,"num_buildings":43,"dist_transmission_km":0.16,"solar_pv_value":1495.699,"wealth_index":NaN,"viability_score":NaN,"viability_tier":"A_highly_viable","rank_in_state":11}},{"type":"Feature","geometry":{"type":"Point","coordinates":[5.59088,9.083788]},"properties":{"settlement_id":"s1egxjxhuu","name":"Location #15777","state":"Niger","lga":"Edati","population":1348,"num_buildings":317,"dist_transmission_km":null,"solar_pv_value":1494.238,"wealth_index":NaN,"viability_score":NaN,"viability_tier":"A_highly_viable","rank_in_state":12}},{"type":"Feature","geometry":{"type":"Point","coordinates":[4.704281,9.299028]},"properties":{"settlement_id":"s1ekghcdc8","name":"Bukah","state":"Niger","lga":"Mokwa","population":85,"num_buildings":20,"dist_transmission_km":7.94,"solar_pv_value":1505.56,"wealth_index":NaN,"viability_score":NaN,"viability_tier":"A_highly_viable","rank_in_state":13}},{"type":"Feature","geometry":{"type":"Point","coordinates":[4.713566,9.297897]},"properties":{"settlement_id":"s1ekgk8k4j","name":"Bukah","state":"Niger","lga":"Mokwa","population":157,"num_buildings":37,"dist_transmission_km":6.89,"solar_pv_value":1506.291,"wealth_index":NaN,"viability_score":NaN,"viability_tier":"A_highly_viable","rank_in_state":14}},{"type":"Feature","geometry":{"type":"Point","coordinates":[4.807937,9.27904]},"properties":{"settlement_id":"s1ekv3jn34","name":"Location #119267","state":"Niger","lga":"Mokwa","population":115,"num_buildings":27,"dist_transmission_km":1.76,"solar_pv_value":1517.614,"wealth_index":NaN,"viability_score":NaN,"viability_tier":"A_highly_viable","rank_in_state":15}},{"type":"Feature","geometry":{"type":"Point","coordinates":[4.6874,9.391982]},"properties":{"settlement_id":"s1em6tv222","name":"Location #90949","state":"Niger","lga":"Mokwa","population":170,"num_buildings":40,"dist_transmission_km":13.49,"solar_pv_value":1516.153,"wealth_index":NaN,"viability_score":NaN,"viability_tier":"A_highly_viable","rank_in_state":16}},{"type":"Feature","geometry":{"type":"Point","coordinates":[4.579466,9.45477]},"properties":{"settlement_id":"s1emb1nwj2","name":"Location #97224","state":"Niger","lga":"Borgu","population":157,"num_buildings":37,"dist_transmission_km":26.96,"solar_pv_value":1510.674,"wealth_index":NaN,"viability_score":NaN,"viability_tier":"A_highly_viable","rank_in_state":17}},{"type":"Feature","geometry":{"type":"Point","coordinates":[4.579363,9.468175]},"properties":{"settlement_id":"s1emb5ws4g","name":"Location #124974","state":"Niger","lga":"Borgu","population":111,"num_buildings":26,"dist_transmission_km":27.98,"solar_pv_value":1509.944,"wealth_index":NaN,"viability_score":NaN,"viability_tier":"A_highly_viable","rank_in_state":18}},{"type":"Feature","geometry":{"type":"Point","coordinates":[4.571206,9.479796]},"properties":{"settlement_id":"s1embj8xuf","name":"Location #67928","state":"Niger","lga":"Borgu","population":255,"num_buildings":60,"dist_transmission_km":29.43,"solar_pv_value":1509.944,"wealth_index":NaN,"viability_score":NaN,"viability_tier":"A_highly_viable","rank_in_state":19}},{"type":"Feature","geometry":{"type":"Point","coordinates":[4.60555,9.477143]},"properties":{"settlement_id":"s1embv38m5","name":"Yankade","state":"Niger","lga":"Mashegu","population":123,"num_buildings":29,"dist_transmission_km":26.56,"solar_pv_value":1515.788,"wealth_index":NaN,"viability_score":NaN,"viability_tier":"A_highly_viable","rank_in_state":20}},{"type":"Feature","geometry":{"type":"Point","coordinates":[4.609357,9.479613]},"properties":{"settlement_id":"s1embvsqtz","name":"Location #146063","state":"Niger","lga":"Mashegu","population":89,"num_buildings":21,"dist_transmission_km":26.46,"solar_pv_value":1518.344,"wealth_index":NaN,"viability_score":NaN,"viability_tier":"A_highly_viable","rank_in_state":21}},{"type":"Feature","geometry":{"type":"Point","coordinates":[4.678691,9.467661]},"properties":{"settlement_id":"s1emf7wcj7","name":"Location #20975","state":"Niger","lga":"Mokwa","population":1016,"num_buildings":239,"dist_transmission_km":20.63,"solar_pv_value":1524.188,"wealth_index":NaN,"viability_score":NaN,"viability_tier":"A_highly_viable","rank_in_state":22}},{"type":"Feature","geometry":{"type":"Point","coordinates":[4.677703,9.484121]},"properties":{"settlement_id":"s1emfqw1n2","name":"Location #7527","state":"Niger","lga":"Mokwa","population":2722,"num_buildings":640,"dist_transmission_km":21.76,"solar_pv_value":1526.197,"wealth_index":NaN,"viability_score":NaN,"viability_tier":"A_highly_viable","rank_in_state":23}},{"type":"Feature","geometry":{"type":"Point","coordinates":[4.464294,9.525283]},"properties":{"settlement_id":"s1enjw4bc9","name":"Location #131110","state":"Niger","lga":"Borgu","population":102,"num_buildings":24,"dist_transmission_km":32.11,"solar_pv_value":1514.326,"wealth_index":NaN,"viability_score":NaN,"viability_tier":"A_highly_viable","rank_in_state":24}},{"type":"Feature","geometry":{"type":"Point","coordinates":[4.54597,9.598837]},"properties":{"settlement_id":"s1enx7qm2b","name":"Location #125905","state":"Niger","lga":"Borgu","population":106,"num_buildings":25,"dist_transmission_km":22.43,"solar_pv_value":1518.71,"wealth_index":NaN,"viability_score":NaN,"viability_tier":"A_highly_viable","rank_in_state":25}},{"type":"Feature","geometry":{"type":"Point","coordinates":[4.547015,9.602029]},"properties":{"settlement_id":"s1enx7zpc5","name":"Location #62835","state":"Niger","lga":"Borgu","population":281,"num_buildings":66,"dist_transmission_km":22.06,"solar_pv_value":1519.44,"wealth_index":NaN,"viability_score":NaN,"viability_tier":"A_highly_viable","rank_in_state":26}},{"type":"Feature","geometry":{"type":"Point","coordinates":[4.34852,9.733556]},"properties":{"settlement_id":"s1ep6gyqpf","name":"Location #122778","state":"Niger","lga":"Borgu","population":111,"num_buildings":26,"dist_transmission_km":5.8,"solar_pv_value":1539.894,"wealth_index":NaN,"viability_score":NaN,"viability_tier":"A_highly_viable","rank_in_state":27}},{"type":"Feature","geometry":{"type":"Point","coordinates":[4.345041,9.737935]},"properties":{"settlement_id":"s1ep6uezwf","name":"Location #127855","state":"Niger","lga":"Borgu","population":106,"num_buildings":25,"dist_transmission_km":5.14,"solar_pv_value":1539.894,"wealth_index":NaN,"viability_score":NaN,"viability_tier":"A_highly_viable","rank_in_state":28}},{"type":"Feature","geometry":{"type":"Point","coordinates":[4.353422,9.747142]},"properties":{"settlement_id":"s1ep7n6j4n","name":"Location #142323","state":"Niger","lga":"Borgu","population":89,"num_buildings":21,"dist_transmission_km":4.6,"solar_pv_value":1540.259,"wealth_index":NaN,"viability_score":NaN,"viability_tier":"A_highly_viable","rank_in_state":29}},{"type":"Feature","geometry":{"type":"Point","coordinates":[4.383511,9.753398]},"properties":{"settlement_id":"s1ep7xxcxj","name":"Location #107041","state":"Niger","lga":"Borgu","population":136,"num_buildings":32,"dist_transmission_km":5.89,"solar_pv_value":1541.355,"wealth_index":NaN,"viability_score":NaN,"viability_tier":"A_highly_viable","rank_in_state":30}},{"type":"Feature","geometry":{"type":"Point","coordinates":[4.317109,9.779231]},"properties":{"settlement_id":"s1epdhr85u","name":"Lesu","state":"Niger","lga":"Borgu","population":1450,"num_buildings":341,"dist_transmission_km":null,"solar_pv_value":1543.181,"wealth_index":NaN,"viability_score":NaN,"viability_tier":"A_highly_viable","rank_in_state":31}},{"type":"Feature","geometry":{"type":"Point","coordinates":[4.333691,9.823949]},"properties":{"settlement_id":"s1epfs7swk","name":"Location #83900","state":"Niger","lga":"Borgu","population":191,"num_buildings":45,"dist_transmission_km":3.17,"solar_pv_value":1541.72,"wealth_index":NaN,"viability_score":NaN,"viability_tier":"A_highly_viable","rank_in_state":32}},{"type":"Feature","geometry":{"type":"Point","coordinates":[4.466818,9.798245]},"properties":{"settlement_id":"s1eptxswum","name":"Location #118973","state":"Niger","lga":"Borgu","population":119,"num_buildings":28,"dist_transmission_km":8.1,"solar_pv_value":1538.798,"wealth_index":NaN,"viability_score":NaN,"viability_tier":"A_highly_viable","rank_in_state":33}},{"type":"Feature","geometry":{"type":"Point","coordinates":[4.576969,9.499114]},"properties":{"settlement_id":"s1eq01kb75","name":"Yankade","state":"Niger","lga":"Mashegu","population":272,"num_buildings":64,"dist_transmission_km":30.43,"solar_pv_value":1515.057,"wealth_index":NaN,"viability_score":NaN,"viability_tier":"A_highly_viable","rank_in_state":34}},{"type":"Feature","geometry":{"type":"Point","coordinates":[4.579503,9.612352]},"properties":{"settlement_id":"s1eq8jysn0","name":"Location #128723","state":"Niger","lga":"Mashegu","population":106,"num_buildings":25,"dist_transmission_km":19.91,"solar_pv_value":1524.919,"wealth_index":NaN,"viability_score":NaN,"viability_tier":"A_highly_viable","rank_in_state":35}},{"type":"Feature","geometry":{"type":"Point","coordinates":[4.588064,9.629121]},"properties":{"settlement_id":"s1eqb2uvtw","name":"Location #32338","state":"Niger","lga":"Mashegu","population":638,"num_buildings":150,"dist_transmission_km":17.62,"solar_pv_value":1524.554,"wealth_index":NaN,"viability_score":NaN,"viability_tier":"A_highly_viable","rank_in_state":36}},{"type":"Feature","geometry":{"type":"Point","coordinates":[4.606966,9.643231]},"properties":{"settlement_id":"s1eqbg6xyh","name":"Location #151635","state":"Niger","lga":"Mashegu","population":85,"num_buildings":20,"dist_transmission_km":15.96,"solar_pv_value":1526.014,"wealth_index":NaN,"viability_score":NaN,"viability_tier":"A_highly_viable","rank_in_state":37}},{"type":"Feature","geometry":{"type":"Point","coordinates":[4.872911,9.626839]},"properties":{"settlement_id":"s1eqybs27h","name":"Bari","state":"Niger","lga":"Mashegu","population":94,"num_buildings":22,"dist_transmission_km":4.02,"solar_pv_value":1517.979,"wealth_index":NaN,"viability_score":NaN,"viability_tier":"A_highly_viable","rank_in_state":38}},{"type":"Feature","geometry":{"type":"Point","coordinates":[4.612926,9.669689]},"properties":{"settlement_id":"s1er0br40b","name":"Location #113062","state":"Niger","lga":"Mashegu","population":128,"num_buildings":30,"dist_transmission_km":12.94,"solar_pv_value":1526.745,"wealth_index":NaN,"viability_score":NaN,"viability_tier":"A_highly_viable","rank_in_state":39}},{"type":"Feature","geometry":{"type":"Point","coordinates":[4.613878,9.687873]},"properties":{"settlement_id":"s1er0gxezn","name":"Location #102962","state":"Niger","lga":"Mashegu","population":145,"num_buildings":34,"dist_transmission_km":10.91,"solar_pv_value":1525.649,"wealth_index":NaN,"viability_score":NaN,"viability_tier":"A_highly_viable","rank_in_state":40}},{"type":"Feature","geometry":{"type":"Point","coordinates":[4.658185,9.727678]},"properties":{"settlement_id":"s1er3fzgzd","name":"Location #88375","state":"Niger","lga":"Mashegu","population":179,"num_buildings":42,"dist_transmission_km":7.56,"solar_pv_value":1527.476,"wealth_index":NaN,"viability_score":NaN,"viability_tier":"A_highly_viable","rank_in_state":41}},{"type":"Feature","geometry":{"type":"Point","coordinates":[4.645765,9.733981]},"properties":{"settlement_id":"s1er3snbw1","name":"Location #26475","state":"Niger","lga":"Mashegu","population":791,"num_buildings":186,"dist_transmission_km":6.15,"solar_pv_value":1527.841,"wealth_index":NaN,"viability_score":NaN,"viability_tier":"A_highly_viable","rank_in_state":42}},{"type":"Feature","geometry":{"type":"Point","coordinates":[4.657654,9.735685]},"properties":{"settlement_id":"s1er3urd7p","name":"Location #100451","state":"Niger","lga":"Mashegu","population":149,"num_buildings":35,"dist_transmission_km":6.69,"solar_pv_value":1528.206,"wealth_index":NaN,"viability_score":NaN,"viability_tier":"A_highly_viable","rank_in_state":43}},{"type":"Feature","geometry":{"type":"Point","coordinates":[4.702519,9.679016]},"properties":{"settlement_id":"s1er54022e","name":"Location #123903","state":"Niger","lga":"Mashegu","population":111,"num_buildings":26,"dist_transmission_km":13.83,"solar_pv_value":1526.745,"wealth_index":NaN,"viability_score":NaN,"viability_tier":"A_highly_viable","rank_in_state":44}},{"type":"Feature","geometry":{"type":"Point","coordinates":[4.66689,9.712318]},"properties":{"settlement_id":"s1er60n667","name":"Location #81188","state":"Niger","lga":"Mashegu","population":200,"num_buildings":47,"dist_transmission_km":9.48,"solar_pv_value":1525.284,"wealth_index":NaN,"viability_score":NaN,"viability_tier":"A_highly_viable","rank_in_state":45}},{"type":"Feature","geometry":{"type":"Point","coordinates":[4.671513,9.71543]},"properties":{"settlement_id":"s1er629sqp","name":"Location #124977","state":"Niger","lga":"Mashegu","population":111,"num_buildings":26,"dist_transmission_km":9.53,"solar_pv_value":1525.284,"wealth_index":NaN,"viability_score":NaN,"viability_tier":"A_highly_viable","rank_in_state":46}},{"type":"Feature","geometry":{"type":"Point","coordinates":[4.70115,9.72604]},"properties":{"settlement_id":"s1er6fx629","name":"Location #127934","state":"Niger","lga":"Mashegu","population":106,"num_buildings":25,"dist_transmission_km":9.18,"solar_pv_value":1528.206,"wealth_index":NaN,"viability_score":NaN,"viability_tier":"A_highly_viable","rank_in_state":47}},{"type":"Feature","geometry":{"type":"Point","coordinates":[4.698589,9.733665]},"properties":{"settlement_id":"s1er6gvqtn","name":"Location #17692","state":"Niger","lga":"Mashegu","population":1208,"num_buildings":284,"dist_transmission_km":8.32,"solar_pv_value":1529.302,"wealth_index":NaN,"viability_score":NaN,"viability_tier":"A_highly_viable","rank_in_state":48}},{"type":"Feature","geometry":{"type":"Point","coordinates":[4.654662,9.804935]},"properties":{"settlement_id":"s1ercbvmvk","name":"Location #125214","state":"Niger","lga":"Mashegu","population":111,"num_buildings":26,"dist_transmission_km":3.45,"solar_pv_value":1533.685,"wealth_index":NaN,"viability_score":NaN,"viability_tier":"A_highly_viable","rank_in_state":49}},{"type":"Feature","geometry":{"type":"Point","coordinates":[4.721036,9.79564]},"properties":{"settlement_id":"s1ererjz8p","name":"Location #18267","state":"Niger","lga":"Mashegu","population":1170,"num_buildings":275,"dist_transmission_km":1.15,"solar_pv_value":1533.32,"wealth_index":NaN,"viability_score":NaN,"viability_tier":"A_highly_viable","rank_in_state":50}},{"type":"Feature","geometry":{"type":"Point","coordinates":[2.786062,6.617513]},"properties":{"settlement_id":"s11vxkstzc","name":"Idolosa\r","state":"Ogun","lga":"Ipokia","population":174,"num_buildings":41,"dist_transmission_km":2.65,"solar_pv_value":1332.067,"wealth_index":NaN,"viability_score":NaN,"viability_tier":"A_highly_viable","rank_in_state":1}},{"type":"Feature","geometry":{"type":"Point","coordinates":[2.788579,6.619869]},"properties":{"settlement_id":"s11vxmned9","name":"Idolosa\r","state":"Ogun","lga":"Ipokia","population":89,"num_buildings":21,"dist_transmission_km":2.66,"solar_pv_value":1332.067,"wealth_index":NaN,"viability_score":NaN,"viability_tier":"A_highly_viable","rank_in_state":2}},{"type":"Feature","geometry":{"type":"Point","coordinates":[2.762475,6.820292]},"properties":{"settlement_id":"s11yycee46","name":"Modogan\r","state":"Ogun","lga":"Ipokia","population":987,"num_buildings":232,"dist_transmission_km":4.57,"solar_pv_value":1342.294,"wealth_index":NaN,"viability_score":NaN,"viability_tier":"A_highly_viable","rank_in_state":3}},{"type":"Feature","geometry":{"type":"Point","coordinates":[2.720549,6.950339]},"properties":{"settlement_id":"s11ztcm09m","name":"Ologiri\r","state":"Ogun","lga":"Egbado North","population":119,"num_buildings":24,"dist_transmission_km":3.24,"solar_pv_value":1344.485,"wealth_index":NaN,"viability_score":NaN,"viability_tier":"A_highly_viable","rank_in_state":4}},{"type":"Feature","geometry":{"type":"Point","coordinates":[2.722907,6.958374]},"properties":{"settlement_id":"s11ztfwz2q","name":"Obelle\r","state":"Ogun","lga":"Egbado North","population":302,"num_buildings":71,"dist_transmission_km":3.76,"solar_pv_value":1343.755,"wealth_index":NaN,"viability_score":NaN,"viability_tier":"A_highly_viable","rank_in_state":5}},{"type":"Feature","geometry":{"type":"Point","coordinates":[2.746826,7.008632]},"properties":{"settlement_id":"s11zyebhjx","name":"Isuku\r","state":"Ogun","lga":"Egbado North","population":85,"num_buildings":20,"dist_transmission_km":9.04,"solar_pv_value":1335.354,"wealth_index":NaN,"viability_score":NaN,"viability_tier":"A_highly_viable","rank_in_state":6}},{"type":"Feature","geometry":{"type":"Point","coordinates":[2.787832,7.037028]},"properties":{"settlement_id":"s13bp3n19j","name":"Ojassa\r","state":"Ogun","lga":"Egbado North","population":98,"num_buildings":23,"dist_transmission_km":12.02,"solar_pv_value":1334.989,"wealth_index":NaN,"viability_score":NaN,"viability_tier":"A_highly_viable","rank_in_state":7}},{"type":"Feature","geometry":{"type":"Point","coordinates":[2.875723,6.484821]},"properties":{"settlement_id":"s14hckw0c4","name":"Fonji\r","state":"Ogun","lga":"Ipokia","population":778,"num_buildings":183,"dist_transmission_km":2.55,"solar_pv_value":1366.035,"wealth_index":NaN,"viability_score":NaN,"viability_tier":"A_highly_viable","rank_in_state":8}},{"type":"Feature","geometry":{"type":"Point","coordinates":[2.875244,6.489842]},"properties":{"settlement_id":"s14hcmmwn4","name":"Fonji\r","state":"Ogun","lga":"Ipokia","population":166,"num_buildings":39,"dist_transmission_km":3.0,"solar_pv_value":1366.035,"wealth_index":NaN,"viability_score":NaN,"viability_tier":"A_highly_viable","rank_in_state":9}},{"type":"Feature","geometry":{"type":"Point","coordinates":[2.873466,6.495207]},"properties":{"settlement_id":"s14hcqkmkd","name":"Fonji\r","state":"Ogun","lga":"Ipokia","population":1357,"num_buildings":319,"dist_transmission_km":3.17,"solar_pv_value":1361.287,"wealth_index":NaN,"viability_score":NaN,"viability_tier":"A_highly_viable","rank_in_state":10}},{"type":"Feature","geometry":{"type":"Point","coordinates":[2.877751,6.493305]},"properties":{"settlement_id":"s14hcqpd0r","name":"Fonji","state":"Ogun","lga":"Ipokia","population":149,"num_buildings":35,"dist_transmission_km":2.84,"solar_pv_value":1362.382,"wealth_index":NaN,"viability_score":NaN,"viability_tier":"A_highly_viable","rank_in_state":11}},{"type":"Feature","geometry":{"type":"Point","coordinates":[2.872809,6.500957]},"properties":{"settlement_id":"s14hcr7yv6","name":"Fonji","state":"Ogun","lga":"Ipokia","population":94,"num_buildings":22,"dist_transmission_km":3.77,"solar_pv_value":1356.904,"wealth_index":NaN,"viability_score":NaN,"viability_tier":"A_highly_viable","rank_in_state":12}},{"type":"Feature","geometry":{"type":"Point","coordinates":[2.877779,6.569075]},"properties":{"settlement_id":"s14j37ze9h","name":"Location #146939","state":"Ogun","lga":"Ipokia","population":85,"num_buildings":20,"dist_transmission_km":4.29,"solar_pv_value":1328.414,"wealth_index":NaN,"viability_score":NaN,"viability_tier":"A_highly_viable","rank_in_state":13}},{"type":"Feature","geometry":{"type":"Point","coordinates":[2.856084,6.613353]},"properties":{"settlement_id":"s14j8gztxd","name":"Oke Odan\r","state":"Ogun","lga":"Egbado South","population":170,"num_buildings":40,"dist_transmission_km":7.82,"solar_pv_value":1320.379,"wealth_index":NaN,"viability_score":NaN,"viability_tier":"A_highly_viable","rank_in_state":14}},{"type":"Feature","geometry":{"type":"Point","coordinates":[2.849241,6.622286]},"properties":{"settlement_id":"s14j8vdc85","name":"Oke Odan\r","state":"Ogun","lga":"Egbado South","population":179,"num_buildings":42,"dist_transmission_km":6.77,"solar_pv_value":1320.014,"wealth_index":NaN,"viability_score":NaN,"viability_tier":"A_highly_viable","rank_in_state":15}},{"type":"Feature","geometry":{"type":"Point","coordinates":[2.85318,6.62944]},"properties":{"settlement_id":"s14j8yve7c","name":"Orisada\r","state":"Ogun","lga":"Egbado South","population":106,"num_buildings":25,"dist_transmission_km":6.1,"solar_pv_value":1321.109,"wealth_index":NaN,"viability_score":NaN,"viability_tier":"A_highly_viable","rank_in_state":16}},{"type":"Feature","geometry":{"type":"Point","coordinates":[2.858932,6.609893]},"properties":{"settlement_id":"s14j953c3v","name":"Oke Odan\r","state":"Ogun","lga":"Ipokia","population":200,"num_buildings":47,"dist_transmission_km":8.28,"solar_pv_value":1321.84,"wealth_index":NaN,"viability_score":NaN,"viability_tier":"A_highly_viable","rank_in_state":17}},{"type":"Feature","geometry":{"type":"Point","coordinates":[2.875877,6.659271]},"properties":{"settlement_id":"s14jckq1hf","name":"Ihumbaw\r","state":"Ogun","lga":"Egbado South","population":251,"num_buildings":59,"dist_transmission_km":3.24,"solar_pv_value":1320.379,"wealth_index":NaN,"viability_score":NaN,"viability_tier":"A_highly_viable","rank_in_state":18}},{"type":"Feature","geometry":{"type":"Point","coordinates":[2.909859,6.662909]},"properties":{"settlement_id":"s14jfhyyk8","name":"Oke Odan\r","state":"Ogun","lga":"Egbado South","population":817,"num_buildings":192,"dist_transmission_km":3.64,"solar_pv_value":1319.648,"wealth_index":NaN,"viability_score":NaN,"viability_tier":"A_highly_viable","rank_in_state":19}},{"type":"Feature","geometry":{"type":"Point","coordinates":[2.952777,6.704436]},"properties":{"settlement_id":"s14n5hw0ht","name":"Location #154305","state":"Ogun","lga":"Egbado South","population":30,"num_buildings":7,"dist_transmission_km":0.5,"solar_pv_value":1320.014,"wealth_index":NaN,"viability_score":NaN,"viability_tier":"A_highly_viable","rank_in_state":20}},{"type":"Feature","geometry":{"type":"Point","coordinates":[2.955342,6.704572]},"properties":{"settlement_id":"s14n5k80bq","name":"Location #101607","state":"Ogun","lga":"Egbado South","population":145,"num_buildings":34,"dist_transmission_km":0.63,"solar_pv_value":1320.014,"wealth_index":NaN,"viability_score":NaN,"viability_tier":"A_highly_viable","rank_in_state":21}},{"type":"Feature","geometry":{"type":"Point","coordinates":[2.87754,6.836125]},"properties":{"settlement_id":"s14nckrr7d","name":"Ebute Igboro\r","state":"Ogun","lga":"Egbado South","population":230,"num_buildings":54,"dist_transmission_km":4.46,"solar_pv_value":1326.223,"wealth_index":NaN,"viability_score":NaN,"viability_tier":"A_highly_viable","rank_in_state":22}},{"type":"Feature","geometry":{"type":"Point","coordinates":[2.914479,6.788433]},"properties":{"settlement_id":"s14nd7f32r","name":"Asafo","state":"Ogun","lga":"Egbado South","population":162,"num_buildings":38,"dist_transmission_km":5.8,"solar_pv_value":1324.396,"wealth_index":NaN,"viability_score":NaN,"viability_tier":"A_highly_viable","rank_in_state":23}},{"type":"Feature","geometry":{"type":"Point","coordinates":[2.928607,6.841697]},"properties":{"settlement_id":"s14nftkxc2","name":"Idawgo\r","state":"Ogun","lga":"Egbado South","population":140,"num_buildings":33,"dist_transmission_km":4.96,"solar_pv_value":1327.318,"wealth_index":NaN,"viability_score":NaN,"viability_tier":"A_highly_viable","rank_in_state":24}},{"type":"Feature","geometry":{"type":"Point","coordinates":[2.873016,6.941383]},"properties":{"settlement_id":"s14p3rsh6p","name":"Igbo Ale\r","state":"Ogun","lga":"Egbado North","population":612,"num_buildings":144,"dist_transmission_km":4.73,"solar_pv_value":1329.51,"wealth_index":NaN,"viability_score":NaN,"viability_tier":"A_highly_viable","rank_in_state":25}},{"type":"Feature","geometry":{"type":"Point","coordinates":[2.909222,7.023106]},"properties":{"settlement_id":"s14pfnw2tc","name":"Location #148341","state":"Ogun","lga":"Egbado North","population":85,"num_buildings":20,"dist_transmission_km":2.46,"solar_pv_value":1329.875,"wealth_index":NaN,"viability_score":NaN,"viability_tier":"A_highly_viable","rank_in_state":26}},{"type":"Feature","geometry":{"type":"Point","coordinates":[3.098993,6.926125]},"properties":{"settlement_id":"s14pqsbeeg","name":"Location #57889","state":"Ogun","lga":"Ewekoro","population":310,"num_buildings":73,"dist_transmission_km":3.38,"solar_pv_value":1333.893,"wealth_index":NaN,"viability_score":NaN,"viability_tier":"A_highly_viable","rank_in_state":27}},{"type":"Feature","geometry":{"type":"Point","coordinates":[3.008942,6.974352]},"properties":{"settlement_id":"s14psmxh93","name":"Owode","state":"Ogun","lga":"Egbado North","population":238,"num_buildings":56,"dist_transmission_km":2.89,"solar_pv_value":1332.432,"wealth_index":NaN,"viability_score":NaN,"viability_tier":"A_highly_viable","rank_in_state":28}},{"type":"Feature","geometry":{"type":"Point","coordinates":[3.082675,7.030414]},"properties":{"settlement_id":"s14pypueps","name":"Awaiye","state":"Ogun","lga":"Egbado North","population":157,"num_buildings":37,"dist_transmission_km":2.81,"solar_pv_value":1333.528,"wealth_index":NaN,"viability_score":NaN,"viability_tier":"A_highly_viable","rank_in_state":29}},{"type":"Feature","geometry":{"type":"Point","coordinates":[3.123165,7.00728]},"properties":{"settlement_id":"s14pz5dhr5","name":"Mosan","state":"Ogun","lga":"Ewekoro","population":128,"num_buildings":30,"dist_transmission_km":1.63,"solar_pv_value":1332.432,"wealth_index":NaN,"viability_score":NaN,"viability_tier":"A_highly_viable","rank_in_state":30}},{"type":"Feature","geometry":{"type":"Point","coordinates":[3.157632,7.002745]},"properties":{"settlement_id":"s14pzfg3fn","name":"Mosan","state":"Ogun","lga":"Ewekoro","population":187,"num_buildings":44,"dist_transmission_km":3.24,"solar_pv_value":1334.989,"wealth_index":NaN,"viability_score":NaN,"viability_tier":"A_highly_viable","rank_in_state":31}},{"type":"Feature","geometry":{"type":"Point","coordinates":[3.131657,7.024639]},"properties":{"settlement_id":"s14pzqb3kz","name":"Location #94039","state":"Ogun","lga":"Ewekoro","population":162,"num_buildings":38,"dist_transmission_km":3.5,"solar_pv_value":1337.546,"wealth_index":NaN,"viability_score":NaN,"viability_tier":"A_highly_viable","rank_in_state":32}},{"type":"Feature","geometry":{"type":"Point","coordinates":[3.332946,6.81626]},"properties":{"settlement_id":"s14qgbfgx6","name":"Oloki","state":"Ogun","lga":"Ifo","population":89,"num_buildings":21,"dist_transmission_km":3.53,"solar_pv_value":1304.673,"wealth_index":NaN,"viability_score":NaN,"viability_tier":"A_highly_viable","rank_in_state":33}},{"type":"Feature","geometry":{"type":"Point","coordinates":[3.33549,6.820534]},"properties":{"settlement_id":"s14qgcsu6x","name":"Oloki","state":"Ogun","lga":"Ifo","population":196,"num_buildings":46,"dist_transmission_km":3.92,"solar_pv_value":1306.134,"wealth_index":NaN,"viability_score":NaN,"viability_tier":"A_highly_viable","rank_in_state":34}},{"type":"Feature","geometry":{"type":"Point","coordinates":[3.323099,6.83666]},"properties":{"settlement_id":"s14qgsef3v","name":"Isola","state":"Ogun","lga":"Ifo","population":344,"num_buildings":81,"dist_transmission_km":4.0,"solar_pv_value":1307.96,"wealth_index":NaN,"viability_score":NaN,"viability_tier":"A_highly_viable","rank_in_state":35}},{"type":"Feature","geometry":{"type":"Point","coordinates":[3.469508,6.794488]},"properties":{"settlement_id":"s14qwuykv2","name":"Shagamu\r","state":"Ogun","lga":"Shagamu","population":442,"num_buildings":104,"dist_transmission_km":1.49,"solar_pv_value":1302.482,"wealth_index":NaN,"viability_score":NaN,"viability_tier":"A_highly_viable","rank_in_state":36}},{"type":"Feature","geometry":{"type":"Point","coordinates":[3.469577,6.800007]},"properties":{"settlement_id":"s14qwvykzj","name":"Shagamu\r","state":"Ogun","lga":"Shagamu","population":859,"num_buildings":202,"dist_transmission_km":1.17,"solar_pv_value":1303.212,"wealth_index":NaN,"viability_score":NaN,"viability_tier":"A_highly_viable","rank_in_state":37}},{"type":"Feature","geometry":{"type":"Point","coordinates":[3.476804,6.795222]},"properties":{"settlement_id":"s14qxj59p3","name":"Shagamu\r","state":"Ogun","lga":"Shagamu","population":119,"num_buildings":28,"dist_transmission_km":1.87,"solar_pv_value":1302.116,"wealth_index":NaN,"viability_score":NaN,"viability_tier":"A_highly_viable","rank_in_state":38}},{"type":"Feature","geometry":{"type":"Point","coordinates":[3.474335,6.805573]},"properties":{"settlement_id":"s14qxncvmf","name":"Shagamu\r","state":"Ogun","lga":"Shagamu","population":621,"num_buildings":146,"dist_transmission_km":1.51,"solar_pv_value":1303.212,"wealth_index":NaN,"viability_score":NaN,"viability_tier":"A_highly_viable","rank_in_state":39}},{"type":"Feature","geometry":{"type":"Point","coordinates":[3.478305,6.807638]},"properties":{"settlement_id":"s14qxpkc67","name":"Shagamu\r","state":"Ogun","lga":"Shagamu","population":153,"num_buildings":36,"dist_transmission_km":1.81,"solar_pv_value":1302.482,"wealth_index":NaN,"viability_score":NaN,"viability_tier":"A_highly_viable","rank_in_state":40}},{"type":"Feature","geometry":{"type":"Point","coordinates":[3.514876,6.820542]},"properties":{"settlement_id":"s14qzcxkw9","name":"Shagamu\r","state":"Ogun","lga":"Shagamu","population":191,"num_buildings":45,"dist_transmission_km":2.35,"solar_pv_value":1302.116,"wealth_index":NaN,"viability_score":NaN,"viability_tier":"A_highly_viable","rank_in_state":41}},{"type":"Feature","geometry":{"type":"Point","coordinates":[3.320413,6.930005]},"properties":{"settlement_id":"s14r7t9f5n","name":"Location #115316","state":"Ogun","lga":"Obafemi-Owode","population":123,"num_buildings":29,"dist_transmission_km":5.37,"solar_pv_value":1319.283,"wealth_index":NaN,"viability_score":NaN,"viability_tier":"A_highly_viable","rank_in_state":42}},{"type":"Feature","geometry":{"type":"Point","coordinates":[3.169135,6.995399]},"properties":{"settlement_id":"s14rb17xnh","name":"Mosan","state":"Ogun","lga":"Ewekoro","population":183,"num_buildings":43,"dist_transmission_km":1.83,"solar_pv_value":1334.624,"wealth_index":NaN,"viability_score":NaN,"viability_tier":"A_highly_viable","rank_in_state":43}},{"type":"Feature","geometry":{"type":"Point","coordinates":[3.262825,7.013031]},"properties":{"settlement_id":"s14rfhxvv7","name":"Location #101413","state":"Ogun","lga":"Ewekoro","population":145,"num_buildings":34,"dist_transmission_km":1.93,"solar_pv_value":1328.78,"wealth_index":NaN,"viability_score":NaN,"viability_tier":"A_highly_viable","rank_in_state":44}},{"type":"Feature","geometry":{"type":"Point","coordinates":[3.254531,7.016814]},"properties":{"settlement_id":"s14rfj3guh","name":"Baye\r","state":"Ogun","lga":"Ewekoro","population":132,"num_buildings":31,"dist_transmission_km":1.14,"solar_pv_value":1330.606,"wealth_index":NaN,"viability_score":NaN,"viability_tier":"A_highly_viable","rank_in_state":45}},{"type":"Feature","geometry":{"type":"Point","coordinates":[3.266478,7.026683]},"properties":{"settlement_id":"s14rfr4t6k","name":"Sule\r","state":"Ogun","lga":"Ewekoro","population":115,"num_buildings":27,"dist_transmission_km":1.04,"solar_pv_value":1330.24,"wealth_index":NaN,"viability_score":NaN,"viability_tier":"A_highly_viable","rank_in_state":46}},{"type":"Feature","geometry":{"type":"Point","coordinates":[3.287861,7.013755]},"properties":{"settlement_id":"s14rfuf4hd","name":"Sule\r","state":"Ogun","lga":"Ewekoro","population":145,"num_buildings":34,"dist_transmission_km":3.7,"solar_pv_value":1325.858,"wealth_index":NaN,"viability_score":NaN,"viability_tier":"A_highly_viable","rank_in_state":47}},{"type":"Feature","geometry":{"type":"Point","coordinates":[3.335051,7.013131]},"properties":{"settlement_id":"s14rgusw2q","name":"Degesin\r","state":"Ogun","lga":"Obafemi-Owode","population":149,"num_buildings":35,"dist_transmission_km":3.43,"solar_pv_value":1327.684,"wealth_index":NaN,"viability_score":NaN,"viability_tier":"A_highly_viable","rank_in_state":48}},{"type":"Feature","geometry":{"type":"Point","coordinates":[3.409444,6.980591]},"properties":{"settlement_id":"s14rtwf8vu","name":"Location #129516","state":"Ogun","lga":"Obafemi-Owode","population":102,"num_buildings":24,"dist_transmission_km":3.68,"solar_pv_value":1325.492,"wealth_index":NaN,"viability_score":NaN,"viability_tier":"A_highly_viable","rank_in_state":49}},{"type":"Feature","geometry":{"type":"Point","coordinates":[3.462272,6.944858]},"properties":{"settlement_id":"s14rwb30sz","name":"Location #92797","state":"Ogun","lga":"Obafemi-Owode","population":166,"num_buildings":39,"dist_transmission_km":3.3,"solar_pv_value":1322.57,"wealth_index":NaN,"viability_score":NaN,"viability_tier":"A_highly_viable","rank_in_state":50}},{"type":"Feature","geometry":{"type":"Point","coordinates":[4.568682,6.273327]},"properties":{"settlement_id":"s155xynbf0","name":"Abereke\r","state":"Ondo","lga":"Ilaje","population":119,"num_buildings":28,"dist_transmission_km":1.73,"solar_pv_value":1372.975,"wealth_index":NaN,"viability_score":NaN,"viability_tier":"A_highly_viable","rank_in_state":1}},{"type":"Feature","geometry":{"type":"Point","coordinates":[4.804432,6.125503]},"properties":{"settlement_id":"s156v747xk","name":"Ugbonla","state":"Ondo","lga":"Ilaje","population":149,"num_buildings":35,"dist_transmission_km":1.46,"solar_pv_value":1345.581,"wealth_index":NaN,"viability_score":NaN,"viability_tier":"A_highly_viable","rank_in_state":2}},{"type":"Feature","geometry":{"type":"Point","coordinates":[4.861083,6.135335]},"properties":{"settlement_id":"s156ysgszm","name":"Ugbo","state":"Ondo","lga":"Ese-Odo","population":208,"num_buildings":49,"dist_transmission_km":6.65,"solar_pv_value":1317.457,"wealth_index":NaN,"viability_score":NaN,"viability_tier":"A_highly_viable","rank_in_state":3}},{"type":"Feature","geometry":{"type":"Point","coordinates":[4.867051,6.132548]},"properties":{"settlement_id":"s156yu2hdt","name":"Ugbo","state":"Ondo","lga":"Ese-Odo","population":187,"num_buildings":44,"dist_transmission_km":5.97,"solar_pv_value":1316.726,"wealth_index":NaN,"viability_score":NaN,"viability_tier":"A_highly_viable","rank_in_state":4}},{"type":"Feature","geometry":{"type":"Point","coordinates":[4.711093,6.235592]},"properties":{"settlement_id":"s1577pnsbq","name":"Abereke\r","state":"Ondo","lga":"Ilaje","population":217,"num_buildings":51,"dist_transmission_km":2.88,"solar_pv_value":1331.701,"wealth_index":NaN,"viability_score":NaN,"viability_tier":"A_highly_viable","rank_in_state":5}},{"type":"Feature","geometry":{"type":"Point","coordinates":[4.571324,6.271083]},"properties":{"settlement_id":"s1578j8exw","name":"Abereke\r","state":"Ondo","lga":"Ilaje","population":119,"num_buildings":28,"dist_transmission_km":1.96,"solar_pv_value":1373.34,"wealth_index":NaN,"viability_score":NaN,"viability_tier":"A_highly_viable","rank_in_state":6}},{"type":"Feature","geometry":{"type":"Point","coordinates":[4.613639,6.28807]},"properties":{"settlement_id":"s157bbxw9t","name":"Iba-Abala\r","state":"Ondo","lga":"Ilaje","population":220,"num_buildings":45,"dist_transmission_km":0.94,"solar_pv_value":1347.407,"wealth_index":NaN,"viability_score":NaN,"viability_tier":"A_highly_viable","rank_in_state":7}},{"type":"Feature","geometry":{"type":"Point","coordinates":[4.810823,6.189918]},"properties":{"settlement_id":"s157jqz4uk","name":"Location #68408","state":"Ondo","lga":"Ilaje","population":251,"num_buildings":59,"dist_transmission_km":4.28,"solar_pv_value":1317.822,"wealth_index":NaN,"viability_score":NaN,"viability_tier":"A_highly_viable","rank_in_state":8}},{"type":"Feature","geometry":{"type":"Point","coordinates":[4.829256,6.22534]},"properties":{"settlement_id":"s157mvk91z","name":"Legha","state":"Ondo","lga":"Ilaje","population":379,"num_buildings":89,"dist_transmission_km":8.7,"solar_pv_value":1312.708,"wealth_index":NaN,"viability_score":NaN,"viability_tier":"A_highly_viable","rank_in_state":9}},{"type":"Feature","geometry":{"type":"Point","coordinates":[4.885741,6.153216]},"properties":{"settlement_id":"s157p0jtn4","name":"Location #130913","state":"Ondo","lga":"Ese-Odo","population":102,"num_buildings":24,"dist_transmission_km":6.19,"solar_pv_value":1309.421,"wealth_index":NaN,"viability_score":NaN,"viability_tier":"A_highly_viable","rank_in_state":10}},{"type":"Feature","geometry":{"type":"Point","coordinates":[4.887599,6.156114]},"properties":{"settlement_id":"s157p0xjcq","name":"Location #112783","state":"Ondo","lga":"Ese-Odo","population":128,"num_buildings":30,"dist_transmission_km":6.3,"solar_pv_value":1309.421,"wealth_index":NaN,"viability_score":NaN,"viability_tier":"A_highly_viable","rank_in_state":11}},{"type":"Feature","geometry":{"type":"Point","coordinates":[4.906816,6.174853]},"properties":{"settlement_id":"s157psj51h","name":"Ogidigba","state":"Ondo","lga":"Ese-Odo","population":468,"num_buildings":110,"dist_transmission_km":6.81,"solar_pv_value":1306.134,"wealth_index":NaN,"viability_score":NaN,"viability_tier":"A_highly_viable","rank_in_state":12}},{"type":"Feature","geometry":{"type":"Point","coordinates":[4.84259,6.220729]},"properties":{"settlement_id":"s157qhqq2e","name":"Legha","state":"Ondo","lga":"Ese-Odo","population":1238,"num_buildings":291,"dist_transmission_km":9.02,"solar_pv_value":1311.613,"wealth_index":NaN,"viability_score":NaN,"viability_tier":"A_highly_viable","rank_in_state":13}},{"type":"Feature","geometry":{"type":"Point","coordinates":[4.861138,6.229464]},"properties":{"settlement_id":"s157qw5c28","name":"Amadebegbene","state":"Ondo","lga":"Ese-Odo","population":289,"num_buildings":68,"dist_transmission_km":8.49,"solar_pv_value":1309.421,"wealth_index":NaN,"viability_score":NaN,"viability_tier":"A_highly_viable","rank_in_state":14}},{"type":"Feature","geometry":{"type":"Point","coordinates":[4.768745,6.280021]},"properties":{"settlement_id":"s157sx0rzb","name":"Location #102676","state":"Ondo","lga":"Ilaje","population":145,"num_buildings":34,"dist_transmission_km":2.39,"solar_pv_value":1314.535,"wealth_index":NaN,"viability_score":NaN,"viability_tier":"A_highly_viable","rank_in_state":15}},{"type":"Feature","geometry":{"type":"Point","coordinates":[4.781223,6.297955]},"properties":{"settlement_id":"s157uf984x","name":"Igbokuta\r","state":"Ondo","lga":"Ilaje","population":111,"num_buildings":26,"dist_transmission_km":1.19,"solar_pv_value":1313.804,"wealth_index":NaN,"viability_score":NaN,"viability_tier":"A_highly_viable","rank_in_state":16}},{"type":"Feature","geometry":{"type":"Point","coordinates":[4.817479,6.30291]},"properties":{"settlement_id":"s157ve7vp7","name":"Ita-Aiyelala\r","state":"Ondo","lga":"Ilaje","population":94,"num_buildings":22,"dist_transmission_km":3.72,"solar_pv_value":1311.978,"wealth_index":NaN,"viability_score":NaN,"viability_tier":"A_highly_viable","rank_in_state":17}},{"type":"Feature","geometry":{"type":"Point","coordinates":[4.795525,6.3172]},"properties":{"settlement_id":"s157vn5brg","name":"Igbokuta\r","state":"Ondo","lga":"Ilaje","population":128,"num_buildings":30,"dist_transmission_km":0.86,"solar_pv_value":1311.247,"wealth_index":NaN,"viability_score":NaN,"viability_tier":"A_highly_viable","rank_in_state":18}},{"type":"Feature","geometry":{"type":"Point","coordinates":[4.9619,6.071212]},"properties":{"settlement_id":"s15d8cjpke","name":"Upe","state":"Ondo","lga":"Ese-Odo","population":204,"num_buildings":48,"dist_transmission_km":2.05,"solar_pv_value":1311.978,"wealth_index":NaN,"viability_score":NaN,"viability_tier":"A_highly_viable","rank_in_state":19}},{"type":"Feature","geometry":{"type":"Point","coordinates":[4.93134,6.109407]},"properties":{"settlement_id":"s15db0nvus","name":"Upe","state":"Ondo","lga":"Ese-Odo","population":85,"num_buildings":20,"dist_transmission_km":0.47,"solar_pv_value":1309.421,"wealth_index":NaN,"viability_score":NaN,"viability_tier":"A_highly_viable","rank_in_state":20}},{"type":"Feature","geometry":{"type":"Point","coordinates":[4.929581,6.117069]},"properties":{"settlement_id":"s15db1tde8","name":"Location #72343","state":"Ondo","lga":"Ese-Odo","population":234,"num_buildings":55,"dist_transmission_km":0.14,"solar_pv_value":1309.421,"wealth_index":NaN,"viability_score":NaN,"viability_tier":"A_highly_viable","rank_in_state":21}},{"type":"Feature","geometry":{"type":"Point","coordinates":[5.027931,6.065198]},"properties":{"settlement_id":"s15dd2jhr6","name":"Ago Atilabo","state":"Ondo","lga":"Ese-Odo","population":94,"num_buildings":22,"dist_transmission_km":4.81,"solar_pv_value":1299.925,"wealth_index":NaN,"viability_score":NaN,"viability_tier":"A_highly_viable","rank_in_state":22}},{"type":"Feature","geometry":{"type":"Point","coordinates":[5.014034,6.137528]},"properties":{"settlement_id":"s15dfj71eq","name":"Asiboro","state":"Ondo","lga":"Ese-Odo","population":702,"num_buildings":165,"dist_transmission_km":6.79,"solar_pv_value":1303.942,"wealth_index":NaN,"viability_score":NaN,"viability_tier":"A_highly_viable","rank_in_state":23}},{"type":"Feature","geometry":{"type":"Point","coordinates":[5.060243,6.108783]},"properties":{"settlement_id":"s15dg0hf0p","name":"Binibiagbene","state":"Ondo","lga":"Ese-Odo","population":136,"num_buildings":32,"dist_transmission_km":8.85,"solar_pv_value":1304.673,"wealth_index":NaN,"viability_score":NaN,"viability_tier":"A_highly_viable","rank_in_state":24}},{"type":"Feature","geometry":{"type":"Point","coordinates":[4.955192,6.16815]},"properties":{"settlement_id":"s15e0fbk06","name":"Lalate","state":"Ondo","lga":"Ese-Odo","population":140,"num_buildings":33,"dist_transmission_km":5.78,"solar_pv_value":1302.116,"wealth_index":NaN,"viability_score":NaN,"viability_tier":"A_highly_viable","rank_in_state":25}},{"type":"Feature","geometry":{"type":"Point","coordinates":[4.940891,6.176119]},"properties":{"settlement_id":"s15e0kmfe0","name":"Ogidigba","state":"Ondo","lga":"Ese-Odo","population":310,"num_buildings":73,"dist_transmission_km":6.75,"solar_pv_value":1301.386,"wealth_index":NaN,"viability_score":NaN,"viability_tier":"A_highly_viable","rank_in_state":26}},{"type":"Feature","geometry":{"type":"Point","coordinates":[5.007018,6.161824]},"properties":{"settlement_id":"s15e1ctzpz","name":"Biagbene","state":"Ondo","lga":"Ese-Odo","population":417,"num_buildings":98,"dist_transmission_km":7.98,"solar_pv_value":1302.847,"wealth_index":NaN,"viability_score":NaN,"viability_tier":"A_highly_viable","rank_in_state":27}},{"type":"Feature","geometry":{"type":"Point","coordinates":[4.963664,6.210788]},"properties":{"settlement_id":"s15e2fwkmy","name":"Arogbo","state":"Ondo","lga":"Ese-Odo","population":166,"num_buildings":39,"dist_transmission_km":9.33,"solar_pv_value":1300.29,"wealth_index":NaN,"viability_score":NaN,"viability_tier":"A_highly_viable","rank_in_state":28}},{"type":"Feature","geometry":{"type":"Point","coordinates":[5.079189,6.206779]},"properties":{"settlement_id":"s15e79ft1e","name":"Adoloseimo","state":"Ondo","lga":"Ese-Odo","population":166,"num_buildings":39,"dist_transmission_km":12.69,"solar_pv_value":1304.673,"wealth_index":NaN,"viability_score":NaN,"viability_tier":"A_highly_viable","rank_in_state":29}},{"type":"Feature","geometry":{"type":"Point","coordinates":[5.007762,6.263201]},"properties":{"settlement_id":"s15e9untc3","name":"Arogbo","state":"Ondo","lga":"Ese-Odo","population":104,"num_buildings":21,"dist_transmission_km":3.1,"solar_pv_value":1303.212,"wealth_index":NaN,"viability_score":NaN,"viability_tier":"A_highly_viable","rank_in_state":30}},{"type":"Feature","geometry":{"type":"Point","coordinates":[4.996445,6.289315]},"properties":{"settlement_id":"s15ec8ymct","name":"Location #43736","state":"Ondo","lga":"Ese-Odo","population":447,"num_buildings":105,"dist_transmission_km":null,"solar_pv_value":1303.942,"wealth_index":NaN,"viability_score":NaN,"viability_tier":"A_highly_viable","rank_in_state":31}},{"type":"Feature","geometry":{"type":"Point","coordinates":[5.008089,6.286882]},"properties":{"settlement_id":"s15ecbqz8z","name":"Safarogbo","state":"Ondo","lga":"Ese-Odo","population":174,"num_buildings":41,"dist_transmission_km":1.1,"solar_pv_value":1302.847,"wealth_index":NaN,"viability_score":NaN,"viability_tier":"A_highly_viable","rank_in_state":32}},{"type":"Feature","geometry":{"type":"Point","coordinates":[5.004549,6.299621]},"properties":{"settlement_id":"s15ecfu1yq","name":"Irele","state":"Ondo","lga":"Ese-Odo","population":272,"num_buildings":64,"dist_transmission_km":0.12,"solar_pv_value":1303.942,"wealth_index":NaN,"viability_score":NaN,"viability_tier":"A_highly_viable","rank_in_state":33}},{"type":"Feature","geometry":{"type":"Point","coordinates":[5.046043,6.246446]},"properties":{"settlement_id":"s15edc4kjm","name":"Safarogbo","state":"Ondo","lga":"Ese-Odo","population":812,"num_buildings":191,"dist_transmission_km":6.76,"solar_pv_value":1303.577,"wealth_index":NaN,"viability_score":NaN,"viability_tier":"A_highly_viable","rank_in_state":34}},{"type":"Feature","geometry":{"type":"Point","coordinates":[5.05244,6.248154]},"properties":{"settlement_id":"s15edcrn4k","name":"Saforogbo","state":"Ondo","lga":"Ese-Odo","population":272,"num_buildings":64,"dist_transmission_km":7.35,"solar_pv_value":1303.577,"wealth_index":NaN,"viability_score":NaN,"viability_tier":"A_highly_viable","rank_in_state":35}},{"type":"Feature","geometry":{"type":"Point","coordinates":[5.01282,6.266919]},"properties":{"settlement_id":"s15edhf5rn","name":"Arogbo","state":"Ondo","lga":"Ese-Odo","population":1327,"num_buildings":312,"dist_transmission_km":2.7,"solar_pv_value":1302.847,"wealth_index":NaN,"viability_score":NaN,"viability_tier":"A_highly_viable","rank_in_state":36}},{"type":"Feature","geometry":{"type":"Point","coordinates":[5.027303,6.272508]},"properties":{"settlement_id":"s15edmuu08","name":"Safarogbo","state":"Ondo","lga":"Ese-Odo","population":191,"num_buildings":45,"dist_transmission_km":3.58,"solar_pv_value":1303.212,"wealth_index":NaN,"viability_score":NaN,"viability_tier":"A_highly_viable","rank_in_state":37}},{"type":"Feature","geometry":{"type":"Point","coordinates":[5.010358,6.283542]},"properties":{"settlement_id":"s15edpbkmc","name":"Arogbo","state":"Ondo","lga":"Ese-Odo","population":268,"num_buildings":63,"dist_transmission_km":1.33,"solar_pv_value":1302.482,"wealth_index":NaN,"viability_score":NaN,"viability_tier":"A_highly_viable","rank_in_state":38}},{"type":"Feature","geometry":{"type":"Point","coordinates":[5.059137,6.242775]},"properties":{"settlement_id":"s15ee07yy3","name":"Saforogbon","state":"Ondo","lga":"Ese-Odo","population":102,"num_buildings":24,"dist_transmission_km":8.49,"solar_pv_value":1304.308,"wealth_index":NaN,"viability_score":NaN,"viability_tier":"A_highly_viable","rank_in_state":39}},{"type":"Feature","geometry":{"type":"Point","coordinates":[5.014871,6.310879]},"properties":{"settlement_id":"s15efhgewc","name":"Irele","state":"Ondo","lga":"Irele","population":238,"num_buildings":56,"dist_transmission_km":1.25,"solar_pv_value":1304.673,"wealth_index":NaN,"viability_score":NaN,"viability_tier":"A_highly_viable","rank_in_state":40}},{"type":"Feature","geometry":{"type":"Point","coordinates":[5.01806,6.314241]},"properties":{"settlement_id":"s15efjqp17","name":"Irele","state":"Ondo","lga":"Irele","population":102,"num_buildings":24,"dist_transmission_km":1.59,"solar_pv_value":1304.308,"wealth_index":NaN,"viability_score":NaN,"viability_tier":"A_highly_viable","rank_in_state":41}},{"type":"Feature","geometry":{"type":"Point","coordinates":[4.478319,6.333488]},"properties":{"settlement_id":"s15hjbvp0r","name":"Olokata","state":"Ondo","lga":"Ilaje","population":766,"num_buildings":180,"dist_transmission_km":7.78,"solar_pv_value":1375.532,"wealth_index":NaN,"viability_score":NaN,"viability_tier":"A_highly_viable","rank_in_state":42}},{"type":"Feature","geometry":{"type":"Point","coordinates":[4.536289,6.423848]},"properties":{"settlement_id":"s15hx1rjxh","name":"Itedo Village","state":"Ondo","lga":"Ilaje","population":111,"num_buildings":26,"dist_transmission_km":12.94,"solar_pv_value":1318.552,"wealth_index":NaN,"viability_score":NaN,"viability_tier":"A_highly_viable","rank_in_state":43}},{"type":"Feature","geometry":{"type":"Point","coordinates":[4.488308,6.528318]},"properties":{"settlement_id":"s15jnhkq1n","name":"Lomiro","state":"Ondo","lga":"Odigbo","population":89,"num_buildings":21,"dist_transmission_km":6.93,"solar_pv_value":1305.769,"wealth_index":NaN,"viability_score":NaN,"viability_tier":"A_highly_viable","rank_in_state":44}},{"type":"Feature","geometry":{"type":"Point","coordinates":[4.455553,6.655066]},"properties":{"settlement_id":"s15jv7s2tf","name":"Araromi-Obu\r","state":"Ondo","lga":"Odigbo","population":506,"num_buildings":119,"dist_transmission_km":0.1,"solar_pv_value":1309.056,"wealth_index":NaN,"viability_score":NaN,"viability_tier":"A_highly_viable","rank_in_state":45}},{"type":"Feature","geometry":{"type":"Point","coordinates":[4.45797,6.66317]},"properties":{"settlement_id":"s15jvkypy0","name":"Araromi-Obu\r","state":"Ondo","lga":"Odigbo","population":132,"num_buildings":31,"dist_transmission_km":0.62,"solar_pv_value":1307.96,"wealth_index":NaN,"viability_score":NaN,"viability_tier":"A_highly_viable","rank_in_state":46}},{"type":"Feature","geometry":{"type":"Point","coordinates":[4.455981,6.676323]},"properties":{"settlement_id":"s15jvrksru","name":"Araromi-Obu\r","state":"Ondo","lga":"Odigbo","population":327,"num_buildings":77,"dist_transmission_km":1.31,"solar_pv_value":1306.499,"wealth_index":NaN,"viability_score":NaN,"viability_tier":"A_highly_viable","rank_in_state":47}},{"type":"Feature","geometry":{"type":"Point","coordinates":[4.656557,6.335318]},"properties":{"settlement_id":"s15k1cqccs","name":"Bijimi\r","state":"Ondo","lga":"Ilaje","population":247,"num_buildings":58,"dist_transmission_km":7.6,"solar_pv_value":1320.379,"wealth_index":NaN,"viability_score":NaN,"viability_tier":"A_highly_viable","rank_in_state":48}},{"type":"Feature","geometry":{"type":"Point","coordinates":[4.622887,6.375237]},"properties":{"settlement_id":"s15k30w63n","name":"Location #37164","state":"Ondo","lga":"Ilaje","population":540,"num_buildings":127,"dist_transmission_km":9.63,"solar_pv_value":1318.552,"wealth_index":NaN,"viability_score":NaN,"viability_tier":"A_highly_viable","rank_in_state":49}},{"type":"Feature","geometry":{"type":"Point","coordinates":[4.668194,6.363689]},"properties":{"settlement_id":"s15k4nrr0v","name":"Orokiti\r","state":"Ondo","lga":"Ilaje","population":94,"num_buildings":22,"dist_transmission_km":10.26,"solar_pv_value":1312.343,"wealth_index":NaN,"viability_score":NaN,"viability_tier":"A_highly_viable","rank_in_state":50}},{"type":"Feature","geometry":{"type":"Point","coordinates":[4.38969,7.017126]},"properties":{"settlement_id":"s15pgvkmxp","name":"Location #134810","state":"Osun","lga":"Ife North","population":98,"num_buildings":23,"dist_transmission_km":21.37,"solar_pv_value":1323.666,"wealth_index":NaN,"viability_score":NaN,"viability_tier":"A_highly_viable","rank_in_state":1}},{"type":"Feature","geometry":{"type":"Point","coordinates":[4.13838,7.263437]},"properties":{"settlement_id":"s16cq4m2x4","name":"Location #140063","state":"Osun","lga":"Isokan","population":94,"num_buildings":22,"dist_transmission_km":5.62,"solar_pv_value":1343.39,"wealth_index":NaN,"viability_score":NaN,"viability_tier":"A_highly_viable","rank_in_state":2}},{"type":"Feature","geometry":{"type":"Point","coordinates":[4.209231,7.412477]},"properties":{"settlement_id":"s16fpv3hf1","name":"Location #152196","state":"Osun","lga":"Irewole","population":81,"num_buildings":19,"dist_transmission_km":2.2,"solar_pv_value":1349.234,"wealth_index":NaN,"viability_score":NaN,"viability_tier":"A_highly_viable","rank_in_state":3}},{"type":"Feature","geometry":{"type":"Point","coordinates":[4.207287,7.422304]},"properties":{"settlement_id":"s16fpxpwhc","name":"Location #104956","state":"Osun","lga":"Irewole","population":140,"num_buildings":33,"dist_transmission_km":1.8,"solar_pv_value":1351.79,"wealth_index":NaN,"viability_score":NaN,"viability_tier":"A_highly_viable","rank_in_state":4}},{"type":"Feature","geometry":{"type":"Point","coordinates":[4.191985,7.436367]},"properties":{"settlement_id":"s16fr3sxbr","name":"Location #112094","state":"Osun","lga":"Irewole","population":128,"num_buildings":30,"dist_transmission_km":0.21,"solar_pv_value":1349.234,"wealth_index":NaN,"viability_score":NaN,"viability_tier":"A_highly_viable","rank_in_state":5}},{"type":"Feature","geometry":{"type":"Point","coordinates":[4.346851,7.069545]},"properties":{"settlement_id":"s1704yvr0f","name":"Location #45853","state":"Osun","lga":"Aiyedade","population":421,"num_buildings":99,"dist_transmission_km":16.3,"solar_pv_value":1328.414,"wealth_index":NaN,"viability_score":NaN,"viability_tier":"A_highly_viable","rank_in_state":6}},{"type":"Feature","geometry":{"type":"Point","coordinates":[4.378104,7.042242]},"properties":{"settlement_id":"s1705dh011","name":"Location #35716","state":"Osun","lga":"Ife North","population":566,"num_buildings":133,"dist_transmission_km":19.25,"solar_pv_value":1326.223,"wealth_index":NaN,"viability_score":NaN,"viability_tier":"A_highly_viable","rank_in_state":7}},{"type":"Feature","geometry":{"type":"Point","coordinates":[4.384218,7.073075]},"properties":{"settlement_id":"s1705z87xs","name":"Location #74044","state":"Osun","lga":"Ife North","population":225,"num_buildings":53,"dist_transmission_km":15.99,"solar_pv_value":1331.336,"wealth_index":NaN,"viability_score":NaN,"viability_tier":"A_highly_viable","rank_in_state":8}},{"type":"Feature","geometry":{"type":"Point","coordinates":[4.354653,7.142166]},"properties":{"settlement_id":"s170eh4ynu","name":"Location #23119","state":"Osun","lga":"Aiyedade","population":919,"num_buildings":216,"dist_transmission_km":8.11,"solar_pv_value":1338.276,"wealth_index":NaN,"viability_score":NaN,"viability_tier":"A_highly_viable","rank_in_state":9}},{"type":"Feature","geometry":{"type":"Point","coordinates":[4.34507,7.174044]},"properties":{"settlement_id":"s170fcgzz6","name":"Araromi","state":"Osun","lga":"Aiyedade","population":145,"num_buildings":34,"dist_transmission_km":4.72,"solar_pv_value":1339.006,"wealth_index":NaN,"viability_score":NaN,"viability_tier":"A_highly_viable","rank_in_state":10}},{"type":"Feature","geometry":{"type":"Point","coordinates":[4.360272,7.170738]},"properties":{"settlement_id":"s170g1rh9d","name":"Orile Owu","state":"Osun","lga":"Aiyedade","population":3568,"num_buildings":839,"dist_transmission_km":4.71,"solar_pv_value":1337.18,"wealth_index":NaN,"viability_score":NaN,"viability_tier":"A_highly_viable","rank_in_state":11}},{"type":"Feature","geometry":{"type":"Point","coordinates":[4.364636,7.181347]},"properties":{"settlement_id":"s170g764rk","name":"Araromi","state":"Osun","lga":"Aiyedade","population":94,"num_buildings":22,"dist_transmission_km":4.65,"solar_pv_value":1338.276,"wealth_index":NaN,"viability_score":NaN,"viability_tier":"A_highly_viable","rank_in_state":12}},{"type":"Feature","geometry":{"type":"Point","coordinates":[4.436645,7.035056]},"properties":{"settlement_id":"s170hbwwjm","name":"Location #110176","state":"Osun","lga":"Ife North","population":132,"num_buildings":31,"dist_transmission_km":18.03,"solar_pv_value":1328.049,"wealth_index":NaN,"viability_score":NaN,"viability_tier":"A_highly_viable","rank_in_state":13}},{"type":"Feature","geometry":{"type":"Point","coordinates":[4.465253,7.073521]},"properties":{"settlement_id":"s170jxeqpz","name":"Location #123846","state":"Osun","lga":"Ife North","population":111,"num_buildings":26,"dist_transmission_km":13.57,"solar_pv_value":1338.276,"wealth_index":NaN,"viability_score":NaN,"viability_tier":"A_highly_viable","rank_in_state":14}},{"type":"Feature","geometry":{"type":"Point","coordinates":[4.436126,7.080418]},"properties":{"settlement_id":"s170kbyq3j","name":"Location #87977","state":"Osun","lga":"Ife North","population":179,"num_buildings":42,"dist_transmission_km":13.05,"solar_pv_value":1339.006,"wealth_index":NaN,"viability_score":NaN,"viability_tier":"A_highly_viable","rank_in_state":15}},{"type":"Feature","geometry":{"type":"Point","coordinates":[4.457941,7.084911]},"properties":{"settlement_id":"s170m3y0te","name":"Location #117580","state":"Osun","lga":"Ife North","population":119,"num_buildings":28,"dist_transmission_km":12.24,"solar_pv_value":1341.198,"wealth_index":NaN,"viability_score":NaN,"viability_tier":"A_highly_viable","rank_in_state":16}},{"type":"Feature","geometry":{"type":"Point","coordinates":[4.51208,7.033126]},"properties":{"settlement_id":"s170n8mdgj","name":"Location #122893","state":"Osun","lga":"Ife North","population":111,"num_buildings":26,"dist_transmission_km":11.18,"solar_pv_value":1332.432,"wealth_index":NaN,"viability_score":NaN,"viability_tier":"A_highly_viable","rank_in_state":17}},{"type":"Feature","geometry":{"type":"Point","coordinates":[4.484239,7.068608]},"properties":{"settlement_id":"s170nnc3dk","name":"Location #77048","state":"Osun","lga":"Ife North","population":213,"num_buildings":50,"dist_transmission_km":12.98,"solar_pv_value":1337.546,"wealth_index":NaN,"viability_score":NaN,"viability_tier":"A_highly_viable","rank_in_state":18}},{"type":"Feature","geometry":{"type":"Point","coordinates":[4.469046,7.158885]},"properties":{"settlement_id":"s170txnr82","name":"Location #34730","state":"Osun","lga":"Ife South","population":587,"num_buildings":138,"dist_transmission_km":4.05,"solar_pv_value":1341.928,"wealth_index":NaN,"viability_score":NaN,"viability_tier":"A_highly_viable","rank_in_state":19}},{"type":"Feature","geometry":{"type":"Point","coordinates":[4.457362,7.170176]},"properties":{"settlement_id":"s170v3mc21","name":"Location #21289","state":"Osun","lga":"Ife South","population":1004,"num_buildings":236,"dist_transmission_km":2.55,"solar_pv_value":1340.833,"wealth_index":NaN,"viability_score":NaN,"viability_tier":"A_highly_viable","rank_in_state":20}},{"type":"Feature","geometry":{"type":"Point","coordinates":[4.442398,7.205774]},"properties":{"settlement_id":"s170vpfbem","name":"Location #38536","state":"Osun","lga":"Ife North","population":519,"num_buildings":122,"dist_transmission_km":2.18,"solar_pv_value":1339.006,"wealth_index":NaN,"viability_score":NaN,"viability_tier":"A_highly_viable","rank_in_state":21}},{"type":"Feature","geometry":{"type":"Point","coordinates":[4.523955,7.147973]},"properties":{"settlement_id":"s170wvnpzy","name":"Location #13891","state":"Osun","lga":"Ife South","population":1527,"num_buildings":359,"dist_transmission_km":6.38,"solar_pv_value":1340.833,"wealth_index":NaN,"viability_score":NaN,"viability_tier":"A_highly_viable","rank_in_state":22}},{"type":"Feature","geometry":{"type":"Point","coordinates":[4.357412,7.21246]},"properties":{"settlement_id":"s17150uzx5","name":"Location #98171","state":"Osun","lga":"Aiyedade","population":153,"num_buildings":36,"dist_transmission_km":1.74,"solar_pv_value":1340.468,"wealth_index":NaN,"viability_score":NaN,"viability_tier":"A_highly_viable","rank_in_state":23}},{"type":"Feature","geometry":{"type":"Point","coordinates":[4.36869,7.215631]},"properties":{"settlement_id":"s17153t4jg","name":"Location #73541","state":"Osun","lga":"Aiyedade","population":230,"num_buildings":54,"dist_transmission_km":2.95,"solar_pv_value":1337.18,"wealth_index":NaN,"viability_score":NaN,"viability_tier":"A_highly_viable","rank_in_state":24}},{"type":"Feature","geometry":{"type":"Point","coordinates":[4.358425,7.218809]},"properties":{"settlement_id":"s17154jswe","name":"Orile Owu","state":"Osun","lga":"Aiyedade","population":157,"num_buildings":37,"dist_transmission_km":1.85,"solar_pv_value":1339.737,"wealth_index":NaN,"viability_score":NaN,"viability_tier":"A_highly_viable","rank_in_state":25}},{"type":"Feature","geometry":{"type":"Point","coordinates":[4.365198,7.223412]},"properties":{"settlement_id":"s17156fxkm","name":"Orile Owu","state":"Osun","lga":"Aiyedade","population":259,"num_buildings":61,"dist_transmission_km":2.68,"solar_pv_value":1339.737,"wealth_index":NaN,"viability_score":NaN,"viability_tier":"A_highly_viable","rank_in_state":26}},{"type":"Feature","geometry":{"type":"Point","coordinates":[4.393608,7.224772]},"properties":{"settlement_id":"s1715gpr67","name":"Location #57302","state":"Osun","lga":"Ife North","population":315,"num_buildings":74,"dist_transmission_km":2.27,"solar_pv_value":1336.084,"wealth_index":NaN,"viability_score":NaN,"viability_tier":"A_highly_viable","rank_in_state":27}},{"type":"Feature","geometry":{"type":"Point","coordinates":[4.355866,7.250569]},"properties":{"settlement_id":"s1715pgveh","name":"Orile Owu","state":"Osun","lga":"Aiyedade","population":200,"num_buildings":47,"dist_transmission_km":null,"solar_pv_value":1343.755,"wealth_index":NaN,"viability_score":NaN,"viability_tier":"A_highly_viable","rank_in_state":28}},{"type":"Feature","geometry":{"type":"Point","coordinates":[4.373071,7.231741]},"properties":{"settlement_id":"s1715s2rgy","name":"Location #51393","state":"Osun","lga":"Aiyedade","population":366,"num_buildings":86,"dist_transmission_km":1.96,"solar_pv_value":1338.641,"wealth_index":NaN,"viability_score":NaN,"viability_tier":"A_highly_viable","rank_in_state":29}},{"type":"Feature","geometry":{"type":"Point","coordinates":[4.378223,7.249395]},"properties":{"settlement_id":"s1715xsngc","name":"Location #53296","state":"Osun","lga":"Aiyedade","population":349,"num_buildings":82,"dist_transmission_km":null,"solar_pv_value":1339.006,"wealth_index":NaN,"viability_score":NaN,"viability_tier":"A_highly_viable","rank_in_state":30}},{"type":"Feature","geometry":{"type":"Point","coordinates":[4.386115,7.245843]},"properties":{"settlement_id":"s1715z1f5g","name":"Location #76908","state":"Osun","lga":"Aiyedade","population":217,"num_buildings":51,"dist_transmission_km":null,"solar_pv_value":1338.641,"wealth_index":NaN,"viability_score":NaN,"viability_tier":"A_highly_viable","rank_in_state":31}},{"type":"Feature","geometry":{"type":"Point","coordinates":[4.392939,7.250084]},"properties":{"settlement_id":"s1715zyffc","name":"Aborisade","state":"Osun","lga":"Aiyedade","population":153,"num_buildings":36,"dist_transmission_km":null,"solar_pv_value":1338.641,"wealth_index":NaN,"viability_score":NaN,"viability_tier":"A_highly_viable","rank_in_state":32}},{"type":"Feature","geometry":{"type":"Point","coordinates":[4.393146,7.261095]},"properties":{"settlement_id":"s1717cyfzw","name":"Location #138695","state":"Osun","lga":"Aiyedade","population":94,"num_buildings":22,"dist_transmission_km":1.18,"solar_pv_value":1340.102,"wealth_index":NaN,"viability_score":NaN,"viability_tier":"A_highly_viable","rank_in_state":33}},{"type":"Feature","geometry":{"type":"Point","coordinates":[4.39203,7.269327]},"properties":{"settlement_id":"s1717gq4vs","name":"Location #128493","state":"Osun","lga":"Aiyedade","population":106,"num_buildings":25,"dist_transmission_km":2.09,"solar_pv_value":1340.468,"wealth_index":NaN,"viability_score":NaN,"viability_tier":"A_highly_viable","rank_in_state":34}},{"type":"Feature","geometry":{"type":"Point","coordinates":[4.350739,7.352368]},"properties":{"settlement_id":"s171g42nes","name":"Aiye","state":"Osun","lga":"Aiyedade","population":98,"num_buildings":23,"dist_transmission_km":2.6,"solar_pv_value":1345.216,"wealth_index":NaN,"viability_score":NaN,"viability_tier":"A_highly_viable","rank_in_state":35}},{"type":"Feature","geometry":{"type":"Point","coordinates":[4.354124,7.360775]},"properties":{"settlement_id":"s171g5fxd7","name":"Location #106037","state":"Osun","lga":"Aiyedade","population":136,"num_buildings":32,"dist_transmission_km":1.86,"solar_pv_value":1343.755,"wealth_index":NaN,"viability_score":NaN,"viability_tier":"A_highly_viable","rank_in_state":36}},{"type":"Feature","geometry":{"type":"Point","coordinates":[4.364151,7.356297]},"properties":{"settlement_id":"s171g71vs1","name":"Location #140782","state":"Osun","lga":"Aiyedade","population":94,"num_buildings":22,"dist_transmission_km":1.09,"solar_pv_value":1344.12,"wealth_index":NaN,"viability_score":NaN,"viability_tier":"A_highly_viable","rank_in_state":37}},{"type":"Feature","geometry":{"type":"Point","coordinates":[4.368286,7.36675]},"properties":{"settlement_id":"s171gmhfkm","name":"Location #147221","state":"Osun","lga":"Aiyedade","population":85,"num_buildings":20,"dist_transmission_km":0.17,"solar_pv_value":1344.12,"wealth_index":NaN,"viability_score":NaN,"viability_tier":"A_highly_viable","rank_in_state":38}},{"type":"Feature","geometry":{"type":"Point","coordinates":[4.368746,7.37622]},"properties":{"settlement_id":"s171gqv1x5","name":"Orile Owu\r","state":"Osun","lga":"Aiyedade","population":85,"num_buildings":20,"dist_transmission_km":null,"solar_pv_value":1343.39,"wealth_index":NaN,"viability_score":NaN,"viability_tier":"A_highly_viable","rank_in_state":39}},{"type":"Feature","geometry":{"type":"Point","coordinates":[4.368009,7.381087]},"properties":{"settlement_id":"s171grstvy","name":"Location #97692","state":"Osun","lga":"Aiyedade","population":153,"num_buildings":36,"dist_transmission_km":null,"solar_pv_value":1343.39,"wealth_index":NaN,"viability_score":NaN,"viability_tier":"A_highly_viable","rank_in_state":40}},{"type":"Feature","geometry":{"type":"Point","coordinates":[4.465156,7.21134]},"properties":{"settlement_id":"s171j8g3je","name":"Olomu","state":"Osun","lga":"Ife North","population":570,"num_buildings":134,"dist_transmission_km":null,"solar_pv_value":1341.563,"wealth_index":NaN,"viability_score":NaN,"viability_tier":"A_highly_viable","rank_in_state":41}},{"type":"Feature","geometry":{"type":"Point","coordinates":[4.469136,7.235559]},"properties":{"settlement_id":"s171jtnq4m","name":"Location #82386","state":"Osun","lga":"Ife North","population":196,"num_buildings":46,"dist_transmission_km":null,"solar_pv_value":1340.833,"wealth_index":NaN,"viability_score":NaN,"viability_tier":"A_highly_viable","rank_in_state":42}},{"type":"Feature","geometry":{"type":"Point","coordinates":[4.464349,7.249729]},"properties":{"settlement_id":"s171jxfbdz","name":"Location #108383","state":"Osun","lga":"Ife North","population":132,"num_buildings":31,"dist_transmission_km":1.0,"solar_pv_value":1340.468,"wealth_index":NaN,"viability_score":NaN,"viability_tier":"A_highly_viable","rank_in_state":43}},{"type":"Feature","geometry":{"type":"Point","coordinates":[4.402318,7.27926]},"properties":{"settlement_id":"s171kjjsv2","name":"Location #48594","state":"Osun","lga":"Aiyedade","population":391,"num_buildings":92,"dist_transmission_km":3.1,"solar_pv_value":1341.198,"wealth_index":NaN,"viability_score":NaN,"viability_tier":"A_highly_viable","rank_in_state":44}},{"type":"Feature","geometry":{"type":"Point","coordinates":[4.421339,7.29004]},"properties":{"settlement_id":"s171kx5e89","name":"Kilibi","state":"Osun","lga":"Ife North","population":417,"num_buildings":98,"dist_transmission_km":4.2,"solar_pv_value":1341.928,"wealth_index":NaN,"viability_score":NaN,"viability_tier":"A_highly_viable","rank_in_state":45}},{"type":"Feature","geometry":{"type":"Point","coordinates":[4.450492,7.252055]},"properties":{"settlement_id":"s171m20wrc","name":"Kilibi","state":"Osun","lga":"Ife North","population":166,"num_buildings":39,"dist_transmission_km":1.44,"solar_pv_value":1340.468,"wealth_index":NaN,"viability_score":NaN,"viability_tier":"A_highly_viable","rank_in_state":46}},{"type":"Feature","geometry":{"type":"Point","coordinates":[4.44918,7.26297]},"properties":{"settlement_id":"s171m4pvc7","name":"Location #38992","state":"Osun","lga":"Ife North","population":510,"num_buildings":120,"dist_transmission_km":2.52,"solar_pv_value":1340.468,"wealth_index":NaN,"viability_score":NaN,"viability_tier":"A_highly_viable","rank_in_state":47}},{"type":"Feature","geometry":{"type":"Point","coordinates":[4.466914,7.281386]},"properties":{"settlement_id":"s171mts9ns","name":"Location #22101","state":"Osun","lga":"Ife North","population":961,"num_buildings":226,"dist_transmission_km":3.29,"solar_pv_value":1342.294,"wealth_index":NaN,"viability_score":NaN,"viability_tier":"A_highly_viable","rank_in_state":48}},{"type":"Feature","geometry":{"type":"Point","coordinates":[4.472268,7.280316]},"properties":{"settlement_id":"s171mv2dgm","name":"Location #70185","state":"Osun","lga":"Ife North","population":242,"num_buildings":57,"dist_transmission_km":2.99,"solar_pv_value":1342.294,"wealth_index":NaN,"viability_score":NaN,"viability_tier":"A_highly_viable","rank_in_state":49}},{"type":"Feature","geometry":{"type":"Point","coordinates":[4.509872,7.231378]},"properties":{"settlement_id":"s171ns7vzd","name":"Location #108517","state":"Osun","lga":"Ife South","population":132,"num_buildings":31,"dist_transmission_km":2.51,"solar_pv_value":1341.563,"wealth_index":NaN,"viability_score":NaN,"viability_tier":"A_highly_viable","rank_in_state":50}},{"type":"Feature","geometry":{"type":"Point","coordinates":[2.722006,7.96441]},"properties":{"settlement_id":"s13vmcyh53","name":"Location #78915","state":"Oyo","lga":"Iwajowa","population":208,"num_buildings":49,"dist_transmission_km":28.33,"solar_pv_value":1378.088,"wealth_index":NaN,"viability_score":NaN,"viability_tier":"A_highly_viable","rank_in_state":1}},{"type":"Feature","geometry":{"type":"Point","coordinates":[2.716462,7.969336]},"properties":{"settlement_id":"s13vmff0dp","name":"Location #132670","state":"Oyo","lga":"Iwajowa","population":102,"num_buildings":24,"dist_transmission_km":29.09,"solar_pv_value":1377.358,"wealth_index":NaN,"viability_score":NaN,"viability_tier":"A_highly_viable","rank_in_state":2}},{"type":"Feature","geometry":{"type":"Point","coordinates":[2.805219,7.984106]},"properties":{"settlement_id":"s13vrv6wy3","name":"Location #142165","state":"Oyo","lga":"Iwajowa","population":89,"num_buildings":21,"dist_transmission_km":19.71,"solar_pv_value":1375.532,"wealth_index":NaN,"viability_score":NaN,"viability_tier":"A_highly_viable","rank_in_state":3}},{"type":"Feature","geometry":{"type":"Point","coordinates":[2.756609,8.035159]},"properties":{"settlement_id":"s13vwwz21w","name":"Location #62765","state":"Oyo","lga":"Iwajowa","population":281,"num_buildings":66,"dist_transmission_km":26.59,"solar_pv_value":1376.627,"wealth_index":NaN,"viability_score":NaN,"viability_tier":"A_highly_viable","rank_in_state":4}},{"type":"Feature","geometry":{"type":"Point","coordinates":[2.750972,8.038444]},"properties":{"settlement_id":"s13vwx75q6","name":"Location #107343","state":"Oyo","lga":"Iwajowa","population":136,"num_buildings":32,"dist_transmission_km":27.41,"solar_pv_value":1376.627,"wealth_index":NaN,"viability_score":NaN,"viability_tier":"A_highly_viable","rank_in_state":5}},{"type":"Feature","geometry":{"type":"Point","coordinates":[2.747967,8.042177]},"properties":{"settlement_id":"s13vy81106","name":"Location #46596","state":"Oyo","lga":"Iwajowa","population":413,"num_buildings":97,"dist_transmission_km":27.68,"solar_pv_value":1376.262,"wealth_index":NaN,"viability_score":NaN,"viability_tier":"A_highly_viable","rank_in_state":6}},{"type":"Feature","geometry":{"type":"Point","coordinates":[2.72026,8.264329]},"properties":{"settlement_id":"s13zjbkz4w","name":"Ok\u00e9-Olou-Ossin\r","state":"Oyo","lga":"Atigbo","population":162,"num_buildings":38,"dist_transmission_km":44.47,"solar_pv_value":1383.932,"wealth_index":NaN,"viability_score":NaN,"viability_tier":"A_highly_viable","rank_in_state":7}},{"type":"Feature","geometry":{"type":"Point","coordinates":[2.774248,8.385233]},"properties":{"settlement_id":"s13zxnkps8","name":"Location #134824","state":"Oyo","lga":"Atigbo","population":98,"num_buildings":23,"dist_transmission_km":49.94,"solar_pv_value":1398.908,"wealth_index":NaN,"viability_score":NaN,"viability_tier":"A_highly_viable","rank_in_state":8}},{"type":"Feature","geometry":{"type":"Point","coordinates":[2.783584,8.386372]},"properties":{"settlement_id":"s13zxqdynj","name":"Location #71745","state":"Oyo","lga":"Atigbo","population":234,"num_buildings":55,"dist_transmission_km":48.98,"solar_pv_value":1399.273,"wealth_index":NaN,"viability_score":NaN,"viability_tier":"A_highly_viable","rank_in_state":9}},{"type":"Feature","geometry":{"type":"Point","coordinates":[2.810401,8.428732]},"properties":{"settlement_id":"s13zzyqkzj","name":"Location #60866","state":"Oyo","lga":"Atigbo","population":293,"num_buildings":69,"dist_transmission_km":48.19,"solar_pv_value":1405.117,"wealth_index":NaN,"viability_score":NaN,"viability_tier":"A_highly_viable","rank_in_state":10}},{"type":"Feature","geometry":{"type":"Point","coordinates":[3.258235,7.382648]},"properties":{"settlement_id":"s163fpux43","name":"Location #115963","state":"Oyo","lga":"Ibarapa Central","population":123,"num_buildings":29,"dist_transmission_km":5.4,"solar_pv_value":1360.922,"wealth_index":NaN,"viability_score":NaN,"viability_tier":"A_highly_viable","rank_in_state":11}},{"type":"Feature","geometry":{"type":"Point","coordinates":[3.13965,7.458877]},"properties":{"settlement_id":"s164rmy5p5","name":"Ogungbayi\r","state":"Oyo","lga":"Ibarapa Central","population":111,"num_buildings":26,"dist_transmission_km":11.58,"solar_pv_value":1352.886,"wealth_index":NaN,"viability_score":NaN,"viability_tier":"A_highly_viable","rank_in_state":12}},{"type":"Feature","geometry":{"type":"Point","coordinates":[3.16088,7.499287]},"properties":{"settlement_id":"s164xvjwtb","name":"Location #100748","state":"Oyo","lga":"Ibarapa Central","population":149,"num_buildings":35,"dist_transmission_km":7.25,"solar_pv_value":1358.365,"wealth_index":NaN,"viability_score":NaN,"viability_tier":"A_highly_viable","rank_in_state":13}},{"type":"Feature","geometry":{"type":"Point","coordinates":[3.084292,7.558177]},"properties":{"settlement_id":"s164ypvvt4","name":"Location #147139","state":"Oyo","lga":"Ibarapa Central","population":85,"num_buildings":20,"dist_transmission_km":13.65,"solar_pv_value":1367.131,"wealth_index":NaN,"viability_score":NaN,"viability_tier":"A_highly_viable","rank_in_state":14}},{"type":"Feature","geometry":{"type":"Point","coordinates":[3.11306,7.686094]},"properties":{"settlement_id":"s165wz4yex","name":"Location #100460","state":"Oyo","lga":"Ibarapa North","population":149,"num_buildings":35,"dist_transmission_km":7.61,"solar_pv_value":1368.592,"wealth_index":NaN,"viability_score":NaN,"viability_tier":"A_highly_viable","rank_in_state":15}},{"type":"Feature","geometry":{"type":"Point","coordinates":[3.195382,7.506924]},"properties":{"settlement_id":"s1668wwg1b","name":"Location #144268","state":"Oyo","lga":"Ibarapa Central","population":89,"num_buildings":21,"dist_transmission_km":3.55,"solar_pv_value":1353.982,"wealth_index":NaN,"viability_score":NaN,"viability_tier":"A_highly_viable","rank_in_state":16}},{"type":"Feature","geometry":{"type":"Point","coordinates":[3.22536,7.526772]},"properties":{"settlement_id":"s166c6hws7","name":"Aiyete\r","state":"Oyo","lga":"Ibarapa Central","population":1082,"num_buildings":238,"dist_transmission_km":null,"solar_pv_value":1358.0,"wealth_index":NaN,"viability_score":NaN,"viability_tier":"A_highly_viable","rank_in_state":17}},{"type":"Feature","geometry":{"type":"Point","coordinates":[3.292956,7.484751]},"properties":{"settlement_id":"s166dftcg6","name":"Location #148484","state":"Oyo","lga":"Ibarapa Central","population":85,"num_buildings":20,"dist_transmission_km":3.58,"solar_pv_value":1359.826,"wealth_index":NaN,"viability_score":NaN,"viability_tier":"A_highly_viable","rank_in_state":18}},{"type":"Feature","geometry":{"type":"Point","coordinates":[3.227007,7.618102]},"properties":{"settlement_id":"s16736vfdt","name":"Location #151397","state":"Oyo","lga":"Ibarapa North","population":85,"num_buildings":20,"dist_transmission_km":2.94,"solar_pv_value":1360.556,"wealth_index":NaN,"viability_score":NaN,"viability_tier":"A_highly_viable","rank_in_state":19}},{"type":"Feature","geometry":{"type":"Point","coordinates":[3.355965,7.572088]},"properties":{"settlement_id":"s167h67wxe","name":"Location #138242","state":"Oyo","lga":"Ibarapa East","population":94,"num_buildings":22,"dist_transmission_km":6.58,"solar_pv_value":1349.964,"wealth_index":NaN,"viability_score":NaN,"viability_tier":"A_highly_viable","rank_in_state":20}},{"type":"Feature","geometry":{"type":"Point","coordinates":[3.5093,7.567986]},"properties":{"settlement_id":"s167pceqsw","name":"Adeleye\r","state":"Oyo","lga":"Ibarapa East","population":208,"num_buildings":49,"dist_transmission_km":4.28,"solar_pv_value":1355.443,"wealth_index":NaN,"viability_score":NaN,"viability_tier":"A_highly_viable","rank_in_state":21}},{"type":"Feature","geometry":{"type":"Point","coordinates":[3.771672,7.105089]},"properties":{"settlement_id":"s168mv6qnk","name":"Location #141926","state":"Oyo","lga":"Oluyole","population":89,"num_buildings":21,"dist_transmission_km":5.46,"solar_pv_value":1328.414,"wealth_index":NaN,"viability_score":NaN,"viability_tier":"A_highly_viable","rank_in_state":22}},{"type":"Feature","geometry":{"type":"Point","coordinates":[3.795105,7.086455]},"properties":{"settlement_id":"s168q65986","name":"Location #56941","state":"Oyo","lga":"Oluyole","population":319,"num_buildings":75,"dist_transmission_km":7.12,"solar_pv_value":1329.145,"wealth_index":NaN,"viability_score":NaN,"viability_tier":"A_highly_viable","rank_in_state":23}},{"type":"Feature","geometry":{"type":"Point","coordinates":[3.817945,7.084291]},"properties":{"settlement_id":"s168qcshux","name":"Isan\r","state":"Oyo","lga":"Oluyole","population":379,"num_buildings":89,"dist_transmission_km":7.92,"solar_pv_value":1329.875,"wealth_index":NaN,"viability_score":NaN,"viability_tier":"A_highly_viable","rank_in_state":24}},{"type":"Feature","geometry":{"type":"Point","coordinates":[3.820148,7.089377]},"properties":{"settlement_id":"s168qftdxg","name":"Location #149268","state":"Oyo","lga":"Oluyole","population":85,"num_buildings":20,"dist_transmission_km":7.55,"solar_pv_value":1329.875,"wealth_index":NaN,"viability_score":NaN,"viability_tier":"A_highly_viable","rank_in_state":25}},{"type":"Feature","geometry":{"type":"Point","coordinates":[3.900268,7.109672]},"properties":{"settlement_id":"s16b2y20ff","name":"Location #69593","state":"Oyo","lga":"Oluyole","population":247,"num_buildings":58,"dist_transmission_km":8.37,"solar_pv_value":1329.875,"wealth_index":NaN,"viability_score":NaN,"viability_tier":"A_highly_viable","rank_in_state":26}},{"type":"Feature","geometry":{"type":"Point","coordinates":[3.901555,7.115082]},"properties":{"settlement_id":"s16b2z302g","name":"Location #77236","state":"Oyo","lga":"Oluyole","population":213,"num_buildings":50,"dist_transmission_km":8.83,"solar_pv_value":1329.875,"wealth_index":NaN,"viability_score":NaN,"viability_tier":"A_highly_viable","rank_in_state":27}},{"type":"Feature","geometry":{"type":"Point","coordinates":[4.002805,7.140601]},"properties":{"settlement_id":"s16be5fv00","name":"Location #126249","state":"Oyo","lga":"Ona-Ara","population":106,"num_buildings":25,"dist_transmission_km":3.08,"solar_pv_value":1337.18,"wealth_index":NaN,"viability_score":NaN,"viability_tier":"A_highly_viable","rank_in_state":28}},{"type":"Feature","geometry":{"type":"Point","coordinates":[4.042196,7.152343]},"properties":{"settlement_id":"s16beyp3mv","name":"Location #123944","state":"Oyo","lga":"Ona-Ara","population":111,"num_buildings":26,"dist_transmission_km":0.93,"solar_pv_value":1341.198,"wealth_index":NaN,"viability_score":NaN,"viability_tier":"A_highly_viable","rank_in_state":29}},{"type":"Feature","geometry":{"type":"Point","coordinates":[4.00811,7.165969]},"properties":{"settlement_id":"s16bg0w8g9","name":"Location #148984","state":"Oyo","lga":"Ona-Ara","population":85,"num_buildings":20,"dist_transmission_km":2.9,"solar_pv_value":1340.102,"wealth_index":NaN,"viability_score":NaN,"viability_tier":"A_highly_viable","rank_in_state":30}},{"type":"Feature","geometry":{"type":"Point","coordinates":[4.00488,7.175815]},"properties":{"settlement_id":"s16bg4k60k","name":"Location #130217","state":"Oyo","lga":"Ona-Ara","population":102,"num_buildings":24,"dist_transmission_km":3.09,"solar_pv_value":1341.563,"wealth_index":NaN,"viability_score":NaN,"viability_tier":"A_highly_viable","rank_in_state":31}},{"type":"Feature","geometry":{"type":"Point","coordinates":[4.050191,7.15453]},"properties":{"settlement_id":"s16bsnmq0m","name":"Location #146563","state":"Oyo","lga":"Ona-Ara","population":85,"num_buildings":20,"dist_transmission_km":1.67,"solar_pv_value":1340.833,"wealth_index":NaN,"viability_score":NaN,"viability_tier":"A_highly_viable","rank_in_state":32}},{"type":"Feature","geometry":{"type":"Point","coordinates":[4.067277,7.155488]},"properties":{"settlement_id":"s16bsw9ewr","name":"Location #140611","state":"Oyo","lga":"Ona-Ara","population":94,"num_buildings":22,"dist_transmission_km":3.37,"solar_pv_value":1337.911,"wealth_index":NaN,"viability_score":NaN,"viability_tier":"A_highly_viable","rank_in_state":33}},{"type":"Feature","geometry":{"type":"Point","coordinates":[4.057476,7.178749]},"properties":{"settlement_id":"s16bu6fe4p","name":"Location #82796","state":"Oyo","lga":"Ona-Ara","population":196,"num_buildings":46,"dist_transmission_km":2.12,"solar_pv_value":1342.659,"wealth_index":NaN,"viability_score":NaN,"viability_tier":"A_highly_viable","rank_in_state":34}},{"type":"Feature","geometry":{"type":"Point","coordinates":[4.071224,7.183309]},"properties":{"settlement_id":"s16buestf3","name":"Location #147478","state":"Oyo","lga":"Ona-Ara","population":85,"num_buildings":20,"dist_transmission_km":3.73,"solar_pv_value":1340.468,"wealth_index":NaN,"viability_score":NaN,"viability_tier":"A_highly_viable","rank_in_state":35}},{"type":"Feature","geometry":{"type":"Point","coordinates":[4.060669,7.193507]},"properties":{"settlement_id":"s16bumschq","name":"Location #127900","state":"Oyo","lga":"Ona-Ara","population":106,"num_buildings":25,"dist_transmission_km":2.68,"solar_pv_value":1343.024,"wealth_index":NaN,"viability_score":NaN,"viability_tier":"A_highly_viable","rank_in_state":36}},{"type":"Feature","geometry":{"type":"Point","coordinates":[4.053277,7.206439]},"properties":{"settlement_id":"s16bupzs81","name":"Location #113097","state":"Oyo","lga":"Ona-Ara","population":128,"num_buildings":30,"dist_transmission_km":1.22,"solar_pv_value":1344.485,"wealth_index":NaN,"viability_score":NaN,"viability_tier":"A_highly_viable","rank_in_state":37}},{"type":"Feature","geometry":{"type":"Point","coordinates":[3.973314,7.243234]},"properties":{"settlement_id":"s16c4qt6bu","name":"Lasegbe\r","state":"Oyo","lga":"Oluyole","population":89,"num_buildings":21,"dist_transmission_km":3.71,"solar_pv_value":1346.677,"wealth_index":NaN,"viability_score":NaN,"viability_tier":"A_highly_viable","rank_in_state":38}},{"type":"Feature","geometry":{"type":"Point","coordinates":[4.011264,7.214881]},"properties":{"settlement_id":"s16c532vtp","name":"Olojuoro\r","state":"Oyo","lga":"Ona-Ara","population":204,"num_buildings":48,"dist_transmission_km":1.22,"solar_pv_value":1345.946,"wealth_index":NaN,"viability_score":NaN,"viability_tier":"A_highly_viable","rank_in_state":39}},{"type":"Feature","geometry":{"type":"Point","coordinates":[4.002365,7.222944]},"properties":{"settlement_id":"s16c54fkty","name":"Location #94743","state":"Oyo","lga":"Ona-Ara","population":162,"num_buildings":38,"dist_transmission_km":null,"solar_pv_value":1344.12,"wealth_index":NaN,"viability_score":NaN,"viability_tier":"A_highly_viable","rank_in_state":40}},{"type":"Feature","geometry":{"type":"Point","coordinates":[4.039501,7.281849]},"properties":{"settlement_id":"s16c7vt7z5","name":"Okugbaja","state":"Oyo","lga":"Ona-Ara","population":136,"num_buildings":32,"dist_transmission_km":null,"solar_pv_value":1348.138,"wealth_index":NaN,"viability_score":NaN,"viability_tier":"A_highly_viable","rank_in_state":41}},{"type":"Feature","geometry":{"type":"Point","coordinates":[4.041441,7.291937]},"properties":{"settlement_id":"s16c7zqys7","name":"Location #154079","state":"Oyo","lga":"Ona-Ara","population":60,"num_buildings":14,"dist_transmission_km":0.71,"solar_pv_value":1349.599,"wealth_index":NaN,"viability_score":NaN,"viability_tier":"A_highly_viable","rank_in_state":42}},{"type":"Feature","geometry":{"type":"Point","coordinates":[4.048301,7.219551]},"properties":{"settlement_id":"s16ch47bum","name":"Location #118087","state":"Oyo","lga":"Ona-Ara","population":119,"num_buildings":28,"dist_transmission_km":1.31,"solar_pv_value":1345.946,"wealth_index":NaN,"viability_score":NaN,"viability_tier":"A_highly_viable","rank_in_state":43}},{"type":"Feature","geometry":{"type":"Point","coordinates":[4.047846,7.224732]},"properties":{"settlement_id":"s16ch55x1e","name":"Kate","state":"Oyo","lga":"Ona-Ara","population":153,"num_buildings":36,"dist_transmission_km":1.77,"solar_pv_value":1345.946,"wealth_index":NaN,"viability_score":NaN,"viability_tier":"A_highly_viable","rank_in_state":44}},{"type":"Feature","geometry":{"type":"Point","coordinates":[4.070606,7.211179]},"properties":{"settlement_id":"s16ch8u05v","name":"Location #91050","state":"Oyo","lga":"Ona-Ara","population":170,"num_buildings":40,"dist_transmission_km":3.17,"solar_pv_value":1342.659,"wealth_index":NaN,"viability_score":NaN,"viability_tier":"A_highly_viable","rank_in_state":45}},{"type":"Feature","geometry":{"type":"Point","coordinates":[4.054404,7.230454]},"properties":{"settlement_id":"s16chk226q","name":"Kate","state":"Oyo","lga":"Ona-Ara","population":98,"num_buildings":23,"dist_transmission_km":2.65,"solar_pv_value":1345.946,"wealth_index":NaN,"viability_score":NaN,"viability_tier":"A_highly_viable","rank_in_state":46}},{"type":"Feature","geometry":{"type":"Point","coordinates":[4.06975,7.24967]},"properties":{"settlement_id":"s16chxg82h","name":"Kuye","state":"Oyo","lga":"Ona-Ara","population":149,"num_buildings":35,"dist_transmission_km":2.08,"solar_pv_value":1345.581,"wealth_index":NaN,"viability_score":NaN,"viability_tier":"A_highly_viable","rank_in_state":47}},{"type":"Feature","geometry":{"type":"Point","coordinates":[4.059526,7.264103]},"properties":{"settlement_id":"s16ck6kh3y","name":"Location #146074","state":"Oyo","lga":"Ona-Ara","population":89,"num_buildings":21,"dist_transmission_km":0.57,"solar_pv_value":1347.042,"wealth_index":NaN,"viability_score":NaN,"viability_tier":"A_highly_viable","rank_in_state":48}},{"type":"Feature","geometry":{"type":"Point","coordinates":[4.073021,7.273869]},"properties":{"settlement_id":"s16cksjvk7","name":"Okugbaja","state":"Oyo","lga":"Ona-Ara","population":225,"num_buildings":53,"dist_transmission_km":null,"solar_pv_value":1347.042,"wealth_index":NaN,"viability_score":NaN,"viability_tier":"A_highly_viable","rank_in_state":49}},{"type":"Feature","geometry":{"type":"Point","coordinates":[4.093112,7.262631]},"properties":{"settlement_id":"s16cm4hebk","name":"Okugbaja","state":"Oyo","lga":"Ona-Ara","population":136,"num_buildings":32,"dist_transmission_km":2.13,"solar_pv_value":1344.485,"wealth_index":NaN,"viability_score":NaN,"viability_tier":"A_highly_viable","rank_in_state":50}},{"type":"Feature","geometry":{"type":"Point","coordinates":[9.653167,8.42162]},"properties":{"settlement_id":"s1qzgtj5rp","name":"Location #85398","state":"Plateau","lga":"Shendam","population":187,"num_buildings":44,"dist_transmission_km":0.97,"solar_pv_value":1531.858,"wealth_index":NaN,"viability_score":NaN,"viability_tier":"A_highly_viable","rank_in_state":1}},{"type":"Feature","geometry":{"type":"Point","coordinates":[9.024061,8.664361]},"properties":{"settlement_id":"s1w3m371ec","name":"Location #119567","state":"Plateau","lga":"Qua'an Pan","population":115,"num_buildings":27,"dist_transmission_km":7.67,"solar_pv_value":1525.649,"wealth_index":NaN,"viability_score":NaN,"viability_tier":"A_highly_viable","rank_in_state":2}},{"type":"Feature","geometry":{"type":"Point","coordinates":[9.050117,9.036288]},"properties":{"settlement_id":"s1w7mvn05n","name":"Location #87266","state":"Plateau","lga":"Bokkos","population":179,"num_buildings":42,"dist_transmission_km":7.4,"solar_pv_value":1547.199,"wealth_index":NaN,"viability_score":NaN,"viability_tier":"A_highly_viable","rank_in_state":3}},{"type":"Feature","geometry":{"type":"Point","coordinates":[9.076552,9.059889]},"properties":{"settlement_id":"s1w7w933dv","name":"Location #142447","state":"Plateau","lga":"Bokkos","population":89,"num_buildings":21,"dist_transmission_km":8.55,"solar_pv_value":1555.965,"wealth_index":NaN,"viability_score":NaN,"viability_tier":"A_highly_viable","rank_in_state":4}},{"type":"Feature","geometry":{"type":"Point","coordinates":[9.418721,8.557983]},"properties":{"settlement_id":"s1w8wmftb5","name":"Location #122824","state":"Plateau","lga":"Shendam","population":111,"num_buildings":26,"dist_transmission_km":2.62,"solar_pv_value":1523.823,"wealth_index":NaN,"viability_score":NaN,"viability_tier":"A_highly_viable","rank_in_state":5}},{"type":"Feature","geometry":{"type":"Point","coordinates":[9.431448,8.555371]},"properties":{"settlement_id":"s1w8wt7y8s","name":"Location #93230","state":"Plateau","lga":"Shendam","population":166,"num_buildings":39,"dist_transmission_km":3.33,"solar_pv_value":1524.554,"wealth_index":NaN,"viability_score":NaN,"viability_tier":"A_highly_viable","rank_in_state":6}},{"type":"Feature","geometry":{"type":"Point","coordinates":[9.540296,8.598656]},"properties":{"settlement_id":"s1wbcj74c1","name":"Location #22320","state":"Plateau","lga":"Shendam","population":953,"num_buildings":224,"dist_transmission_km":null,"solar_pv_value":1536.607,"wealth_index":NaN,"viability_score":NaN,"viability_tier":"A_highly_viable","rank_in_state":7}},{"type":"Feature","geometry":{"type":"Point","coordinates":[9.643537,8.617721]},"properties":{"settlement_id":"s1wc52y1ye","name":"Location #120967","state":"Plateau","lga":"Shendam","population":115,"num_buildings":27,"dist_transmission_km":4.31,"solar_pv_value":1534.415,"wealth_index":NaN,"viability_score":NaN,"viability_tier":"A_highly_viable","rank_in_state":8}},{"type":"Feature","geometry":{"type":"Point","coordinates":[9.678035,8.66462]},"properties":{"settlement_id":"s1wck1r74d","name":"Location #12413","state":"Plateau","lga":"Langtang South","population":1697,"num_buildings":399,"dist_transmission_km":0.16,"solar_pv_value":1539.894,"wealth_index":NaN,"viability_score":NaN,"viability_tier":"A_highly_viable","rank_in_state":9}},{"type":"Feature","geometry":{"type":"Point","coordinates":[9.066943,9.340827]},"properties":{"settlement_id":"s1wmnk6q70","name":"Location #118427","state":"Plateau","lga":"Bokkos","population":119,"num_buildings":28,"dist_transmission_km":8.4,"solar_pv_value":1729.824,"wealth_index":NaN,"viability_score":NaN,"viability_tier":"A_highly_viable","rank_in_state":10}},{"type":"Feature","geometry":{"type":"Point","coordinates":[8.968054,9.714165]},"properties":{"settlement_id":"s1wrk06m4g","name":"Location #40179","state":"Plateau","lga":"Barikin Ladi","population":493,"num_buildings":116,"dist_transmission_km":2.98,"solar_pv_value":1744.434,"wealth_index":NaN,"viability_score":NaN,"viability_tier":"A_highly_viable","rank_in_state":11}},{"type":"Feature","geometry":{"type":"Point","coordinates":[9.74898,9.388519]},"properties":{"settlement_id":"s1wvmv4upd","name":"Location #139061","state":"Plateau","lga":"Kanke","population":94,"num_buildings":22,"dist_transmission_km":5.61,"solar_pv_value":1654.948,"wealth_index":NaN,"viability_score":NaN,"viability_tier":"A_highly_viable","rank_in_state":12}},{"type":"Feature","geometry":{"type":"Point","coordinates":[9.710075,9.516129]},"properties":{"settlement_id":"s1wyhuqemp","name":"Badagari","state":"Plateau","lga":"Kanke","population":128,"num_buildings":30,"dist_transmission_km":7.47,"solar_pv_value":1697.682,"wealth_index":NaN,"viability_score":NaN,"viability_tier":"A_highly_viable","rank_in_state":13}},{"type":"Feature","geometry":{"type":"Point","coordinates":[9.716197,9.511538]},"properties":{"settlement_id":"s1wyj5e0ez","name":"Location #151284","state":"Plateau","lga":"Kanke","population":85,"num_buildings":20,"dist_transmission_km":7.44,"solar_pv_value":1697.682,"wealth_index":NaN,"viability_score":NaN,"viability_tier":"A_highly_viable","rank_in_state":14}},{"type":"Feature","geometry":{"type":"Point","coordinates":[9.860875,8.622624]},"properties":{"settlement_id":"s1x103sqrj","name":"Location #143961","state":"Plateau","lga":"Langtang South","population":89,"num_buildings":21,"dist_transmission_km":11.91,"solar_pv_value":1538.433,"wealth_index":NaN,"viability_score":NaN,"viability_tier":"A_highly_viable","rank_in_state":15}},{"type":"Feature","geometry":{"type":"Point","coordinates":[9.914775,8.685291]},"properties":{"settlement_id":"s1x13t5erp","name":"Location #44089","state":"Plateau","lga":"Wase","population":442,"num_buildings":104,"dist_transmission_km":10.66,"solar_pv_value":1550.852,"wealth_index":NaN,"viability_score":NaN,"viability_tier":"A_highly_viable","rank_in_state":16}},{"type":"Feature","geometry":{"type":"Point","coordinates":[9.962662,8.687096]},"properties":{"settlement_id":"s1x16tqw4b","name":"Location #133316","state":"Plateau","lga":"Wase","population":98,"num_buildings":23,"dist_transmission_km":15.16,"solar_pv_value":1549.39,"wealth_index":NaN,"viability_score":NaN,"viability_tier":"A_highly_viable","rank_in_state":17}},{"type":"Feature","geometry":{"type":"Point","coordinates":[10.166161,8.753446]},"properties":{"settlement_id":"s1x1z3db88","name":"Location #147342","state":"Plateau","lga":"Wase","population":85,"num_buildings":20,"dist_transmission_km":22.11,"solar_pv_value":1547.564,"wealth_index":NaN,"viability_score":NaN,"viability_tier":"A_highly_viable","rank_in_state":18}},{"type":"Feature","geometry":{"type":"Point","coordinates":[10.132052,9.078226]},"properties":{"settlement_id":"s1x5ws9umz","name":"Location #147240","state":"Plateau","lga":"Wase","population":85,"num_buildings":20,"dist_transmission_km":10.6,"solar_pv_value":1584.454,"wealth_index":NaN,"viability_score":NaN,"viability_tier":"A_highly_viable","rank_in_state":19}},{"type":"Feature","geometry":{"type":"Point","coordinates":[10.229541,9.02627]},"properties":{"settlement_id":"s1x72g0vvd","name":"Location #107585","state":"Plateau","lga":"Wase","population":136,"num_buildings":32,"dist_transmission_km":7.15,"solar_pv_value":1568.018,"wealth_index":NaN,"viability_score":NaN,"viability_tier":"A_highly_viable","rank_in_state":20}},{"type":"Feature","geometry":{"type":"Point","coordinates":[10.335259,9.014894]},"properties":{"settlement_id":"s1x771jgsf","name":"Location #118769","state":"Plateau","lga":"Wase","population":119,"num_buildings":28,"dist_transmission_km":5.91,"solar_pv_value":1566.922,"wealth_index":NaN,"viability_score":NaN,"viability_tier":"A_highly_viable","rank_in_state":21}},{"type":"Feature","geometry":{"type":"Point","coordinates":[9.898876,9.469677]},"properties":{"settlement_id":"s1xjc7bhue","name":"Location #118181","state":"Plateau","lga":"Kanam","population":119,"num_buildings":28,"dist_transmission_km":3.84,"solar_pv_value":1660.426,"wealth_index":NaN,"viability_score":NaN,"viability_tier":"A_highly_viable","rank_in_state":22}},{"type":"Feature","geometry":{"type":"Point","coordinates":[9.915773,9.466706]},"properties":{"settlement_id":"s1xjcek7w3","name":"Location #81759","state":"Plateau","lga":"Kanam","population":200,"num_buildings":47,"dist_transmission_km":2.06,"solar_pv_value":1661.522,"wealth_index":NaN,"viability_score":NaN,"viability_tier":"A_highly_viable","rank_in_state":23}},{"type":"Feature","geometry":{"type":"Point","coordinates":[10.161775,9.325631]},"properties":{"settlement_id":"s1xjp1xtdx","name":"Location #89870","state":"Plateau","lga":"Wase","population":174,"num_buildings":41,"dist_transmission_km":1.22,"solar_pv_value":1616.962,"wealth_index":NaN,"viability_score":NaN,"viability_tier":"A_highly_viable","rank_in_state":24}},{"type":"Feature","geometry":{"type":"Point","coordinates":[10.251457,9.451289]},"properties":{"settlement_id":"s1xmc28csr","name":"Location #138584","state":"Plateau","lga":"Kanam","population":94,"num_buildings":22,"dist_transmission_km":9.37,"solar_pv_value":1628.65,"wealth_index":NaN,"viability_score":NaN,"viability_tier":"A_highly_viable","rank_in_state":25}},{"type":"Feature","geometry":{"type":"Point","coordinates":[9.845845,9.516871]},"properties":{"settlement_id":"s1xn0h3xbc","name":"Location #134763","state":"Plateau","lga":"Kanam","population":98,"num_buildings":23,"dist_transmission_km":4.75,"solar_pv_value":1680.515,"wealth_index":NaN,"viability_score":NaN,"viability_tier":"A_highly_viable","rank_in_state":26}},{"type":"Feature","geometry":{"type":"Point","coordinates":[9.939384,9.511722]},"properties":{"settlement_id":"s1xn45t9u3","name":"Location #41686","state":"Plateau","lga":"Kanam","population":472,"num_buildings":111,"dist_transmission_km":null,"solar_pv_value":1672.114,"wealth_index":NaN,"viability_score":NaN,"viability_tier":"A_highly_viable","rank_in_state":27}},{"type":"Feature","geometry":{"type":"Point","coordinates":[10.19796,9.513636]},"properties":{"settlement_id":"s1xq05cuvw","name":"Location #21654","state":"Plateau","lga":"Kanam","population":987,"num_buildings":232,"dist_transmission_km":13.8,"solar_pv_value":1645.816,"wealth_index":NaN,"viability_score":NaN,"viability_tier":"A_highly_viable","rank_in_state":28}},{"type":"Feature","geometry":{"type":"Point","coordinates":[10.600269,9.161591]},"properties":{"settlement_id":"s1xs15yfhh","name":"Location #139377","state":"Plateau","lga":"Wase","population":94,"num_buildings":22,"dist_transmission_km":4.26,"solar_pv_value":1568.018,"wealth_index":NaN,"viability_score":NaN,"viability_tier":"A_highly_viable","rank_in_state":29}},{"type":"Feature","geometry":{"type":"Point","coordinates":[10.601276,9.193458]},"properties":{"settlement_id":"s1xs31xeg8","name":"Location #100095","state":"Plateau","lga":"Wase","population":149,"num_buildings":35,"dist_transmission_km":4.38,"solar_pv_value":1569.844,"wealth_index":NaN,"viability_score":NaN,"viability_tier":"A_highly_viable","rank_in_state":30}},{"type":"Feature","geometry":{"type":"Point","coordinates":[10.600264,9.201549]},"properties":{"settlement_id":"s1xs35nfuj","name":"Location #39504","state":"Plateau","lga":"Wase","population":502,"num_buildings":118,"dist_transmission_km":4.24,"solar_pv_value":1570.94,"wealth_index":NaN,"viability_score":NaN,"viability_tier":"A_highly_viable","rank_in_state":31}},{"type":"Feature","geometry":{"type":"Point","coordinates":[8.644403,9.913016]},"properties":{"settlement_id":"s1y0kswet0","name":"Damakasuwa","state":"Plateau","lga":"Bassa","population":132,"num_buildings":31,"dist_transmission_km":5.66,"solar_pv_value":1661.888,"wealth_index":NaN,"viability_score":NaN,"viability_tier":"A_highly_viable","rank_in_state":32}},{"type":"Feature","geometry":{"type":"Point","coordinates":[8.653685,9.910415]},"properties":{"settlement_id":"s1y0kujkm7","name":"Damakasuwa","state":"Plateau","lga":"Bassa","population":272,"num_buildings":64,"dist_transmission_km":5.06,"solar_pv_value":1662.253,"wealth_index":NaN,"viability_score":NaN,"viability_tier":"A_highly_viable","rank_in_state":33}},{"type":"Feature","geometry":{"type":"Point","coordinates":[9.114387,9.844631]},"properties":{"settlement_id":"s1y2p2hvhs","name":"Dutsen Daji","state":"Plateau","lga":"Jos East","population":162,"num_buildings":38,"dist_transmission_km":6.59,"solar_pv_value":1756.852,"wealth_index":NaN,"viability_score":NaN,"viability_tier":"A_highly_viable","rank_in_state":34}},{"type":"Feature","geometry":{"type":"Point","coordinates":[9.09737,9.884135]},"properties":{"settlement_id":"s1y2pp2e20","name":"Nabatum","state":"Plateau","lga":"Jos East","population":106,"num_buildings":25,"dist_transmission_km":2.29,"solar_pv_value":1726.537,"wealth_index":NaN,"viability_score":NaN,"viability_tier":"A_highly_viable","rank_in_state":35}},{"type":"Feature","geometry":{"type":"Point","coordinates":[9.100359,9.887315]},"properties":{"settlement_id":"s1y2ppftv9","name":"Location #118205","state":"Plateau","lga":"Jos East","population":119,"num_buildings":28,"dist_transmission_km":2.02,"solar_pv_value":1726.537,"wealth_index":NaN,"viability_score":NaN,"viability_tier":"A_highly_viable","rank_in_state":36}},{"type":"Feature","geometry":{"type":"Point","coordinates":[8.850737,10.050743]},"properties":{"settlement_id":"s1y31msvv4","name":"Location #147608","state":"Plateau","lga":"Bassa","population":85,"num_buildings":20,"dist_transmission_km":1.87,"solar_pv_value":1741.877,"wealth_index":NaN,"viability_score":NaN,"viability_tier":"A_highly_viable","rank_in_state":37}},{"type":"Feature","geometry":{"type":"Point","coordinates":[8.873204,10.312249]},"properties":{"settlement_id":"s1y69vm30w","name":"Location #96415","state":"Plateau","lga":"Bassa","population":157,"num_buildings":37,"dist_transmission_km":5.09,"solar_pv_value":1703.891,"wealth_index":NaN,"viability_score":NaN,"viability_tier":"A_highly_viable","rank_in_state":38}},{"type":"Feature","geometry":{"type":"Point","coordinates":[8.863671,10.356737]},"properties":{"settlement_id":"s1y6ctqk6e","name":"Location #135083","state":"Plateau","lga":"Bassa","population":98,"num_buildings":23,"dist_transmission_km":5.69,"solar_pv_value":1687.09,"wealth_index":NaN,"viability_score":NaN,"viability_tier":"A_highly_viable","rank_in_state":39}},{"type":"Feature","geometry":{"type":"Point","coordinates":[9.142208,9.759612]},"properties":{"settlement_id":"s1wx809jug","name":"Maijuju","state":"Plateau","lga":"Jos East","population":132,"num_buildings":31,"dist_transmission_km":16.23,"solar_pv_value":1734.572,"wealth_index":-0.2,"viability_score":64.98,"viability_tier":"A_highly_viable","rank_in_state":40}},{"type":"Feature","geometry":{"type":"Point","coordinates":[9.14442,9.736346]},"properties":{"settlement_id":"s1wx2h6y26","name":"Location #151134","state":"Plateau","lga":"Mangu","population":85,"num_buildings":20,"dist_transmission_km":18.16,"solar_pv_value":1736.398,"wealth_index":-0.3,"viability_score":61.63,"viability_tier":"A_highly_viable","rank_in_state":41}},{"type":"Feature","geometry":{"type":"Point","coordinates":[9.148349,9.687513]},"properties":{"settlement_id":"s1wx05t9gg","name":"Kadunu","state":"Plateau","lga":"Mangu","population":204,"num_buildings":48,"dist_transmission_km":13.15,"solar_pv_value":1744.434,"wealth_index":-0.2,"viability_score":60.26,"viability_tier":"A_highly_viable","rank_in_state":42}},{"type":"Feature","geometry":{"type":"Point","coordinates":[8.790188,9.930259]},"properties":{"settlement_id":"s1y22p8zfn","name":"Location #85313","state":"Plateau","lga":"Bassa","population":187,"num_buildings":44,"dist_transmission_km":0.62,"solar_pv_value":1715.214,"wealth_index":0.2,"viability_score":58.83,"viability_tier":"B_viable","rank_in_state":43}},{"type":"Feature","geometry":{"type":"Point","coordinates":[9.150345,9.694588]},"properties":{"settlement_id":"s1wx0hz546","name":"Kadunu","state":"Plateau","lga":"Mangu","population":136,"num_buildings":32,"dist_transmission_km":13.76,"solar_pv_value":1744.434,"wealth_index":-0.2,"viability_score":58.48,"viability_tier":"B_viable","rank_in_state":44}},{"type":"Feature","geometry":{"type":"Point","coordinates":[9.066411,9.62179]},"properties":{"settlement_id":"s1wqwr9fyx","name":"Bawan Dodo","state":"Plateau","lga":"Barikin Ladi","population":119,"num_buildings":28,"dist_transmission_km":10.48,"solar_pv_value":1733.476,"wealth_index":-0.4,"viability_score":58.3,"viability_tier":"B_viable","rank_in_state":45}},{"type":"Feature","geometry":{"type":"Point","coordinates":[8.860975,10.011942]},"properties":{"settlement_id":"s1y2cws7g9","name":"Location #113332","state":"Plateau","lga":"Bassa","population":128,"num_buildings":30,"dist_transmission_km":1.43,"solar_pv_value":1742.242,"wealth_index":null,"viability_score":58.21,"viability_tier":"B_viable","rank_in_state":46}},{"type":"Feature","geometry":{"type":"Point","coordinates":[8.779392,9.953628]},"properties":{"settlement_id":"s1y0xu0bnd","name":"Location #106628","state":"Plateau","lga":"Bassa","population":136,"num_buildings":32,"dist_transmission_km":1.52,"solar_pv_value":1716.675,"wealth_index":0.6,"viability_score":57.99,"viability_tier":"B_viable","rank_in_state":47}},{"type":"Feature","geometry":{"type":"Point","coordinates":[9.141188,9.826563]},"properties":{"settlement_id":"s1wxbhb7vh","name":"Dutsen Daji","state":"Plateau","lga":"Jos East","population":98,"num_buildings":23,"dist_transmission_km":9.8,"solar_pv_value":1756.122,"wealth_index":-0.8,"viability_score":57.7,"viability_tier":"B_viable","rank_in_state":48}},{"type":"Feature","geometry":{"type":"Point","coordinates":[8.892658,10.123688]},"properties":{"settlement_id":"s1y3d6gqvb","name":"Unguwar Saya","state":"Plateau","lga":"Bassa","population":132,"num_buildings":31,"dist_transmission_km":0.28,"solar_pv_value":1733.842,"wealth_index":-0.2,"viability_score":57.24,"viability_tier":"B_viable","rank_in_state":49}},{"type":"Feature","geometry":{"type":"Point","coordinates":[8.995059,9.764252]},"properties":{"settlement_id":"s1wrs9w0bh","name":"Fusa","state":"Plateau","lga":"Jos East","population":179,"num_buildings":42,"dist_transmission_km":2.54,"solar_pv_value":1742.242,"wealth_index":-0.2,"viability_score":57.14,"viability_tier":"B_viable","rank_in_state":50}},{"type":"Feature","geometry":{"type":"Point","coordinates":[6.589039,4.487085]},"properties":{"settlement_id":"s0u9tbvgpt","name":"Twoni","state":"Rivers","lga":"Akuku Toru","population":200,"num_buildings":47,"dist_transmission_km":6.34,"solar_pv_value":1230.162,"wealth_index":NaN,"viability_score":NaN,"viability_tier":"A_highly_viable","rank_in_state":1}},{"type":"Feature","geometry":{"type":"Point","coordinates":[6.646955,4.501502]},"properties":{"settlement_id":"s0u9x72pjk","name":"Location #80066","state":"Rivers","lga":"Akuku Toru","population":204,"num_buildings":48,"dist_transmission_km":2.85,"solar_pv_value":1230.892,"wealth_index":NaN,"viability_score":NaN,"viability_tier":"A_highly_viable","rank_in_state":2}},{"type":"Feature","geometry":{"type":"Point","coordinates":[6.654229,4.51293]},"properties":{"settlement_id":"s0u9xmt3wz","name":"Location #129630","state":"Rivers","lga":"Akuku Toru","population":102,"num_buildings":24,"dist_transmission_km":2.21,"solar_pv_value":1231.623,"wealth_index":NaN,"viability_score":NaN,"viability_tier":"A_highly_viable","rank_in_state":3}},{"type":"Feature","geometry":{"type":"Point","coordinates":[6.754898,4.456257]},"properties":{"settlement_id":"s0uc3enz8d","name":"Esengebelekiri","state":"Rivers","lga":"Akuku Toru","population":132,"num_buildings":31,"dist_transmission_km":4.32,"solar_pv_value":1249.52,"wealth_index":NaN,"viability_score":NaN,"viability_tier":"A_highly_viable","rank_in_state":4}},{"type":"Feature","geometry":{"type":"Point","coordinates":[6.830739,4.419393]},"properties":{"settlement_id":"s0uc5ktbzf","name":"Orukiri","state":"Rivers","lga":"Akuku Toru","population":340,"num_buildings":80,"dist_transmission_km":1.46,"solar_pv_value":1262.669,"wealth_index":NaN,"viability_score":NaN,"viability_tier":"A_highly_viable","rank_in_state":5}},{"type":"Feature","geometry":{"type":"Point","coordinates":[6.787695,4.480939]},"properties":{"settlement_id":"s0uc6rwxkg","name":"Ilolo","state":"Rivers","lga":"Akuku Toru","population":102,"num_buildings":24,"dist_transmission_km":6.41,"solar_pv_value":1238.198,"wealth_index":NaN,"viability_score":NaN,"viability_tier":"A_highly_viable","rank_in_state":6}},{"type":"Feature","geometry":{"type":"Point","coordinates":[6.690874,4.499683]},"properties":{"settlement_id":"s0uc870hs9","name":"Onangisuo","state":"Rivers","lga":"Akuku Toru","population":85,"num_buildings":20,"dist_transmission_km":5.74,"solar_pv_value":1242.946,"wealth_index":NaN,"viability_score":NaN,"viability_tier":"A_highly_viable","rank_in_state":7}},{"type":"Feature","geometry":{"type":"Point","coordinates":[6.721668,4.549123]},"properties":{"settlement_id":"s0ucbunsd1","name":"Odibokiri","state":"Rivers","lga":"Akuku Toru","population":89,"num_buildings":21,"dist_transmission_km":1.81,"solar_pv_value":1241.85,"wealth_index":NaN,"viability_score":NaN,"viability_tier":"A_highly_viable","rank_in_state":8}},{"type":"Feature","geometry":{"type":"Point","coordinates":[6.725382,4.551648]},"properties":{"settlement_id":"s0ucch972b","name":"Odibokiri","state":"Rivers","lga":"Akuku Toru","population":106,"num_buildings":25,"dist_transmission_km":2.06,"solar_pv_value":1241.85,"wealth_index":NaN,"viability_score":NaN,"viability_tier":"A_highly_viable","rank_in_state":9}},{"type":"Feature","geometry":{"type":"Point","coordinates":[6.772648,4.544236]},"properties":{"settlement_id":"s0ucf578n4","name":"Location #84428","state":"Rivers","lga":"Akuku Toru","population":208,"num_buildings":45,"dist_transmission_km":5.79,"solar_pv_value":1237.832,"wealth_index":NaN,"viability_score":NaN,"viability_tier":"A_highly_viable","rank_in_state":10}},{"type":"Feature","geometry":{"type":"Point","coordinates":[6.922162,4.411653]},"properties":{"settlement_id":"s0ucje0edp","name":"Location #75807","state":"Rivers","lga":"Degema","population":217,"num_buildings":51,"dist_transmission_km":null,"solar_pv_value":1281.662,"wealth_index":NaN,"viability_score":NaN,"viability_tier":"A_highly_viable","rank_in_state":11}},{"type":"Feature","geometry":{"type":"Point","coordinates":[6.892803,4.488781]},"properties":{"settlement_id":"s0ucsc5jjc","name":"Erebia","state":"Rivers","lga":"Degema","population":106,"num_buildings":25,"dist_transmission_km":0.78,"solar_pv_value":1248.424,"wealth_index":NaN,"viability_score":NaN,"viability_tier":"A_highly_viable","rank_in_state":12}},{"type":"Feature","geometry":{"type":"Point","coordinates":[6.983901,4.516435]},"properties":{"settlement_id":"s0ucwyjw0s","name":"Owupokuobo","state":"Rivers","lga":"Degema","population":111,"num_buildings":26,"dist_transmission_km":4.27,"solar_pv_value":NaN,"wealth_index":-0.1,"viability_score":NaN,"viability_tier":"A_highly_viable","rank_in_state":13}},{"type":"Feature","geometry":{"type":"Point","coordinates":[6.679235,4.627652]},"properties":{"settlement_id":"s0udrfrwj2","name":"Location #136303","state":"Rivers","lga":"Akuku Toru","population":98,"num_buildings":23,"dist_transmission_km":8.0,"solar_pv_value":1250.981,"wealth_index":NaN,"viability_score":NaN,"viability_tier":"A_highly_viable","rank_in_state":14}},{"type":"Feature","geometry":{"type":"Point","coordinates":[6.656868,4.83011]},"properties":{"settlement_id":"s0uerrr3km","name":"Abua","state":"Rivers","lga":"Abua/Odual","population":123,"num_buildings":29,"dist_transmission_km":null,"solar_pv_value":1276.184,"wealth_index":NaN,"viability_score":NaN,"viability_tier":"A_highly_viable","rank_in_state":15}},{"type":"Feature","geometry":{"type":"Point","coordinates":[6.564055,4.834607]},"properties":{"settlement_id":"s0uet25g9s","name":"Engenni","state":"Rivers","lga":"Abua/Odual","population":136,"num_buildings":32,"dist_transmission_km":6.42,"solar_pv_value":1279.471,"wealth_index":NaN,"viability_score":NaN,"viability_tier":"A_highly_viable","rank_in_state":16}},{"type":"Feature","geometry":{"type":"Point","coordinates":[6.719703,4.613859]},"properties":{"settlement_id":"s0uf0zvjsm","name":"Opukiri\r","state":"Rivers","lga":"Akuku Toru","population":221,"num_buildings":52,"dist_transmission_km":6.05,"solar_pv_value":1247.694,"wealth_index":NaN,"viability_score":NaN,"viability_tier":"A_highly_viable","rank_in_state":17}},{"type":"Feature","geometry":{"type":"Point","coordinates":[6.708564,4.650061]},"properties":{"settlement_id":"s0uf2wt08f","name":"Soku\r","state":"Rivers","lga":"Akuku Toru","population":85,"num_buildings":20,"dist_transmission_km":9.89,"solar_pv_value":1255.364,"wealth_index":NaN,"viability_score":NaN,"viability_tier":"A_highly_viable","rank_in_state":18}},{"type":"Feature","geometry":{"type":"Point","coordinates":[6.764716,4.637367]},"properties":{"settlement_id":"s0uf3ujyt7","name":"Lelekiri\r","state":"Rivers","lga":"Akuku Toru","population":170,"num_buildings":40,"dist_transmission_km":5.06,"solar_pv_value":1252.808,"wealth_index":NaN,"viability_score":NaN,"viability_tier":"A_highly_viable","rank_in_state":19}},{"type":"Feature","geometry":{"type":"Point","coordinates":[6.81639,4.643189]},"properties":{"settlement_id":"s0uf7j7893","name":"Location #106669","state":"Rivers","lga":"Degema","population":136,"num_buildings":32,"dist_transmission_km":0.59,"solar_pv_value":1255.73,"wealth_index":NaN,"viability_score":NaN,"viability_tier":"A_highly_viable","rank_in_state":20}},{"type":"Feature","geometry":{"type":"Point","coordinates":[6.932996,4.675393]},"properties":{"settlement_id":"s0uftg0kns","name":"Location #106114","state":"Rivers","lga":"Degema","population":136,"num_buildings":32,"dist_transmission_km":null,"solar_pv_value":1248.424,"wealth_index":NaN,"viability_score":NaN,"viability_tier":"A_highly_viable","rank_in_state":21}},{"type":"Feature","geometry":{"type":"Point","coordinates":[6.707754,4.759243]},"properties":{"settlement_id":"s0ug0dkktg","name":"Ogonokom","state":"Rivers","lga":"Abua/Odual","population":221,"num_buildings":52,"dist_transmission_km":2.25,"solar_pv_value":1270.705,"wealth_index":NaN,"viability_score":NaN,"viability_tier":"A_highly_viable","rank_in_state":22}},{"type":"Feature","geometry":{"type":"Point","coordinates":[6.747405,4.817299]},"properties":{"settlement_id":"s0ug3scqcc","name":"Orugbanikiri","state":"Rivers","lga":"Emohua","population":111,"num_buildings":26,"dist_transmission_km":4.37,"solar_pv_value":1290.063,"wealth_index":NaN,"viability_score":NaN,"viability_tier":"A_highly_viable","rank_in_state":23}},{"type":"Feature","geometry":{"type":"Point","coordinates":[6.833093,4.825463]},"properties":{"settlement_id":"s0ug7qrwqe","name":"Ahiankwo","state":"Rivers","lga":"Emohua","population":387,"num_buildings":91,"dist_transmission_km":0.33,"solar_pv_value":1283.854,"wealth_index":NaN,"viability_score":NaN,"viability_tier":"A_highly_viable","rank_in_state":24}},{"type":"Feature","geometry":{"type":"Point","coordinates":[6.910478,4.79423]},"properties":{"settlement_id":"s0ugm2b03v","name":"Ogbokiri","state":"Rivers","lga":"Degema","population":174,"num_buildings":41,"dist_transmission_km":1.99,"solar_pv_value":1272.896,"wealth_index":NaN,"viability_score":NaN,"viability_tier":"A_highly_viable","rank_in_state":25}},{"type":"Feature","geometry":{"type":"Point","coordinates":[6.449706,4.984158]},"properties":{"settlement_id":"s0us6g2dc4","name":"Location #32632","state":"Rivers","lga":"Ahoada West","population":629,"num_buildings":148,"dist_transmission_km":2.04,"solar_pv_value":1296.638,"wealth_index":NaN,"viability_score":NaN,"viability_tier":"A_highly_viable","rank_in_state":26}},{"type":"Feature","geometry":{"type":"Point","coordinates":[6.480701,5.08379]},"properties":{"settlement_id":"s0usgmrp5r","name":"Oshi\r","state":"Rivers","lga":"Ahoada West","population":377,"num_buildings":83,"dist_transmission_km":4.4,"solar_pv_value":1308.691,"wealth_index":NaN,"viability_score":NaN,"viability_tier":"A_highly_viable","rank_in_state":27}},{"type":"Feature","geometry":{"type":"Point","coordinates":[6.566512,5.044532]},"properties":{"settlement_id":"s0ustqmddb","name":"Olokob II","state":"Rivers","lga":"Ahoada West","population":136,"num_buildings":32,"dist_transmission_km":4.13,"solar_pv_value":1303.577,"wealth_index":NaN,"viability_score":NaN,"viability_tier":"A_highly_viable","rank_in_state":28}},{"type":"Feature","geometry":{"type":"Point","coordinates":[6.558767,5.159251]},"properties":{"settlement_id":"s0utm5pyy6","name":"Ebraso\r","state":"Rivers","lga":"Ahoada West","population":221,"num_buildings":52,"dist_transmission_km":6.11,"solar_pv_value":1317.457,"wealth_index":NaN,"viability_score":NaN,"viability_tier":"A_highly_viable","rank_in_state":29}},{"type":"Feature","geometry":{"type":"Point","coordinates":[6.923518,5.083088]},"properties":{"settlement_id":"s0uuvt3e1s","name":"Location #126966","state":"Rivers","lga":"Ikwerre","population":106,"num_buildings":25,"dist_transmission_km":2.6,"solar_pv_value":1306.864,"wealth_index":NaN,"viability_score":NaN,"viability_tier":"A_highly_viable","rank_in_state":30}},{"type":"Feature","geometry":{"type":"Point","coordinates":[7.03086,5.085634]},"properties":{"settlement_id":"s0uuzvz9yy","name":"Location #141871","state":"Rivers","lga":"Etche","population":89,"num_buildings":21,"dist_transmission_km":6.77,"solar_pv_value":1299.194,"wealth_index":NaN,"viability_score":NaN,"viability_tier":"A_highly_viable","rank_in_state":31}},{"type":"Feature","geometry":{"type":"Point","coordinates":[6.836984,5.136079]},"properties":{"settlement_id":"s0uv5wfxc6","name":"Elele","state":"Rivers","lga":"Ikwerre","population":89,"num_buildings":21,"dist_transmission_km":0.6,"solar_pv_value":1311.978,"wealth_index":NaN,"viability_score":NaN,"viability_tier":"A_highly_viable","rank_in_state":32}},{"type":"Feature","geometry":{"type":"Point","coordinates":[6.919534,5.143932]},"properties":{"settlement_id":"s0uvm2qtsf","name":"Location #110905","state":"Rivers","lga":"Ikwerre","population":128,"num_buildings":30,"dist_transmission_km":2.19,"solar_pv_value":1315.265,"wealth_index":NaN,"viability_score":NaN,"viability_tier":"A_highly_viable","rank_in_state":33}},{"type":"Feature","geometry":{"type":"Point","coordinates":[6.573423,5.372515]},"properties":{"settlement_id":"s0uwtd495v","name":"Location #128139","state":"Rivers","lga":"Ogba/Egbema/Ndoni","population":106,"num_buildings":25,"dist_transmission_km":1.33,"solar_pv_value":1339.372,"wealth_index":NaN,"viability_score":NaN,"viability_tier":"A_highly_viable","rank_in_state":34}},{"type":"Feature","geometry":{"type":"Point","coordinates":[6.572784,5.381047]},"properties":{"settlement_id":"s0uwted4ug","name":"Location #140930","state":"Rivers","lga":"Ogba/Egbema/Ndoni","population":94,"num_buildings":22,"dist_transmission_km":0.38,"solar_pv_value":1340.833,"wealth_index":NaN,"viability_score":NaN,"viability_tier":"A_highly_viable","rank_in_state":35}},{"type":"Feature","geometry":{"type":"Point","coordinates":[6.547349,5.525561]},"properties":{"settlement_id":"s0uxkvzssr","name":"Ndoni","state":"Rivers","lga":"Ogba/Egbema/Ndoni","population":200,"num_buildings":47,"dist_transmission_km":2.56,"solar_pv_value":1366.766,"wealth_index":NaN,"viability_score":NaN,"viability_tier":"A_highly_viable","rank_in_state":36}},{"type":"Feature","geometry":{"type":"Point","coordinates":[6.587568,5.505829]},"properties":{"settlement_id":"s0uxmfkcv2","name":"Ndoni","state":"Rivers","lga":"Ogba/Egbema/Ndoni","population":140,"num_buildings":33,"dist_transmission_km":7.57,"solar_pv_value":1357.634,"wealth_index":NaN,"viability_score":NaN,"viability_tier":"A_highly_viable","rank_in_state":37}},{"type":"Feature","geometry":{"type":"Point","coordinates":[7.249769,4.397428]},"properties":{"settlement_id":"s0v1hbx0gg","name":"Location #135815","state":"Rivers","lga":"Bonny","population":98,"num_buildings":23,"dist_transmission_km":6.61,"solar_pv_value":1288.237,"wealth_index":NaN,"viability_score":NaN,"viability_tier":"A_highly_viable","rank_in_state":38}},{"type":"Feature","geometry":{"type":"Point","coordinates":[7.273377,4.402582]},"properties":{"settlement_id":"s0v1j92qcu","name":"Egelebie-Jumbo","state":"Rivers","lga":"Bonny","population":94,"num_buildings":22,"dist_transmission_km":6.38,"solar_pv_value":1287.141,"wealth_index":NaN,"viability_score":NaN,"viability_tier":"A_highly_viable","rank_in_state":39}},{"type":"Feature","geometry":{"type":"Point","coordinates":[7.317443,4.433446]},"properties":{"settlement_id":"s0v1nx06sy","name":"Egelebie-Jumbo","state":"Rivers","lga":"Bonny","population":111,"num_buildings":26,"dist_transmission_km":1.98,"solar_pv_value":1279.106,"wealth_index":NaN,"viability_score":NaN,"viability_tier":"A_highly_viable","rank_in_state":40}},{"type":"Feature","geometry":{"type":"Point","coordinates":[7.300624,4.466754]},"properties":{"settlement_id":"s0v1qjhhsz","name":"Opotumbi","state":"Rivers","lga":"Bonny","population":238,"num_buildings":56,"dist_transmission_km":0.6,"solar_pv_value":1263.4,"wealth_index":NaN,"viability_score":NaN,"viability_tier":"A_highly_viable","rank_in_state":41}},{"type":"Feature","geometry":{"type":"Point","coordinates":[7.223958,4.500056]},"properties":{"settlement_id":"s0v1s7hqdr","name":"Sobiekiri III","state":"Rivers","lga":"Bonny","population":111,"num_buildings":26,"dist_transmission_km":4.33,"solar_pv_value":1266.687,"wealth_index":NaN,"viability_score":NaN,"viability_tier":"A_highly_viable","rank_in_state":42}},{"type":"Feature","geometry":{"type":"Point","coordinates":[7.240606,4.516642]},"properties":{"settlement_id":"s0v1sy0rq7","name":"Sobiekiri II","state":"Rivers","lga":"Bonny","population":98,"num_buildings":23,"dist_transmission_km":6.14,"solar_pv_value":1264.13,"wealth_index":NaN,"viability_score":NaN,"viability_tier":"A_highly_viable","rank_in_state":43}},{"type":"Feature","geometry":{"type":"Point","coordinates":[7.243815,4.528628]},"properties":{"settlement_id":"s0v1ub6v1j","name":"Sobiekiri II","state":"Rivers","lga":"Bonny","population":527,"num_buildings":124,"dist_transmission_km":7.33,"solar_pv_value":1265.226,"wealth_index":NaN,"viability_score":NaN,"viability_tier":"A_highly_viable","rank_in_state":44}},{"type":"Feature","geometry":{"type":"Point","coordinates":[7.240037,4.532988]},"properties":{"settlement_id":"s0v1uc0n94","name":"Sobiekiri II","state":"Rivers","lga":"Bonny","population":655,"num_buildings":154,"dist_transmission_km":7.89,"solar_pv_value":1265.226,"wealth_index":NaN,"viability_score":NaN,"viability_tier":"A_highly_viable","rank_in_state":45}},{"type":"Feature","geometry":{"type":"Point","coordinates":[7.323466,4.488178]},"properties":{"settlement_id":"s0v1w9hc91","name":"Owokpo","state":"Rivers","lga":"Bonny","population":187,"num_buildings":44,"dist_transmission_km":3.42,"solar_pv_value":1263.034,"wealth_index":NaN,"viability_score":NaN,"viability_tier":"A_highly_viable","rank_in_state":46}},{"type":"Feature","geometry":{"type":"Point","coordinates":[7.308169,4.530108]},"properties":{"settlement_id":"s0v1y29tu9","name":"Location #46603","state":"Rivers","lga":"Bonny","population":413,"num_buildings":97,"dist_transmission_km":4.72,"solar_pv_value":1256.46,"wealth_index":NaN,"viability_score":NaN,"viability_tier":"A_highly_viable","rank_in_state":47}},{"type":"Feature","geometry":{"type":"Point","coordinates":[7.501641,4.451041]},"properties":{"settlement_id":"s0v36dq90y","name":"Ama-Ekut","state":"Rivers","lga":"Andoni","population":123,"num_buildings":29,"dist_transmission_km":7.72,"solar_pv_value":1291.889,"wealth_index":NaN,"viability_score":NaN,"viability_tier":"A_highly_viable","rank_in_state":48}},{"type":"Feature","geometry":{"type":"Point","coordinates":[7.579976,4.474345]},"properties":{"settlement_id":"s0v3kqx8fn","name":"Location #95805","state":"Rivers","lga":"Opobo/Nkoro","population":157,"num_buildings":37,"dist_transmission_km":5.94,"solar_pv_value":1290.063,"wealth_index":NaN,"viability_score":NaN,"viability_tier":"A_highly_viable","rank_in_state":49}},{"type":"Feature","geometry":{"type":"Point","coordinates":[7.160521,4.661972]},"properties":{"settlement_id":"s0v4dbwjun","name":"Owo Ogono","state":"Rivers","lga":"Ogu/Bolo","population":103,"num_buildings":21,"dist_transmission_km":1.1,"solar_pv_value":1254.268,"wealth_index":NaN,"viability_score":NaN,"viability_tier":"A_highly_viable","rank_in_state":50}},{"type":"Feature","geometry":{"type":"Point","coordinates":[4.5469,11.801522]},"properties":{"settlement_id":"s455pkquy7","name":"Kuchi","state":"Sokoto","lga":"Kebbe","population":332,"num_buildings":78,"dist_transmission_km":10.46,"solar_pv_value":1646.547,"wealth_index":NaN,"viability_score":NaN,"viability_tier":"A_highly_viable","rank_in_state":1}},{"type":"Feature","geometry":{"type":"Point","coordinates":[4.895682,11.727368]},"properties":{"settlement_id":"s456xquuve","name":"Sangi","state":"Sokoto","lga":"Kebbe","population":123,"num_buildings":29,"dist_transmission_km":16.31,"solar_pv_value":1632.668,"wealth_index":NaN,"viability_score":NaN,"viability_tier":"A_highly_viable","rank_in_state":2}},{"type":"Feature","geometry":{"type":"Point","coordinates":[4.698715,11.77867]},"properties":{"settlement_id":"s4574bjrxz","name":"Tusherai","state":"Sokoto","lga":"Kebbe","population":123,"num_buildings":29,"dist_transmission_km":23.49,"solar_pv_value":1643.99,"wealth_index":NaN,"viability_score":NaN,"viability_tier":"A_highly_viable","rank_in_state":3}},{"type":"Feature","geometry":{"type":"Point","coordinates":[4.897903,11.8384]},"properties":{"settlement_id":"s457r7ne9m","name":"Saula","state":"Sokoto","lga":"Kebbe","population":940,"num_buildings":221,"dist_transmission_km":24.26,"solar_pv_value":1647.278,"wealth_index":NaN,"viability_score":NaN,"viability_tier":"A_highly_viable","rank_in_state":4}},{"type":"Feature","geometry":{"type":"Point","coordinates":[4.568246,12.229041]},"properties":{"settlement_id":"s45jxfnrrf","name":"Sabon Birni","state":"Sokoto","lga":"Tambuwal","population":5839,"num_buildings":1373,"dist_transmission_km":null,"solar_pv_value":1668.097,"wealth_index":NaN,"viability_score":NaN,"viability_tier":"A_highly_viable","rank_in_state":5}},{"type":"Feature","geometry":{"type":"Point","coordinates":[4.601444,11.96196]},"properties":{"settlement_id":"s45k09wemq","name":"Ungushi","state":"Sokoto","lga":"Kebbe","population":974,"num_buildings":229,"dist_transmission_km":12.31,"solar_pv_value":1658.235,"wealth_index":NaN,"viability_score":NaN,"viability_tier":"A_highly_viable","rank_in_state":6}},{"type":"Feature","geometry":{"type":"Point","coordinates":[4.638208,12.249913]},"properties":{"settlement_id":"s45m9w12yj","name":"Romo Sarki","state":"Sokoto","lga":"Tambuwal","population":85,"num_buildings":20,"dist_transmission_km":7.01,"solar_pv_value":1669.558,"wealth_index":NaN,"viability_score":NaN,"viability_tier":"A_highly_viable","rank_in_state":7}},{"type":"Feature","geometry":{"type":"Point","coordinates":[4.746983,12.206925]},"properties":{"settlement_id":"s45mkn0wkx","name":"Margai West","state":"Sokoto","lga":"Kebbe","population":85,"num_buildings":20,"dist_transmission_km":0.93,"solar_pv_value":1672.114,"wealth_index":NaN,"viability_score":NaN,"viability_tier":"A_highly_viable","rank_in_state":8}},{"type":"Feature","geometry":{"type":"Point","coordinates":[4.807598,12.412266]},"properties":{"settlement_id":"s45qt7sf9n","name":"Dogon Daji","state":"Sokoto","lga":"Tambuwal","population":276,"num_buildings":65,"dist_transmission_km":2.73,"solar_pv_value":1677.228,"wealth_index":NaN,"viability_score":NaN,"viability_tier":"A_highly_viable","rank_in_state":9}},{"type":"Feature","geometry":{"type":"Point","coordinates":[4.873058,12.41758]},"properties":{"settlement_id":"s45qwus3wk","name":"Dogon Daji","state":"Sokoto","lga":"Tambuwal","population":251,"num_buildings":59,"dist_transmission_km":7.16,"solar_pv_value":1676.863,"wealth_index":NaN,"viability_score":NaN,"viability_tier":"A_highly_viable","rank_in_state":10}},{"type":"Feature","geometry":{"type":"Point","coordinates":[4.872573,12.422905]},"properties":{"settlement_id":"s45qwvs0ej","name":"Dogon Daji","state":"Sokoto","lga":"Tambuwal","population":98,"num_buildings":23,"dist_transmission_km":6.63,"solar_pv_value":1676.863,"wealth_index":NaN,"viability_score":NaN,"viability_tier":"A_highly_viable","rank_in_state":11}},{"type":"Feature","geometry":{"type":"Point","coordinates":[4.874638,12.464029]},"properties":{"settlement_id":"s45qyvj85r","name":"Dogon Daji","state":"Sokoto","lga":"Tambuwal","population":259,"num_buildings":61,"dist_transmission_km":2.03,"solar_pv_value":1679.42,"wealth_index":NaN,"viability_score":NaN,"viability_tier":"A_highly_viable","rank_in_state":12}},{"type":"Feature","geometry":{"type":"Point","coordinates":[4.938689,12.185143]},"properties":{"settlement_id":"s45t26hpxg","name":"Gayari","state":"Sokoto","lga":"Kebbe","population":115,"num_buildings":27,"dist_transmission_km":11.3,"solar_pv_value":1663.714,"wealth_index":NaN,"viability_score":NaN,"viability_tier":"A_highly_viable","rank_in_state":13}},{"type":"Feature","geometry":{"type":"Point","coordinates":[4.946968,12.186433]},"properties":{"settlement_id":"s45t2d6r0e","name":"Ungwan Noma","state":"Sokoto","lga":"Kebbe","population":221,"num_buildings":52,"dist_transmission_km":10.81,"solar_pv_value":1664.81,"wealth_index":NaN,"viability_score":NaN,"viability_tier":"A_highly_viable","rank_in_state":14}},{"type":"Feature","geometry":{"type":"Point","coordinates":[5.623951,12.291295]},"properties":{"settlement_id":"s45vzvx1zx","name":"Dogaiyi","state":"Sokoto","lga":"Tureta","population":89,"num_buildings":21,"dist_transmission_km":22.2,"solar_pv_value":1676.132,"wealth_index":NaN,"viability_score":NaN,"viability_tier":"A_highly_viable","rank_in_state":15}},{"type":"Feature","geometry":{"type":"Point","coordinates":[5.049168,12.336253]},"properties":{"settlement_id":"s45w4vsxyh","name":"Jabo-Kagara","state":"Sokoto","lga":"Tambuwal","population":208,"num_buildings":49,"dist_transmission_km":0.04,"solar_pv_value":1675.036,"wealth_index":NaN,"viability_score":NaN,"viability_tier":"A_highly_viable","rank_in_state":16}},{"type":"Feature","geometry":{"type":"Point","coordinates":[5.051753,12.335675]},"properties":{"settlement_id":"s45w4vwsd2","name":"Jabo-Kagara","state":"Sokoto","lga":"Tambuwal","population":85,"num_buildings":20,"dist_transmission_km":0.33,"solar_pv_value":1675.402,"wealth_index":NaN,"viability_score":NaN,"viability_tier":"A_highly_viable","rank_in_state":17}},{"type":"Feature","geometry":{"type":"Point","coordinates":[5.054169,12.338781]},"properties":{"settlement_id":"s45w5n0qde","name":"Jabo-Kagara","state":"Sokoto","lga":"Tambuwal","population":89,"num_buildings":21,"dist_transmission_km":0.64,"solar_pv_value":1675.402,"wealth_index":NaN,"viability_score":NaN,"viability_tier":"A_highly_viable","rank_in_state":18}},{"type":"Feature","geometry":{"type":"Point","coordinates":[5.079444,12.44682]},"properties":{"settlement_id":"s45wg9fezx","name":"Gangan","state":"Sokoto","lga":"Shagari","population":549,"num_buildings":129,"dist_transmission_km":7.84,"solar_pv_value":1684.533,"wealth_index":NaN,"viability_score":NaN,"viability_tier":"A_highly_viable","rank_in_state":19}},{"type":"Feature","geometry":{"type":"Point","coordinates":[4.960889,12.530872]},"properties":{"settlement_id":"s45x2chmt5","name":"Kajiji","state":"Sokoto","lga":"Shagari","population":123,"num_buildings":29,"dist_transmission_km":1.34,"solar_pv_value":1685.629,"wealth_index":NaN,"viability_score":NaN,"viability_tier":"A_highly_viable","rank_in_state":20}},{"type":"Feature","geometry":{"type":"Point","coordinates":[5.006797,12.59506]},"properties":{"settlement_id":"s45x9uvgdc","name":"Shagari","state":"Sokoto","lga":"Shagari","population":102,"num_buildings":24,"dist_transmission_km":1.09,"solar_pv_value":1683.437,"wealth_index":NaN,"viability_score":NaN,"viability_tier":"A_highly_viable","rank_in_state":21}},{"type":"Feature","geometry":{"type":"Point","coordinates":[5.579128,12.527838]},"properties":{"settlement_id":"s45zqbwegn","name":"Mahuta","state":"Sokoto","lga":"Tureta","population":408,"num_buildings":96,"dist_transmission_km":3.56,"solar_pv_value":1685.263,"wealth_index":NaN,"viability_score":NaN,"viability_tier":"A_highly_viable","rank_in_state":22}},{"type":"Feature","geometry":{"type":"Point","coordinates":[4.172761,13.305517]},"properties":{"settlement_id":"s46gwynw22","name":"Arbakwe\r","state":"Sokoto","lga":"Gudu","population":481,"num_buildings":113,"dist_transmission_km":11.45,"solar_pv_value":1707.178,"wealth_index":NaN,"viability_score":NaN,"viability_tier":"A_highly_viable","rank_in_state":23}},{"type":"Feature","geometry":{"type":"Point","coordinates":[4.172966,13.313392]},"properties":{"settlement_id":"s46gwzwsjh","name":"Shitalo\r","state":"Sokoto","lga":"Gudu","population":89,"num_buildings":21,"dist_transmission_km":10.71,"solar_pv_value":1707.178,"wealth_index":NaN,"viability_score":NaN,"viability_tier":"A_highly_viable","rank_in_state":24}},{"type":"Feature","geometry":{"type":"Point","coordinates":[4.191272,13.335223]},"properties":{"settlement_id":"s46gz7egr9","name":"Gumbilike\r","state":"Sokoto","lga":"Gudu","population":876,"num_buildings":206,"dist_transmission_km":8.15,"solar_pv_value":1709.005,"wealth_index":NaN,"viability_score":NaN,"viability_tier":"A_highly_viable","rank_in_state":25}},{"type":"Feature","geometry":{"type":"Point","coordinates":[4.172987,13.414175]},"properties":{"settlement_id":"s46uqcyxjx","name":"Salanka Duniyan\r","state":"Sokoto","lga":"Gudu","population":451,"num_buildings":106,"dist_transmission_km":0.29,"solar_pv_value":1709.735,"wealth_index":NaN,"viability_score":NaN,"viability_tier":"A_highly_viable","rank_in_state":26}},{"type":"Feature","geometry":{"type":"Point","coordinates":[4.696807,12.94111]},"properties":{"settlement_id":"s473dgu57t","name":"Katami North\r","state":"Sokoto","lga":"Silame","population":200,"num_buildings":47,"dist_transmission_km":1.21,"solar_pv_value":1686.359,"wealth_index":NaN,"viability_score":NaN,"viability_tier":"A_highly_viable","rank_in_state":27}},{"type":"Feature","geometry":{"type":"Point","coordinates":[4.706595,12.942903]},"properties":{"settlement_id":"s473eh5jze","name":"Katami North\r","state":"Sokoto","lga":"Silame","population":145,"num_buildings":34,"dist_transmission_km":2.04,"solar_pv_value":1687.82,"wealth_index":NaN,"viability_score":NaN,"viability_tier":"A_highly_viable","rank_in_state":28}},{"type":"Feature","geometry":{"type":"Point","coordinates":[4.706198,12.947628]},"properties":{"settlement_id":"s473ej4cqk","name":"Katami North\r","state":"Sokoto","lga":"Silame","population":85,"num_buildings":20,"dist_transmission_km":2.44,"solar_pv_value":1687.82,"wealth_index":NaN,"viability_score":NaN,"viability_tier":"A_highly_viable","rank_in_state":29}},{"type":"Feature","geometry":{"type":"Point","coordinates":[4.749984,12.965924]},"properties":{"settlement_id":"s473u06gfx","name":"Katami North\r","state":"Sokoto","lga":"Silame","population":336,"num_buildings":79,"dist_transmission_km":0.12,"solar_pv_value":1695.125,"wealth_index":NaN,"viability_score":NaN,"viability_tier":"A_highly_viable","rank_in_state":30}},{"type":"Feature","geometry":{"type":"Point","coordinates":[4.536294,13.152755]},"properties":{"settlement_id":"s474z4rhr7","name":"Soron Yamma\r","state":"Sokoto","lga":"Gudu","population":281,"num_buildings":66,"dist_transmission_km":8.97,"solar_pv_value":1699.508,"wealth_index":NaN,"viability_score":NaN,"viability_tier":"A_highly_viable","rank_in_state":31}},{"type":"Feature","geometry":{"type":"Point","coordinates":[4.37059,13.250683]},"properties":{"settlement_id":"s4757knwf4","name":"Chilas\r","state":"Sokoto","lga":"Gudu","population":85,"num_buildings":20,"dist_transmission_km":6.98,"solar_pv_value":1705.718,"wealth_index":NaN,"viability_score":NaN,"viability_tier":"A_highly_viable","rank_in_state":32}},{"type":"Feature","geometry":{"type":"Point","coordinates":[4.424697,13.194029]},"properties":{"settlement_id":"s475h9vuyc","name":"Karfe Chana\r","state":"Sokoto","lga":"Gudu","population":408,"num_buildings":96,"dist_transmission_km":6.76,"solar_pv_value":1703.526,"wealth_index":NaN,"viability_score":NaN,"viability_tier":"A_highly_viable","rank_in_state":33}},{"type":"Feature","geometry":{"type":"Point","coordinates":[4.443908,13.195972]},"properties":{"settlement_id":"s475j47bne","name":"Karfe Chana\r","state":"Sokoto","lga":"Gudu","population":162,"num_buildings":38,"dist_transmission_km":4.99,"solar_pv_value":1703.161,"wealth_index":NaN,"viability_score":NaN,"viability_tier":"A_highly_viable","rank_in_state":34}},{"type":"Feature","geometry":{"type":"Point","coordinates":[4.444701,13.231512]},"properties":{"settlement_id":"s475m0sx1h","name":"Karfe Chana\r","state":"Sokoto","lga":"Gudu","population":213,"num_buildings":50,"dist_transmission_km":2.58,"solar_pv_value":1703.526,"wealth_index":NaN,"viability_score":NaN,"viability_tier":"A_highly_viable","rank_in_state":35}},{"type":"Feature","geometry":{"type":"Point","coordinates":[4.792787,13.174596]},"properties":{"settlement_id":"s476vn6584","name":"Soron Gabas\r","state":"Sokoto","lga":"Binji","population":170,"num_buildings":40,"dist_transmission_km":4.29,"solar_pv_value":1699.508,"wealth_index":NaN,"viability_score":NaN,"viability_tier":"A_highly_viable","rank_in_state":36}},{"type":"Feature","geometry":{"type":"Point","coordinates":[4.88638,13.303398]},"properties":{"settlement_id":"s477xjy1uv","name":"Tudun Kose\r","state":"Sokoto","lga":"Binji","population":128,"num_buildings":30,"dist_transmission_km":2.52,"solar_pv_value":1708.274,"wealth_index":NaN,"viability_score":NaN,"viability_tier":"A_highly_viable","rank_in_state":37}},{"type":"Feature","geometry":{"type":"Point","coordinates":[5.044219,12.817194]},"properties":{"settlement_id":"s478fv31df","name":"Kilgori","state":"Sokoto","lga":"Yabo","population":255,"num_buildings":60,"dist_transmission_km":2.52,"solar_pv_value":1697.317,"wealth_index":NaN,"viability_score":NaN,"viability_tier":"A_highly_viable","rank_in_state":38}},{"type":"Feature","geometry":{"type":"Point","coordinates":[5.250394,12.726306]},"properties":{"settlement_id":"s478rkz0p5","name":"Bangi Dabaga","state":"Sokoto","lga":"Bodinga","population":119,"num_buildings":28,"dist_transmission_km":6.84,"solar_pv_value":1692.568,"wealth_index":NaN,"viability_score":NaN,"viability_tier":"A_highly_viable","rank_in_state":39}},{"type":"Feature","geometry":{"type":"Point","coordinates":[5.468226,12.942914]},"properties":{"settlement_id":"s47cskjvfy","name":"Ge Ere Gajara","state":"Sokoto","lga":"Dange-Shuni","population":149,"num_buildings":35,"dist_transmission_km":8.31,"solar_pv_value":1703.526,"wealth_index":NaN,"viability_score":NaN,"viability_tier":"A_highly_viable","rank_in_state":40}},{"type":"Feature","geometry":{"type":"Point","coordinates":[5.580077,12.926535]},"properties":{"settlement_id":"s47cwcpq90","name":"Rarah","state":"Sokoto","lga":"Rabah","population":94,"num_buildings":22,"dist_transmission_km":5.61,"solar_pv_value":1703.891,"wealth_index":NaN,"viability_score":NaN,"viability_tier":"A_highly_viable","rank_in_state":41}},{"type":"Feature","geometry":{"type":"Point","coordinates":[5.582995,12.92426]},"properties":{"settlement_id":"s47cx0c3m0","name":"Rarah","state":"Sokoto","lga":"Rabah","population":149,"num_buildings":35,"dist_transmission_km":5.49,"solar_pv_value":1704.256,"wealth_index":NaN,"viability_score":NaN,"viability_tier":"A_highly_viable","rank_in_state":42}},{"type":"Feature","geometry":{"type":"Point","coordinates":[5.624098,12.947613]},"properties":{"settlement_id":"s47cxvp36c","name":"Rarah","state":"Sokoto","lga":"Rabah","population":123,"num_buildings":29,"dist_transmission_km":0.53,"solar_pv_value":1702.065,"wealth_index":NaN,"viability_score":NaN,"viability_tier":"A_highly_viable","rank_in_state":43}},{"type":"Feature","geometry":{"type":"Point","coordinates":[5.031544,13.022723]},"properties":{"settlement_id":"s47d46xyg7","name":"Gwamatse\r","state":"Sokoto","lga":"Wamako","population":3951,"num_buildings":929,"dist_transmission_km":null,"solar_pv_value":1692.203,"wealth_index":NaN,"viability_score":NaN,"viability_tier":"A_highly_viable","rank_in_state":44}},{"type":"Feature","geometry":{"type":"Point","coordinates":[5.052496,13.190622]},"properties":{"settlement_id":"s47e4cr0gw","name":"Kwacce Huru\r","state":"Sokoto","lga":"Tangaza","population":251,"num_buildings":59,"dist_transmission_km":8.6,"solar_pv_value":1709.735,"wealth_index":NaN,"viability_score":NaN,"viability_tier":"A_highly_viable","rank_in_state":45}},{"type":"Feature","geometry":{"type":"Point","coordinates":[5.051165,13.218137]},"properties":{"settlement_id":"s47e4yq1hx","name":"Kwacce Huru\r","state":"Sokoto","lga":"Tangaza","population":634,"num_buildings":149,"dist_transmission_km":5.29,"solar_pv_value":1709.005,"wealth_index":NaN,"viability_score":NaN,"viability_tier":"A_highly_viable","rank_in_state":46}},{"type":"Feature","geometry":{"type":"Point","coordinates":[5.052775,13.307326]},"properties":{"settlement_id":"s47edyx2f1","name":"Gidan Madi\r","state":"Sokoto","lga":"Tangaza","population":285,"num_buildings":67,"dist_transmission_km":1.35,"solar_pv_value":1710.831,"wealth_index":NaN,"viability_score":NaN,"viability_tier":"A_highly_viable","rank_in_state":47}},{"type":"Feature","geometry":{"type":"Point","coordinates":[5.444553,13.027146]},"properties":{"settlement_id":"s47f5gs8ek","name":"Kabanga","state":"Sokoto","lga":"Kware","population":111,"num_buildings":26,"dist_transmission_km":7.96,"solar_pv_value":1702.796,"wealth_index":NaN,"viability_score":NaN,"viability_tier":"A_highly_viable","rank_in_state":48}},{"type":"Feature","geometry":{"type":"Point","coordinates":[5.48953,13.154645]},"properties":{"settlement_id":"s47fuftr77","name":"Rabah","state":"Sokoto","lga":"Rabah","population":306,"num_buildings":72,"dist_transmission_km":2.66,"solar_pv_value":1705.718,"wealth_index":NaN,"viability_score":NaN,"viability_tier":"A_highly_viable","rank_in_state":49}},{"type":"Feature","geometry":{"type":"Point","coordinates":[4.388351,13.501081]},"properties":{"settlement_id":"s47hgcg3rz","name":"Tullun Doya\r","state":"Sokoto","lga":"Gudu","population":140,"num_buildings":33,"dist_transmission_km":13.76,"solar_pv_value":1708.64,"wealth_index":NaN,"viability_score":NaN,"viability_tier":"A_highly_viable","rank_in_state":50}},{"type":"Feature","geometry":{"type":"Point","coordinates":[9.641733,6.67515]},"properties":{"settlement_id":"s1nvgrhvsd","name":"Takum","state":"Taraba","lga":"Takum","population":85,"num_buildings":20,"dist_transmission_km":14.29,"solar_pv_value":1481.819,"wealth_index":NaN,"viability_score":NaN,"viability_tier":"A_highly_viable","rank_in_state":1}},{"type":"Feature","geometry":{"type":"Point","coordinates":[9.806747,6.923875]},"properties":{"settlement_id":"s1nzrhmn3z","name":"Takum","state":"Taraba","lga":"Takum","population":336,"num_buildings":79,"dist_transmission_km":6.22,"solar_pv_value":1511.77,"wealth_index":NaN,"viability_score":NaN,"viability_tier":"A_highly_viable","rank_in_state":2}},{"type":"Feature","geometry":{"type":"Point","coordinates":[9.926999,6.839202]},"properties":{"settlement_id":"s1pncvh95z","name":"Location #111141","state":"Taraba","lga":"Ussa","population":128,"num_buildings":30,"dist_transmission_km":0.36,"solar_pv_value":1527.476,"wealth_index":NaN,"viability_score":NaN,"viability_tier":"A_highly_viable","rank_in_state":3}},{"type":"Feature","geometry":{"type":"Point","coordinates":[9.970165,6.901429]},"properties":{"settlement_id":"s1pp6bk59x","name":"Location #96524","state":"Taraba","lga":"Ussa","population":157,"num_buildings":37,"dist_transmission_km":8.01,"solar_pv_value":1541.355,"wealth_index":NaN,"viability_score":NaN,"viability_tier":"A_highly_viable","rank_in_state":4}},{"type":"Feature","geometry":{"type":"Point","coordinates":[10.000214,6.913033]},"properties":{"settlement_id":"s1pp7d3zmf","name":"Location #117368","state":"Taraba","lga":"Ussa","population":119,"num_buildings":28,"dist_transmission_km":7.13,"solar_pv_value":1527.841,"wealth_index":NaN,"viability_score":NaN,"viability_tier":"A_highly_viable","rank_in_state":5}},{"type":"Feature","geometry":{"type":"Point","coordinates":[9.971698,6.945975]},"properties":{"settlement_id":"s1ppdbmpjr","name":"Location #69934","state":"Taraba","lga":"Ussa","population":242,"num_buildings":57,"dist_transmission_km":8.82,"solar_pv_value":1523.458,"wealth_index":NaN,"viability_score":NaN,"viability_tier":"A_highly_viable","rank_in_state":6}},{"type":"Feature","geometry":{"type":"Point","coordinates":[10.172039,7.018743]},"properties":{"settlement_id":"s1ppzmxp1s","name":"Location #115050","state":"Taraba","lga":"Kurmi","population":123,"num_buildings":29,"dist_transmission_km":12.71,"solar_pv_value":1542.816,"wealth_index":NaN,"viability_score":NaN,"viability_tier":"A_highly_viable","rank_in_state":7}},{"type":"Feature","geometry":{"type":"Point","coordinates":[10.860144,6.841398]},"properties":{"settlement_id":"s1pwzjkn59","name":"Location #109928","state":"Taraba","lga":"Sardauna","population":132,"num_buildings":31,"dist_transmission_km":68.74,"solar_pv_value":1494.968,"wealth_index":NaN,"viability_score":NaN,"viability_tier":"A_highly_viable","rank_in_state":8}},{"type":"Feature","geometry":{"type":"Point","coordinates":[10.862112,6.965524]},"properties":{"settlement_id":"s1pxxhj91e","name":"Location #137344","state":"Taraba","lga":"Sardauna","population":94,"num_buildings":22,"dist_transmission_km":62.62,"solar_pv_value":1498.256,"wealth_index":NaN,"viability_score":NaN,"viability_tier":"A_highly_viable","rank_in_state":9}},{"type":"Feature","geometry":{"type":"Point","coordinates":[10.982881,6.689686]},"properties":{"settlement_id":"s1py1cv6px","name":"Location #149417","state":"Taraba","lga":"Sardauna","population":85,"num_buildings":20,"dist_transmission_km":89.54,"solar_pv_value":1572.767,"wealth_index":NaN,"viability_score":NaN,"viability_tier":"A_highly_viable","rank_in_state":10}},{"type":"Feature","geometry":{"type":"Point","coordinates":[10.960908,6.705249]},"properties":{"settlement_id":"s1py1ktkzt","name":"Location #96356","state":"Taraba","lga":"Sardauna","population":157,"num_buildings":37,"dist_transmission_km":86.62,"solar_pv_value":1565.461,"wealth_index":NaN,"viability_score":NaN,"viability_tier":"A_highly_viable","rank_in_state":11}},{"type":"Feature","geometry":{"type":"Point","coordinates":[10.983517,6.72834]},"properties":{"settlement_id":"s1py3bvgqm","name":"Location #48303","state":"Taraba","lga":"Sardauna","population":396,"num_buildings":93,"dist_transmission_km":86.98,"solar_pv_value":1563.635,"wealth_index":NaN,"viability_score":NaN,"viability_tier":"A_highly_viable","rank_in_state":12}},{"type":"Feature","geometry":{"type":"Point","coordinates":[11.101697,6.733235]},"properties":{"settlement_id":"s1pyk9spbm","name":"Location #115761","state":"Taraba","lga":"Sardauna","population":123,"num_buildings":29,"dist_transmission_km":97.83,"solar_pv_value":1600.891,"wealth_index":NaN,"viability_score":NaN,"viability_tier":"A_highly_viable","rank_in_state":13}},{"type":"Feature","geometry":{"type":"Point","coordinates":[10.94629,6.903062]},"properties":{"settlement_id":"s1pz30dv70","name":"Location #96041","state":"Taraba","lga":"Sardauna","population":157,"num_buildings":37,"dist_transmission_km":73.89,"solar_pv_value":1540.259,"wealth_index":NaN,"viability_score":NaN,"viability_tier":"A_highly_viable","rank_in_state":14}},{"type":"Feature","geometry":{"type":"Point","coordinates":[10.949996,6.936389]},"properties":{"settlement_id":"s1pz3ntx3k","name":"Location #91885","state":"Taraba","lga":"Sardauna","population":166,"num_buildings":39,"dist_transmission_km":72.78,"solar_pv_value":1501.908,"wealth_index":NaN,"viability_score":NaN,"viability_tier":"A_highly_viable","rank_in_state":15}},{"type":"Feature","geometry":{"type":"Point","coordinates":[11.031846,6.995618]},"properties":{"settlement_id":"s1pzg190kt","name":"Zongoagia","state":"Taraba","lga":"Sardauna","population":85,"num_buildings":20,"dist_transmission_km":79.38,"solar_pv_value":1554.869,"wealth_index":NaN,"viability_score":NaN,"viability_tier":"A_highly_viable","rank_in_state":16}},{"type":"Feature","geometry":{"type":"Point","coordinates":[11.213496,6.989293]},"properties":{"settlement_id":"s1pzz0m7t6","name":"Location #76872","state":"Taraba","lga":"Sardauna","population":217,"num_buildings":51,"dist_transmission_km":98.98,"solar_pv_value":1702.43,"wealth_index":NaN,"viability_score":NaN,"viability_tier":"A_highly_viable","rank_in_state":17}},{"type":"Feature","geometry":{"type":"Point","coordinates":[9.144525,7.840057]},"properties":{"settlement_id":"s1qs854zdu","name":"Wukari","state":"Taraba","lga":"Wukari","population":191,"num_buildings":45,"dist_transmission_km":6.49,"solar_pv_value":1477.071,"wealth_index":NaN,"viability_score":NaN,"viability_tier":"A_highly_viable","rank_in_state":18}},{"type":"Feature","geometry":{"type":"Point","coordinates":[9.690581,8.018846]},"properties":{"settlement_id":"s1qvseb3nv","name":"Wukari","state":"Taraba","lga":"Wukari","population":94,"num_buildings":22,"dist_transmission_km":3.17,"solar_pv_value":1509.578,"wealth_index":NaN,"viability_score":NaN,"viability_tier":"A_highly_viable","rank_in_state":19}},{"type":"Feature","geometry":{"type":"Point","coordinates":[9.406404,8.099285]},"properties":{"settlement_id":"s1qwn43tc0","name":"Ibi","state":"Taraba","lga":"Ibi","population":98,"num_buildings":23,"dist_transmission_km":16.62,"solar_pv_value":1501.178,"wealth_index":NaN,"viability_score":NaN,"viability_tier":"A_highly_viable","rank_in_state":20}},{"type":"Feature","geometry":{"type":"Point","coordinates":[9.410021,8.116847]},"properties":{"settlement_id":"s1qwnjshj3","name":"Ibi","state":"Taraba","lga":"Ibi","population":196,"num_buildings":46,"dist_transmission_km":17.63,"solar_pv_value":1500.447,"wealth_index":NaN,"viability_score":NaN,"viability_tier":"A_highly_viable","rank_in_state":21}},{"type":"Feature","geometry":{"type":"Point","coordinates":[9.441861,8.187986]},"properties":{"settlement_id":"s1qwwfe67r","name":"Ibi","state":"Taraba","lga":"Ibi","population":85,"num_buildings":20,"dist_transmission_km":9.98,"solar_pv_value":1496.429,"wealth_index":NaN,"viability_score":NaN,"viability_tier":"A_highly_viable","rank_in_state":22}},{"type":"Feature","geometry":{"type":"Point","coordinates":[9.429162,8.23793]},"properties":{"settlement_id":"s1qwyedj7m","name":"Ibi","state":"Taraba","lga":"Ibi","population":119,"num_buildings":28,"dist_transmission_km":10.31,"solar_pv_value":1496.794,"wealth_index":NaN,"viability_score":NaN,"viability_tier":"A_highly_viable","rank_in_state":23}},{"type":"Feature","geometry":{"type":"Point","coordinates":[9.386774,8.31058]},"properties":{"settlement_id":"s1qxm8ghxs","name":"Ibi","state":"Taraba","lga":"Ibi","population":170,"num_buildings":40,"dist_transmission_km":16.1,"solar_pv_value":1500.082,"wealth_index":NaN,"viability_score":NaN,"viability_tier":"A_highly_viable","rank_in_state":24}},{"type":"Feature","geometry":{"type":"Point","coordinates":[9.424113,8.266026]},"properties":{"settlement_id":"s1qxn2y3jd","name":"Ibi","state":"Taraba","lga":"Ibi","population":115,"num_buildings":27,"dist_transmission_km":11.37,"solar_pv_value":1498.256,"wealth_index":NaN,"viability_score":NaN,"viability_tier":"A_highly_viable","rank_in_state":25}},{"type":"Feature","geometry":{"type":"Point","coordinates":[9.441706,8.320579]},"properties":{"settlement_id":"s1qxqfenzs","name":"Ibi","state":"Taraba","lga":"Ibi","population":153,"num_buildings":36,"dist_transmission_km":13.16,"solar_pv_value":1501.908,"wealth_index":NaN,"viability_score":NaN,"viability_tier":"A_highly_viable","rank_in_state":26}},{"type":"Feature","geometry":{"type":"Point","coordinates":[9.541939,8.127774]},"properties":{"settlement_id":"s1qy1ps5xq","name":"Ibi","state":"Taraba","lga":"Ibi","population":3623,"num_buildings":852,"dist_transmission_km":9.89,"solar_pv_value":1514.692,"wealth_index":NaN,"viability_score":NaN,"viability_tier":"A_highly_viable","rank_in_state":27}},{"type":"Feature","geometry":{"type":"Point","coordinates":[9.589624,8.167733]},"properties":{"settlement_id":"s1qy6nyuqr","name":"Ibi","state":"Taraba","lga":"Ibi","population":281,"num_buildings":66,"dist_transmission_km":7.71,"solar_pv_value":1514.326,"wealth_index":NaN,"viability_score":NaN,"viability_tier":"A_highly_viable","rank_in_state":28}},{"type":"Feature","geometry":{"type":"Point","coordinates":[9.602558,8.171383]},"properties":{"settlement_id":"s1qy6x83gb","name":"Ibi","state":"Taraba","lga":"Ibi","population":89,"num_buildings":21,"dist_transmission_km":8.55,"solar_pv_value":1516.153,"wealth_index":NaN,"viability_score":NaN,"viability_tier":"A_highly_viable","rank_in_state":29}},{"type":"Feature","geometry":{"type":"Point","coordinates":[9.632271,8.143611]},"properties":{"settlement_id":"s1qy74qpbp","name":"Ibi","state":"Taraba","lga":"Ibi","population":145,"num_buildings":34,"dist_transmission_km":11.55,"solar_pv_value":1522.362,"wealth_index":NaN,"viability_score":NaN,"viability_tier":"A_highly_viable","rank_in_state":30}},{"type":"Feature","geometry":{"type":"Point","coordinates":[9.82854,8.284058]},"properties":{"settlement_id":"s1qzpshfjs","name":"Ibi","state":"Taraba","lga":"Ibi","population":221,"num_buildings":52,"dist_transmission_km":13.75,"solar_pv_value":1529.667,"wealth_index":NaN,"viability_score":NaN,"viability_tier":"A_highly_viable","rank_in_state":31}},{"type":"Feature","geometry":{"type":"Point","coordinates":[9.988383,7.129011]},"properties":{"settlement_id":"s1r0e3c36p","name":"Kpambo","state":"Taraba","lga":"Ussa","population":136,"num_buildings":32,"dist_transmission_km":7.35,"solar_pv_value":1536.972,"wealth_index":NaN,"viability_score":NaN,"viability_tier":"A_highly_viable","rank_in_state":32}},{"type":"Feature","geometry":{"type":"Point","coordinates":[10.002671,7.170876]},"properties":{"settlement_id":"s1r0g97trh","name":"Kpambo","state":"Taraba","lga":"Ussa","population":123,"num_buildings":29,"dist_transmission_km":2.87,"solar_pv_value":1541.355,"wealth_index":NaN,"viability_score":NaN,"viability_tier":"A_highly_viable","rank_in_state":33}},{"type":"Feature","geometry":{"type":"Point","coordinates":[10.041356,7.04207]},"properties":{"settlement_id":"s1r0h3zzh8","name":"Location #148427","state":"Taraba","lga":"Ussa","population":85,"num_buildings":20,"dist_transmission_km":1.54,"solar_pv_value":1536.607,"wealth_index":NaN,"viability_score":NaN,"viability_tier":"A_highly_viable","rank_in_state":34}},{"type":"Feature","geometry":{"type":"Point","coordinates":[10.083038,7.049794]},"properties":{"settlement_id":"s1r0j7qhpb","name":"Location #114446","state":"Taraba","lga":"Ussa","population":123,"num_buildings":29,"dist_transmission_km":2.8,"solar_pv_value":1527.11,"wealth_index":NaN,"viability_score":NaN,"viability_tier":"A_highly_viable","rank_in_state":35}},{"type":"Feature","geometry":{"type":"Point","coordinates":[10.095363,7.034638]},"properties":{"settlement_id":"s1r0j8x5xp","name":"Location #120057","state":"Taraba","lga":"Ussa","population":115,"num_buildings":27,"dist_transmission_km":4.13,"solar_pv_value":1537.702,"wealth_index":NaN,"viability_score":NaN,"viability_tier":"A_highly_viable","rank_in_state":36}},{"type":"Feature","geometry":{"type":"Point","coordinates":[10.100824,7.037851]},"properties":{"settlement_id":"s1r0jc5nqq","name":"Location #68232","state":"Taraba","lga":"Ussa","population":251,"num_buildings":59,"dist_transmission_km":4.79,"solar_pv_value":1539.164,"wealth_index":NaN,"viability_score":NaN,"viability_tier":"A_highly_viable","rank_in_state":37}},{"type":"Feature","geometry":{"type":"Point","coordinates":[10.056727,7.090269]},"properties":{"settlement_id":"s1r0kfepf9","name":"Lumbu","state":"Taraba","lga":"Ussa","population":115,"num_buildings":27,"dist_transmission_km":null,"solar_pv_value":1533.32,"wealth_index":NaN,"viability_score":NaN,"viability_tier":"A_highly_viable","rank_in_state":38}},{"type":"Feature","geometry":{"type":"Point","coordinates":[10.075067,7.078221]},"properties":{"settlement_id":"s1r0m283wh","name":"Lumbu","state":"Taraba","lga":"Ussa","population":225,"num_buildings":53,"dist_transmission_km":1.77,"solar_pv_value":1534.05,"wealth_index":NaN,"viability_score":NaN,"viability_tier":"A_highly_viable","rank_in_state":39}},{"type":"Feature","geometry":{"type":"Point","coordinates":[10.09525,7.107304]},"properties":{"settlement_id":"s1r0mtz5h3","name":"Location #57646","state":"Taraba","lga":"Ussa","population":315,"num_buildings":74,"dist_transmission_km":4.17,"solar_pv_value":1535.146,"wealth_index":NaN,"viability_score":NaN,"viability_tier":"A_highly_viable","rank_in_state":40}},{"type":"Feature","geometry":{"type":"Point","coordinates":[10.088551,7.113141]},"properties":{"settlement_id":"s1r0mwfm03","name":"Location #79531","state":"Taraba","lga":"Ussa","population":204,"num_buildings":48,"dist_transmission_km":3.44,"solar_pv_value":1535.146,"wealth_index":NaN,"viability_score":NaN,"viability_tier":"A_highly_viable","rank_in_state":41}},{"type":"Feature","geometry":{"type":"Point","coordinates":[10.132686,7.058435]},"properties":{"settlement_id":"s1r0nsfqke","name":"Location #53623","state":"Taraba","lga":"Ussa","population":344,"num_buildings":81,"dist_transmission_km":8.22,"solar_pv_value":1537.702,"wealth_index":NaN,"viability_score":NaN,"viability_tier":"A_highly_viable","rank_in_state":42}},{"type":"Feature","geometry":{"type":"Point","coordinates":[10.136007,7.063906]},"properties":{"settlement_id":"s1r0ntuy4p","name":"Location #91040","state":"Taraba","lga":"Ussa","population":170,"num_buildings":40,"dist_transmission_km":8.62,"solar_pv_value":1537.702,"wealth_index":NaN,"viability_score":NaN,"viability_tier":"A_highly_viable","rank_in_state":43}},{"type":"Feature","geometry":{"type":"Point","coordinates":[10.137354,7.070172]},"properties":{"settlement_id":"s1r0nxjf9r","name":"Location #81673","state":"Taraba","lga":"Ussa","population":200,"num_buildings":47,"dist_transmission_km":8.84,"solar_pv_value":1536.607,"wealth_index":NaN,"viability_score":NaN,"viability_tier":"A_highly_viable","rank_in_state":44}},{"type":"Feature","geometry":{"type":"Point","coordinates":[10.123363,7.104317]},"properties":{"settlement_id":"s1r0qm79ek","name":"Location #73199","state":"Taraba","lga":"Ussa","population":230,"num_buildings":54,"dist_transmission_km":7.26,"solar_pv_value":1536.242,"wealth_index":NaN,"viability_score":NaN,"viability_tier":"A_highly_viable","rank_in_state":45}},{"type":"Feature","geometry":{"type":"Point","coordinates":[10.16567,7.115208]},"properties":{"settlement_id":"s1r0rr63j6","name":"Location #144239","state":"Taraba","lga":"Ussa","population":89,"num_buildings":21,"dist_transmission_km":7.18,"solar_pv_value":1519.805,"wealth_index":NaN,"viability_score":NaN,"viability_tier":"A_highly_viable","rank_in_state":46}},{"type":"Feature","geometry":{"type":"Point","coordinates":[10.078549,7.136896]},"properties":{"settlement_id":"s1r0t74zrj","name":"Location #10227","state":"Taraba","lga":"Ussa","population":2050,"num_buildings":482,"dist_transmission_km":2.0,"solar_pv_value":1534.05,"wealth_index":NaN,"viability_score":NaN,"viability_tier":"A_highly_viable","rank_in_state":47}},{"type":"Feature","geometry":{"type":"Point","coordinates":[10.088256,7.123832]},"properties":{"settlement_id":"s1r0t8f536","name":"Location #88561","state":"Taraba","lga":"Ussa","population":179,"num_buildings":42,"dist_transmission_km":3.42,"solar_pv_value":1535.146,"wealth_index":NaN,"viability_score":NaN,"viability_tier":"A_highly_viable","rank_in_state":48}},{"type":"Feature","geometry":{"type":"Point","coordinates":[10.100618,7.1328]},"properties":{"settlement_id":"s1r0tf7p96","name":"Location #66613","state":"Taraba","lga":"Ussa","population":259,"num_buildings":61,"dist_transmission_km":4.66,"solar_pv_value":1536.242,"wealth_index":NaN,"viability_score":NaN,"viability_tier":"A_highly_viable","rank_in_state":49}},{"type":"Feature","geometry":{"type":"Point","coordinates":[10.072346,7.157168]},"properties":{"settlement_id":"s1r0tnymw8","name":"Location #11764","state":"Taraba","lga":"Ussa","population":1790,"num_buildings":421,"dist_transmission_km":1.29,"solar_pv_value":1535.876,"wealth_index":NaN,"viability_score":NaN,"viability_tier":"A_highly_viable","rank_in_state":50}},{"type":"Feature","geometry":{"type":"Point","coordinates":[11.535253,10.630636]},"properties":{"settlement_id":"s3bhqrpxyy","name":"Ruhu","state":"Yobe","lga":"Gulani","population":123,"num_buildings":29,"dist_transmission_km":13.74,"solar_pv_value":1680.515,"wealth_index":NaN,"viability_score":NaN,"viability_tier":"A_highly_viable","rank_in_state":1}},{"type":"Feature","geometry":{"type":"Point","coordinates":[11.643893,10.836868]},"properties":{"settlement_id":"s3bm8uyc66","name":"Biu","state":"Yobe","lga":"Gulani","population":221,"num_buildings":52,"dist_transmission_km":14.02,"solar_pv_value":1677.228,"wealth_index":NaN,"viability_score":NaN,"viability_tier":"A_highly_viable","rank_in_state":2}},{"type":"Feature","geometry":{"type":"Point","coordinates":[11.811116,11.009145]},"properties":{"settlement_id":"s3bqsu0sfv","name":"Bumsa","state":"Yobe","lga":"Gulani","population":136,"num_buildings":32,"dist_transmission_km":31.91,"solar_pv_value":1687.09,"wealth_index":NaN,"viability_score":NaN,"viability_tier":"A_highly_viable","rank_in_state":3}},{"type":"Feature","geometry":{"type":"Point","coordinates":[11.750312,11.095542]},"properties":{"settlement_id":"s3br57uk4n","name":"Bularafa","state":"Yobe","lga":"Gulani","population":315,"num_buildings":74,"dist_transmission_km":33.13,"solar_pv_value":1683.802,"wealth_index":NaN,"viability_score":NaN,"viability_tier":"A_highly_viable","rank_in_state":4}},{"type":"Feature","geometry":{"type":"Point","coordinates":[11.755175,11.098229]},"properties":{"settlement_id":"s3br5krgg7","name":"Bularafa","state":"Yobe","lga":"Gulani","population":98,"num_buildings":23,"dist_transmission_km":33.88,"solar_pv_value":1683.802,"wealth_index":NaN,"viability_score":NaN,"viability_tier":"A_highly_viable","rank_in_state":5}},{"type":"Feature","geometry":{"type":"Point","coordinates":[11.717057,11.153598]},"properties":{"settlement_id":"s3br6wkn7j","name":"Gabai","state":"Yobe","lga":"Gulani","population":421,"num_buildings":99,"dist_transmission_km":34.53,"solar_pv_value":1681.611,"wealth_index":NaN,"viability_score":NaN,"viability_tier":"A_highly_viable","rank_in_state":6}},{"type":"Feature","geometry":{"type":"Point","coordinates":[11.746496,11.17308]},"properties":{"settlement_id":"s3bre3cxcj","name":"Bularafa","state":"Yobe","lga":"Gulani","population":315,"num_buildings":74,"dist_transmission_km":38.25,"solar_pv_value":1683.802,"wealth_index":NaN,"viability_score":NaN,"viability_tier":"A_highly_viable","rank_in_state":7}},{"type":"Feature","geometry":{"type":"Point","coordinates":[11.763263,11.176167]},"properties":{"settlement_id":"s3bredt9zu","name":"Bularafa","state":"Yobe","lga":"Gulani","population":425,"num_buildings":100,"dist_transmission_km":39.9,"solar_pv_value":1685.629,"wealth_index":NaN,"viability_score":NaN,"viability_tier":"A_highly_viable","rank_in_state":8}},{"type":"Feature","geometry":{"type":"Point","coordinates":[11.86158,11.095064]},"properties":{"settlement_id":"s3brjgv36v","name":"Bularafa","state":"Yobe","lga":"Gulani","population":1803,"num_buildings":424,"dist_transmission_km":31.96,"solar_pv_value":1694.76,"wealth_index":NaN,"viability_score":NaN,"viability_tier":"A_highly_viable","rank_in_state":9}},{"type":"Feature","geometry":{"type":"Point","coordinates":[11.857603,11.150661]},"properties":{"settlement_id":"s3brmvfmq1","name":"Bularafa","state":"Yobe","lga":"Gujba","population":561,"num_buildings":132,"dist_transmission_km":36.73,"solar_pv_value":1692.934,"wealth_index":NaN,"viability_score":NaN,"viability_tier":"A_highly_viable","rank_in_state":10}},{"type":"Feature","geometry":{"type":"Point","coordinates":[11.819597,11.236361]},"properties":{"settlement_id":"s3bruvwb89","name":"Wagir","state":"Yobe","lga":"Gujba","population":166,"num_buildings":39,"dist_transmission_km":41.66,"solar_pv_value":1695.491,"wealth_index":NaN,"viability_score":NaN,"viability_tier":"A_highly_viable","rank_in_state":11}},{"type":"Feature","geometry":{"type":"Point","coordinates":[11.0395,11.326603]},"properties":{"settlement_id":"s4pb7jywnz","name":"Gudi Dozi","state":"Yobe","lga":"Fika","population":225,"num_buildings":53,"dist_transmission_km":0.27,"solar_pv_value":1718.136,"wealth_index":NaN,"viability_score":NaN,"viability_tier":"A_highly_viable","rank_in_state":12}},{"type":"Feature","geometry":{"type":"Point","coordinates":[11.247014,11.349388]},"properties":{"settlement_id":"s4pbxfjffr","name":"Garin Malam Yako","state":"Yobe","lga":"Fika","population":306,"num_buildings":72,"dist_transmission_km":0.94,"solar_pv_value":1716.675,"wealth_index":NaN,"viability_score":NaN,"viability_tier":"A_highly_viable","rank_in_state":13}},{"type":"Feature","geometry":{"type":"Point","coordinates":[11.004191,11.433025]},"properties":{"settlement_id":"s4pc43m40n","name":"Garu","state":"Yobe","lga":"Fika","population":115,"num_buildings":27,"dist_transmission_km":8.14,"solar_pv_value":1728.728,"wealth_index":NaN,"viability_score":NaN,"viability_tier":"A_highly_viable","rank_in_state":14}},{"type":"Feature","geometry":{"type":"Point","coordinates":[11.124374,11.93498]},"properties":{"settlement_id":"s4pgvhsw29","name":"Kollere Kafaje","state":"Yobe","lga":"Fune","population":132,"num_buildings":31,"dist_transmission_km":5.87,"solar_pv_value":1728.363,"wealth_index":NaN,"viability_score":NaN,"viability_tier":"A_highly_viable","rank_in_state":15}},{"type":"Feature","geometry":{"type":"Point","coordinates":[11.129469,11.935103]},"properties":{"settlement_id":"s4pgvk8pp2","name":"Kollere Kafaje","state":"Yobe","lga":"Fune","population":98,"num_buildings":23,"dist_transmission_km":6.24,"solar_pv_value":1728.363,"wealth_index":NaN,"viability_score":NaN,"viability_tier":"A_highly_viable","rank_in_state":16}},{"type":"Feature","geometry":{"type":"Point","coordinates":[10.825028,12.023475]},"properties":{"settlement_id":"s4psqkf9c6","name":"Jakusko","state":"Yobe","lga":"Jakusko","population":706,"num_buildings":166,"dist_transmission_km":10.14,"solar_pv_value":1723.25,"wealth_index":NaN,"viability_score":NaN,"viability_tier":"A_highly_viable","rank_in_state":17}},{"type":"Feature","geometry":{"type":"Point","coordinates":[10.956687,12.023311]},"properties":{"settlement_id":"s4pu3kf2v7","name":"Chukuriya","state":"Yobe","lga":"Nangere","population":1667,"num_buildings":392,"dist_transmission_km":0.03,"solar_pv_value":1726.537,"wealth_index":NaN,"viability_score":NaN,"viability_tier":"A_highly_viable","rank_in_state":18}},{"type":"Feature","geometry":{"type":"Point","coordinates":[11.233006,12.045156]},"properties":{"settlement_id":"s4pux8g8h5","name":"Kayeri","state":"Yobe","lga":"Fune","population":123,"num_buildings":29,"dist_transmission_km":11.84,"solar_pv_value":1728.363,"wealth_index":NaN,"viability_score":NaN,"viability_tier":"A_highly_viable","rank_in_state":19}},{"type":"Feature","geometry":{"type":"Point","coordinates":[11.235995,12.05166]},"properties":{"settlement_id":"s4pux9vy18","name":"Kayeri","state":"Yobe","lga":"Fune","population":166,"num_buildings":39,"dist_transmission_km":12.29,"solar_pv_value":1729.094,"wealth_index":NaN,"viability_score":NaN,"viability_tier":"A_highly_viable","rank_in_state":20}},{"type":"Feature","geometry":{"type":"Point","coordinates":[11.234846,12.066205]},"properties":{"settlement_id":"s4puxssfwz","name":"Kayeri","state":"Yobe","lga":"Fune","population":111,"num_buildings":26,"dist_transmission_km":12.72,"solar_pv_value":1729.459,"wealth_index":NaN,"viability_score":NaN,"viability_tier":"A_highly_viable","rank_in_state":21}},{"type":"Feature","geometry":{"type":"Point","coordinates":[11.21454,12.140167]},"properties":{"settlement_id":"s4pvp4n1te","name":"Marmari Gudugurka","state":"Yobe","lga":"Fune","population":1301,"num_buildings":306,"dist_transmission_km":12.99,"solar_pv_value":1731.65,"wealth_index":NaN,"viability_score":NaN,"viability_tier":"A_highly_viable","rank_in_state":22}},{"type":"Feature","geometry":{"type":"Point","coordinates":[11.227815,12.143881]},"properties":{"settlement_id":"s4pvp6xz5p","name":"Marmari Gudugurka","state":"Yobe","lga":"Fune","population":145,"num_buildings":34,"dist_transmission_km":13.05,"solar_pv_value":1731.65,"wealth_index":NaN,"viability_score":NaN,"viability_tier":"A_highly_viable","rank_in_state":23}},{"type":"Feature","geometry":{"type":"Point","coordinates":[10.846126,12.545368]},"properties":{"settlement_id":"s4pxqgcfj4","name":"Jakusko","state":"Yobe","lga":"Jakusko","population":128,"num_buildings":30,"dist_transmission_km":7.49,"solar_pv_value":1730.189,"wealth_index":NaN,"viability_score":NaN,"viability_tier":"A_highly_viable","rank_in_state":24}},{"type":"Feature","geometry":{"type":"Point","coordinates":[11.061941,12.339357]},"properties":{"settlement_id":"s4py5wr1cy","name":"Jakusko","state":"Yobe","lga":"Jakusko","population":349,"num_buildings":82,"dist_transmission_km":15.18,"solar_pv_value":1732.746,"wealth_index":NaN,"viability_score":NaN,"viability_tier":"A_highly_viable","rank_in_state":25}},{"type":"Feature","geometry":{"type":"Point","coordinates":[10.281706,13.001786]},"properties":{"settlement_id":"s4r3cyyuvh","name":"Nguru","state":"Yobe","lga":"Nguru","population":532,"num_buildings":125,"dist_transmission_km":12.35,"solar_pv_value":1739.32,"wealth_index":NaN,"viability_score":NaN,"viability_tier":"A_highly_viable","rank_in_state":26}},{"type":"Feature","geometry":{"type":"Point","coordinates":[10.466867,12.922356]},"properties":{"settlement_id":"s4r3w0mwpt","name":"Nguru","state":"Yobe","lga":"Nguru","population":413,"num_buildings":97,"dist_transmission_km":4.93,"solar_pv_value":1739.686,"wealth_index":NaN,"viability_score":NaN,"viability_tier":"A_highly_viable","rank_in_state":27}},{"type":"Feature","geometry":{"type":"Point","coordinates":[10.54165,12.921622]},"properties":{"settlement_id":"s4r3xbk1yh","name":"Karasuwa Galu","state":"Yobe","lga":"Karasuwa","population":659,"num_buildings":155,"dist_transmission_km":9.93,"solar_pv_value":1734.207,"wealth_index":NaN,"viability_score":NaN,"viability_tier":"A_highly_viable","rank_in_state":28}},{"type":"Feature","geometry":{"type":"Point","coordinates":[10.299237,13.042659]},"properties":{"settlement_id":"s4r64q7dvx","name":"Nguru","state":"Yobe","lga":"Nguru","population":1195,"num_buildings":281,"dist_transmission_km":16.75,"solar_pv_value":1736.033,"wealth_index":NaN,"viability_score":NaN,"viability_tier":"A_highly_viable","rank_in_state":29}},{"type":"Feature","geometry":{"type":"Point","coordinates":[10.308131,13.19657]},"properties":{"settlement_id":"s4r74d65sf","name":"Gumshi","state":"Yobe","lga":"Yusufari","population":132,"num_buildings":31,"dist_transmission_km":32.26,"solar_pv_value":1730.92,"wealth_index":NaN,"viability_score":NaN,"viability_tier":"A_highly_viable","rank_in_state":30}},{"type":"Feature","geometry":{"type":"Point","coordinates":[10.616962,12.882894]},"properties":{"settlement_id":"s4r9397031","name":"Karasuwa Galu","state":"Yobe","lga":"Karasuwa","population":85,"num_buildings":20,"dist_transmission_km":11.25,"solar_pv_value":1736.764,"wealth_index":NaN,"viability_score":NaN,"viability_tier":"A_highly_viable","rank_in_state":31}},{"type":"Feature","geometry":{"type":"Point","coordinates":[10.586451,12.945408]},"properties":{"settlement_id":"s4r98usu6n","name":"Karasuwa Galu","state":"Yobe","lga":"Karasuwa","population":289,"num_buildings":68,"dist_transmission_km":15.51,"solar_pv_value":1737.494,"wealth_index":NaN,"viability_score":NaN,"viability_tier":"A_highly_viable","rank_in_state":32}},{"type":"Feature","geometry":{"type":"Point","coordinates":[10.607482,13.002254]},"properties":{"settlement_id":"s4r9cqups5","name":"Jajeri","state":"Yobe","lga":"Karasuwa","population":1425,"num_buildings":335,"dist_transmission_km":20.87,"solar_pv_value":1737.494,"wealth_index":NaN,"viability_score":NaN,"viability_tier":"A_highly_viable","rank_in_state":33}},{"type":"Feature","geometry":{"type":"Point","coordinates":[11.066858,12.674957]},"properties":{"settlement_id":"s4rb5g6sur","name":"Gwio-Kura","state":"Yobe","lga":"Bade","population":187,"num_buildings":44,"dist_transmission_km":11.37,"solar_pv_value":1731.285,"wealth_index":NaN,"viability_score":NaN,"viability_tier":"A_highly_viable","rank_in_state":34}},{"type":"Feature","geometry":{"type":"Point","coordinates":[11.151313,12.668739]},"properties":{"settlement_id":"s4rbjf20u2","name":"Gwio-Kura","state":"Yobe","lga":"Bursari","population":119,"num_buildings":28,"dist_transmission_km":19.24,"solar_pv_value":1730.92,"wealth_index":NaN,"viability_score":NaN,"viability_tier":"A_highly_viable","rank_in_state":35}},{"type":"Feature","geometry":{"type":"Point","coordinates":[11.133743,12.691752]},"properties":{"settlement_id":"s4rbjq7qg4","name":"Gwio-Kura","state":"Yobe","lga":"Bursari","population":834,"num_buildings":196,"dist_transmission_km":15.93,"solar_pv_value":1730.92,"wealth_index":NaN,"viability_score":NaN,"viability_tier":"A_highly_viable","rank_in_state":36}},{"type":"Feature","geometry":{"type":"Point","coordinates":[11.183766,12.685594]},"properties":{"settlement_id":"s4rbnmrfbw","name":"Kurnawa","state":"Yobe","lga":"Bursari","population":595,"num_buildings":140,"dist_transmission_km":20.0,"solar_pv_value":1731.65,"wealth_index":NaN,"viability_score":NaN,"viability_tier":"A_highly_viable","rank_in_state":37}},{"type":"Feature","geometry":{"type":"Point","coordinates":[11.189216,12.68304]},"properties":{"settlement_id":"s4rbnsgspd","name":"Kurnawa","state":"Yobe","lga":"Bursari","population":604,"num_buildings":142,"dist_transmission_km":20.63,"solar_pv_value":1731.285,"wealth_index":NaN,"viability_score":NaN,"viability_tier":"A_highly_viable","rank_in_state":38}},{"type":"Feature","geometry":{"type":"Point","coordinates":[11.177175,12.734662]},"properties":{"settlement_id":"s4rbqq6bz1","name":"Kurnawa","state":"Yobe","lga":"Bursari","population":306,"num_buildings":72,"dist_transmission_km":16.01,"solar_pv_value":1732.016,"wealth_index":NaN,"viability_score":NaN,"viability_tier":"A_highly_viable","rank_in_state":39}},{"type":"Feature","geometry":{"type":"Point","coordinates":[11.212464,12.720155]},"properties":{"settlement_id":"s4rbr5ssm2","name":"Kurnawa","state":"Yobe","lga":"Bursari","population":94,"num_buildings":22,"dist_transmission_km":20.05,"solar_pv_value":1732.746,"wealth_index":NaN,"viability_score":NaN,"viability_tier":"A_highly_viable","rank_in_state":40}},{"type":"Feature","geometry":{"type":"Point","coordinates":[10.911799,12.998991]},"properties":{"settlement_id":"s4rcbq3sx7","name":"Jebuwa","state":"Yobe","lga":"Yusufari","population":119,"num_buildings":28,"dist_transmission_km":10.41,"solar_pv_value":1741.147,"wealth_index":NaN,"viability_score":NaN,"viability_tier":"A_highly_viable","rank_in_state":41}},{"type":"Feature","geometry":{"type":"Point","coordinates":[10.64947,13.019915]},"properties":{"settlement_id":"s4rd464ww8","name":"Karasuwa Galu","state":"Yobe","lga":"Karasuwa","population":319,"num_buildings":75,"dist_transmission_km":22.21,"solar_pv_value":1738.225,"wealth_index":NaN,"viability_score":NaN,"viability_tier":"A_highly_viable","rank_in_state":42}},{"type":"Feature","geometry":{"type":"Point","coordinates":[10.56597,13.10632]},"properties":{"settlement_id":"s4rd83vvug","name":"Kumagannam","state":"Yobe","lga":"Yusufari","population":94,"num_buildings":22,"dist_transmission_km":27.85,"solar_pv_value":1740.781,"wealth_index":NaN,"viability_score":NaN,"viability_tier":"A_highly_viable","rank_in_state":43}},{"type":"Feature","geometry":{"type":"Point","coordinates":[10.592803,13.196744]},"properties":{"settlement_id":"s4re143kw5","name":"Sumbar","state":"Yobe","lga":"Yusufari","population":204,"num_buildings":48,"dist_transmission_km":38.21,"solar_pv_value":1741.877,"wealth_index":NaN,"viability_score":NaN,"viability_tier":"A_highly_viable","rank_in_state":44}},{"type":"Feature","geometry":{"type":"Point","coordinates":[11.026134,13.171242]},"properties":{"settlement_id":"s4rffvubp9","name":"Jebuwa","state":"Yobe","lga":"Yusufari","population":106,"num_buildings":25,"dist_transmission_km":19.72,"solar_pv_value":1747.721,"wealth_index":NaN,"viability_score":NaN,"viability_tier":"A_highly_viable","rank_in_state":45}},{"type":"Feature","geometry":{"type":"Point","coordinates":[11.160632,13.021611]},"properties":{"settlement_id":"s4rfjfwbms","name":"Bulatura","state":"Yobe","lga":"Yusufari","population":327,"num_buildings":77,"dist_transmission_km":0.66,"solar_pv_value":1740.781,"wealth_index":NaN,"viability_score":NaN,"viability_tier":"A_highly_viable","rank_in_state":46}},{"type":"Feature","geometry":{"type":"Point","coordinates":[11.122299,13.149787]},"properties":{"settlement_id":"s4rfv1g503","name":"Bulatura","state":"Yobe","lga":"Yusufari","population":208,"num_buildings":49,"dist_transmission_km":10.71,"solar_pv_value":1742.608,"wealth_index":NaN,"viability_score":NaN,"viability_tier":"A_highly_viable","rank_in_state":47}},{"type":"Feature","geometry":{"type":"Point","coordinates":[11.043086,13.21537]},"properties":{"settlement_id":"s4rg5mc34e","name":"Maimalari","state":"Yobe","lga":"Yusufari","population":170,"num_buildings":40,"dist_transmission_km":21.75,"solar_pv_value":1748.086,"wealth_index":NaN,"viability_score":NaN,"viability_tier":"A_highly_viable","rank_in_state":48}},{"type":"Feature","geometry":{"type":"Point","coordinates":[11.477542,11.325826]},"properties":{"settlement_id":"s600mjv9wn","name":"Zangaya Mazawaun","state":"Yobe","lga":"Fika","population":340,"num_buildings":80,"dist_transmission_km":17.55,"solar_pv_value":1709.37,"wealth_index":NaN,"viability_score":NaN,"viability_tier":"A_highly_viable","rank_in_state":49}},{"type":"Feature","geometry":{"type":"Point","coordinates":[11.712363,11.325542]},"properties":{"settlement_id":"s6026tb8jf","name":"Mutai","state":"Yobe","lga":"Gujba","population":85,"num_buildings":20,"dist_transmission_km":27.18,"solar_pv_value":1691.838,"wealth_index":NaN,"viability_score":NaN,"viability_tier":"A_highly_viable","rank_in_state":50}},{"type":"Feature","geometry":{"type":"Point","coordinates":[6.086749,11.033647]},"properties":{"settlement_id":"s1uqf885xs","name":"Kuyanbana","state":"Zamfara","lga":"Maru","population":89,"num_buildings":21,"dist_transmission_km":12.56,"solar_pv_value":1629.746,"wealth_index":NaN,"viability_score":NaN,"viability_tier":"A_highly_viable","rank_in_state":1}},{"type":"Feature","geometry":{"type":"Point","coordinates":[6.445959,11.215156]},"properties":{"settlement_id":"s1uxf9tv18","name":"Kuyanbana","state":"Zamfara","lga":"Maru","population":327,"num_buildings":77,"dist_transmission_km":10.43,"solar_pv_value":1645.816,"wealth_index":NaN,"viability_score":NaN,"viability_tier":"A_highly_viable","rank_in_state":2}},{"type":"Feature","geometry":{"type":"Point","coordinates":[6.54487,11.184588]},"properties":{"settlement_id":"s1uxsujffw","name":"Kuyanbana","state":"Zamfara","lga":"Maru","population":153,"num_buildings":36,"dist_transmission_km":13.53,"solar_pv_value":1642.529,"wealth_index":NaN,"viability_score":NaN,"viability_tier":"A_highly_viable","rank_in_state":3}},{"type":"Feature","geometry":{"type":"Point","coordinates":[5.029809,11.804562]},"properties":{"settlement_id":"s45e4kywe1","name":"Bardoki","state":"Zamfara","lga":"Gummi","population":119,"num_buildings":28,"dist_transmission_km":22.72,"solar_pv_value":1643.26,"wealth_index":NaN,"viability_score":NaN,"viability_tier":"A_highly_viable","rank_in_state":4}},{"type":"Feature","geometry":{"type":"Point","coordinates":[5.580805,11.936416]},"properties":{"settlement_id":"s45gyuzydj","name":"Adabka","state":"Zamfara","lga":"Bukkuyum","population":430,"num_buildings":101,"dist_transmission_km":8.98,"solar_pv_value":1656.774,"wealth_index":NaN,"viability_score":NaN,"viability_tier":"A_highly_viable","rank_in_state":5}},{"type":"Feature","geometry":{"type":"Point","coordinates":[5.249294,12.050307]},"properties":{"settlement_id":"s45sx3wqjk","name":"Birnin Tudu","state":"Zamfara","lga":"Gummi","population":340,"num_buildings":80,"dist_transmission_km":3.82,"solar_pv_value":1663.348,"wealth_index":NaN,"viability_score":NaN,"viability_tier":"A_highly_viable","rank_in_state":6}},{"type":"Feature","geometry":{"type":"Point","coordinates":[5.009782,12.16245]},"properties":{"settlement_id":"s45t4n052m","name":"Gyalganye","state":"Zamfara","lga":"Gummi","population":1654,"num_buildings":389,"dist_transmission_km":5.91,"solar_pv_value":1661.522,"wealth_index":NaN,"viability_score":NaN,"viability_tier":"A_highly_viable","rank_in_state":7}},{"type":"Feature","geometry":{"type":"Point","coordinates":[5.144745,12.143623]},"properties":{"settlement_id":"s45tj4dm9p","name":"Magaji","state":"Zamfara","lga":"Gummi","population":540,"num_buildings":127,"dist_transmission_km":1.26,"solar_pv_value":1661.522,"wealth_index":NaN,"viability_score":NaN,"viability_tier":"A_highly_viable","rank_in_state":8}},{"type":"Feature","geometry":{"type":"Point","coordinates":[5.423471,11.971861]},"properties":{"settlement_id":"s45u57mm0h","name":"Zarummai","state":"Zamfara","lga":"Bukkuyum","population":795,"num_buildings":187,"dist_transmission_km":1.51,"solar_pv_value":1656.774,"wealth_index":NaN,"viability_score":NaN,"viability_tier":"A_highly_viable","rank_in_state":9}},{"type":"Feature","geometry":{"type":"Point","coordinates":[5.438038,12.040714]},"properties":{"settlement_id":"s45u7xzy5r","name":"Zarummai","state":"Zamfara","lga":"Bukkuyum","population":242,"num_buildings":57,"dist_transmission_km":5.15,"solar_pv_value":1658.6,"wealth_index":NaN,"viability_score":NaN,"viability_tier":"A_highly_viable","rank_in_state":10}},{"type":"Feature","geometry":{"type":"Point","coordinates":[5.535987,12.063811]},"properties":{"settlement_id":"s45utuphvc","name":"Masama","state":"Zamfara","lga":"Bukkuyum","population":89,"num_buildings":21,"dist_transmission_km":2.35,"solar_pv_value":1660.792,"wealth_index":NaN,"viability_score":NaN,"viability_tier":"A_highly_viable","rank_in_state":11}},{"type":"Feature","geometry":{"type":"Point","coordinates":[5.426202,12.162035]},"properties":{"settlement_id":"s45v5qp0zx","name":"Zauma","state":"Zamfara","lga":"Bukkuyum","population":174,"num_buildings":41,"dist_transmission_km":5.17,"solar_pv_value":1661.522,"wealth_index":NaN,"viability_score":NaN,"viability_tier":"A_highly_viable","rank_in_state":12}},{"type":"Feature","geometry":{"type":"Point","coordinates":[5.42099,12.226019]},"properties":{"settlement_id":"s45ve3emwp","name":"Zauma","state":"Zamfara","lga":"Bukkuyum","population":149,"num_buildings":35,"dist_transmission_km":10.87,"solar_pv_value":1668.097,"wealth_index":NaN,"viability_score":NaN,"viability_tier":"A_highly_viable","rank_in_state":13}},{"type":"Feature","geometry":{"type":"Point","coordinates":[5.514049,12.170554]},"properties":{"settlement_id":"s45vjrx4we","name":"Bukkuyum","state":"Zamfara","lga":"Bukkuyum","population":710,"num_buildings":167,"dist_transmission_km":5.79,"solar_pv_value":1662.618,"wealth_index":NaN,"viability_score":NaN,"viability_tier":"A_highly_viable","rank_in_state":14}},{"type":"Feature","geometry":{"type":"Point","coordinates":[5.512328,12.176139]},"properties":{"settlement_id":"s45vm2tgns","name":"Bukkuyum","state":"Zamfara","lga":"Bukkuyum","population":170,"num_buildings":40,"dist_transmission_km":6.15,"solar_pv_value":1662.983,"wealth_index":NaN,"viability_score":NaN,"viability_tier":"A_highly_viable","rank_in_state":15}},{"type":"Feature","geometry":{"type":"Point","coordinates":[5.526702,12.210901]},"properties":{"settlement_id":"s45vmybmtk","name":"Bukkuyum","state":"Zamfara","lga":"Bukkuyum","population":638,"num_buildings":150,"dist_transmission_km":9.93,"solar_pv_value":1665.905,"wealth_index":NaN,"viability_score":NaN,"viability_tier":"A_highly_viable","rank_in_state":16}},{"type":"Feature","geometry":{"type":"Point","coordinates":[5.538508,12.203417]},"properties":{"settlement_id":"s45vqj9409","name":"Bukkuyum","state":"Zamfara","lga":"Bukkuyum","population":115,"num_buildings":27,"dist_transmission_km":10.05,"solar_pv_value":1665.175,"wealth_index":NaN,"viability_score":NaN,"viability_tier":"A_highly_viable","rank_in_state":17}},{"type":"Feature","geometry":{"type":"Point","coordinates":[5.538014,12.208447]},"properties":{"settlement_id":"s45vqn2xm5","name":"Bukkuyum","state":"Zamfara","lga":"Bukkuyum","population":247,"num_buildings":58,"dist_transmission_km":10.6,"solar_pv_value":1666.27,"wealth_index":NaN,"viability_score":NaN,"viability_tier":"A_highly_viable","rank_in_state":18}},{"type":"Feature","geometry":{"type":"Point","coordinates":[5.6236,12.243456]},"properties":{"settlement_id":"s45vxuygr3","name":"Ruwan Jema","state":"Zamfara","lga":"Bukkuyum","population":145,"num_buildings":34,"dist_transmission_km":17.63,"solar_pv_value":1675.402,"wealth_index":NaN,"viability_score":NaN,"viability_tier":"A_highly_viable","rank_in_state":19}},{"type":"Feature","geometry":{"type":"Point","coordinates":[5.613397,12.250295]},"properties":{"settlement_id":"s45vxwpe1s","name":"Ruwan Jema","state":"Zamfara","lga":"Bukkuyum","population":196,"num_buildings":46,"dist_transmission_km":17.59,"solar_pv_value":1674.671,"wealth_index":NaN,"viability_score":NaN,"viability_tier":"A_highly_viable","rank_in_state":20}},{"type":"Feature","geometry":{"type":"Point","coordinates":[5.612491,12.252601]},"properties":{"settlement_id":"s45vxwwbsd","name":"Ruwan Jema","state":"Zamfara","lga":"Bukkuyum","population":153,"num_buildings":36,"dist_transmission_km":17.86,"solar_pv_value":1674.671,"wealth_index":NaN,"viability_score":NaN,"viability_tier":"A_highly_viable","rank_in_state":21}},{"type":"Feature","geometry":{"type":"Point","coordinates":[5.886618,11.501095]},"properties":{"settlement_id":"s4h1mvww8p","name":"Dankurmi","state":"Zamfara","lga":"Maru","population":94,"num_buildings":22,"dist_transmission_km":7.35,"solar_pv_value":1653.852,"wealth_index":NaN,"viability_score":NaN,"viability_tier":"A_highly_viable","rank_in_state":22}},{"type":"Feature","geometry":{"type":"Point","coordinates":[5.898202,11.500396]},"properties":{"settlement_id":"s4h1qjwfwj","name":"Dankurmi","state":"Zamfara","lga":"Maru","population":995,"num_buildings":234,"dist_transmission_km":8.49,"solar_pv_value":1654.217,"wealth_index":NaN,"viability_score":NaN,"viability_tier":"A_highly_viable","rank_in_state":23}},{"type":"Feature","geometry":{"type":"Point","coordinates":[5.994938,11.511138]},"properties":{"settlement_id":"s4h32rt3hp","name":"Dankurmi","state":"Zamfara","lga":"Maru","population":191,"num_buildings":45,"dist_transmission_km":6.79,"solar_pv_value":1659.331,"wealth_index":NaN,"viability_score":NaN,"viability_tier":"A_highly_viable","rank_in_state":24}},{"type":"Feature","geometry":{"type":"Point","coordinates":[5.798432,11.880721]},"properties":{"settlement_id":"s4h5efy61q","name":"Gwashi","state":"Zamfara","lga":"Bukkuyum","population":310,"num_buildings":73,"dist_transmission_km":4.01,"solar_pv_value":1661.522,"wealth_index":NaN,"viability_score":NaN,"viability_tier":"A_highly_viable","rank_in_state":25}},{"type":"Feature","geometry":{"type":"Point","coordinates":[5.878572,11.888159]},"properties":{"settlement_id":"s4h5tu0ts9","name":"Bagega","state":"Zamfara","lga":"Anka","population":102,"num_buildings":24,"dist_transmission_km":11.99,"solar_pv_value":1665.905,"wealth_index":NaN,"viability_score":NaN,"viability_tier":"A_highly_viable","rank_in_state":26}},{"type":"Feature","geometry":{"type":"Point","coordinates":[5.96867,11.946122]},"properties":{"settlement_id":"s4h5zydr0n","name":"Bagega","state":"Zamfara","lga":"Anka","population":1386,"num_buildings":326,"dist_transmission_km":13.89,"solar_pv_value":1669.923,"wealth_index":NaN,"viability_score":NaN,"viability_tier":"A_highly_viable","rank_in_state":27}},{"type":"Feature","geometry":{"type":"Point","coordinates":[6.127167,11.64346]},"properties":{"settlement_id":"s4h65rtsj6","name":"Sabon Birni","state":"Zamfara","lga":"Anka","population":319,"num_buildings":75,"dist_transmission_km":25.1,"solar_pv_value":1656.044,"wealth_index":NaN,"viability_score":NaN,"viability_tier":"A_highly_viable","rank_in_state":28}},{"type":"Feature","geometry":{"type":"Point","coordinates":[6.033104,11.761568]},"properties":{"settlement_id":"s4h6cm1hje","name":"Sabon Birni","state":"Zamfara","lga":"Anka","population":132,"num_buildings":31,"dist_transmission_km":32.41,"solar_pv_value":1662.253,"wealth_index":NaN,"viability_score":NaN,"viability_tier":"A_highly_viable","rank_in_state":29}},{"type":"Feature","geometry":{"type":"Point","coordinates":[6.362516,11.261237]},"properties":{"settlement_id":"s4h80f113q","name":"Kuyanbana","state":"Zamfara","lga":"Maru","population":6745,"num_buildings":1586,"dist_transmission_km":13.81,"solar_pv_value":1654.217,"wealth_index":NaN,"viability_score":NaN,"viability_tier":"A_highly_viable","rank_in_state":30}},{"type":"Feature","geometry":{"type":"Point","coordinates":[6.378235,11.257504]},"properties":{"settlement_id":"s4h811k7xw","name":"Kuyanbana","state":"Zamfara","lga":"Maru","population":119,"num_buildings":28,"dist_transmission_km":13.3,"solar_pv_value":1652.391,"wealth_index":NaN,"viability_score":NaN,"viability_tier":"A_highly_viable","rank_in_state":31}},{"type":"Feature","geometry":{"type":"Point","coordinates":[6.389224,11.263335]},"properties":{"settlement_id":"s4h816kmxt","name":"Kuyanbana","state":"Zamfara","lga":"Maru","population":476,"num_buildings":112,"dist_transmission_km":11.94,"solar_pv_value":1650.565,"wealth_index":NaN,"viability_score":NaN,"viability_tier":"A_highly_viable","rank_in_state":32}},{"type":"Feature","geometry":{"type":"Point","coordinates":[6.368531,11.302368]},"properties":{"settlement_id":"s4h82ct3jd","name":"Kuyanbana","state":"Zamfara","lga":"Maru","population":272,"num_buildings":64,"dist_transmission_km":11.23,"solar_pv_value":1655.313,"wealth_index":NaN,"viability_score":NaN,"viability_tier":"A_highly_viable","rank_in_state":33}},{"type":"Feature","geometry":{"type":"Point","coordinates":[6.408365,11.325436]},"properties":{"settlement_id":"s4h83vdrmw","name":"Dansadau","state":"Zamfara","lga":"Maru","population":2607,"num_buildings":613,"dist_transmission_km":5.93,"solar_pv_value":1657.139,"wealth_index":NaN,"viability_score":NaN,"viability_tier":"A_highly_viable","rank_in_state":34}},{"type":"Feature","geometry":{"type":"Point","coordinates":[6.348128,11.503806]},"properties":{"settlement_id":"s4h92qnwd0","name":"Dangulbi","state":"Zamfara","lga":"Maru","population":85,"num_buildings":20,"dist_transmission_km":8.14,"solar_pv_value":1666.27,"wealth_index":NaN,"viability_score":NaN,"viability_tier":"A_highly_viable","rank_in_state":35}},{"type":"Feature","geometry":{"type":"Point","coordinates":[6.524358,11.750939]},"properties":{"settlement_id":"s4hdu7nyht","name":"Bingi South","state":"Zamfara","lga":"Bungudu","population":204,"num_buildings":48,"dist_transmission_km":6.95,"solar_pv_value":1692.568,"wealth_index":NaN,"viability_score":NaN,"viability_tier":"A_highly_viable","rank_in_state":36}},{"type":"Feature","geometry":{"type":"Point","coordinates":[6.590109,11.75872]},"properties":{"settlement_id":"s4hdvuwg88","name":"Gusau","state":"Zamfara","lga":"Gusau","population":1310,"num_buildings":308,"dist_transmission_km":null,"solar_pv_value":1691.108,"wealth_index":NaN,"viability_score":NaN,"viability_tier":"A_highly_viable","rank_in_state":37}},{"type":"Feature","geometry":{"type":"Point","coordinates":[5.67812,12.001428]},"properties":{"settlement_id":"s4hh30y9mu","name":"Mallamawa","state":"Zamfara","lga":"Bukkuyum","population":1467,"num_buildings":345,"dist_transmission_km":0.01,"solar_pv_value":1664.81,"wealth_index":NaN,"viability_score":NaN,"viability_tier":"A_highly_viable","rank_in_state":38}},{"type":"Feature","geometry":{"type":"Point","coordinates":[5.776125,12.015029]},"properties":{"settlement_id":"s4hh77q097","name":"Gurusu","state":"Zamfara","lga":"Bukkuyum","population":230,"num_buildings":54,"dist_transmission_km":1.88,"solar_pv_value":1667.732,"wealth_index":NaN,"viability_score":NaN,"viability_tier":"A_highly_viable","rank_in_state":39}},{"type":"Feature","geometry":{"type":"Point","coordinates":[5.887625,12.019841]},"properties":{"settlement_id":"s4hhmuphxs","name":"Dangaladima","state":"Zamfara","lga":"Anka","population":834,"num_buildings":196,"dist_transmission_km":2.65,"solar_pv_value":1671.749,"wealth_index":NaN,"viability_score":NaN,"viability_tier":"A_highly_viable","rank_in_state":40}},{"type":"Feature","geometry":{"type":"Point","coordinates":[5.92986,11.972078]},"properties":{"settlement_id":"s4hhngmyrv","name":"Bagega","state":"Zamfara","lga":"Anka","population":485,"num_buildings":114,"dist_transmission_km":8.95,"solar_pv_value":1667.366,"wealth_index":NaN,"viability_score":NaN,"viability_tier":"A_highly_viable","rank_in_state":41}},{"type":"Feature","geometry":{"type":"Point","coordinates":[5.810284,12.063835]},"properties":{"settlement_id":"s4hhshnuvm","name":"Matseri","state":"Zamfara","lga":"Anka","population":1459,"num_buildings":343,"dist_transmission_km":6.2,"solar_pv_value":1666.636,"wealth_index":NaN,"viability_score":NaN,"viability_tier":"A_highly_viable","rank_in_state":42}},{"type":"Feature","geometry":{"type":"Point","coordinates":[5.817865,12.067256]},"properties":{"settlement_id":"s4hhsku2y5","name":"Matseri","state":"Zamfara","lga":"Anka","population":302,"num_buildings":71,"dist_transmission_km":5.64,"solar_pv_value":1668.097,"wealth_index":NaN,"viability_score":NaN,"viability_tier":"A_highly_viable","rank_in_state":43}},{"type":"Feature","geometry":{"type":"Point","coordinates":[5.840222,12.109383]},"properties":{"settlement_id":"s4hhuukwr0","name":"Matseri","state":"Zamfara","lga":"Anka","population":272,"num_buildings":64,"dist_transmission_km":1.17,"solar_pv_value":1669.192,"wealth_index":NaN,"viability_score":NaN,"viability_tier":"A_highly_viable","rank_in_state":44}},{"type":"Feature","geometry":{"type":"Point","coordinates":[5.856566,12.104801]},"properties":{"settlement_id":"s4hhv78eef","name":"Matseri","state":"Zamfara","lga":"Anka","population":153,"num_buildings":36,"dist_transmission_km":0.91,"solar_pv_value":1668.827,"wealth_index":NaN,"viability_score":NaN,"viability_tier":"A_highly_viable","rank_in_state":45}},{"type":"Feature","geometry":{"type":"Point","coordinates":[5.859888,12.106211]},"properties":{"settlement_id":"s4hhv7g5c3","name":"Matseri","state":"Zamfara","lga":"Anka","population":285,"num_buildings":67,"dist_transmission_km":0.67,"solar_pv_value":1668.462,"wealth_index":NaN,"viability_score":NaN,"viability_tier":"A_highly_viable","rank_in_state":46}},{"type":"Feature","geometry":{"type":"Point","coordinates":[5.668614,12.138351]},"properties":{"settlement_id":"s4hj0cxz02","name":"Masama","state":"Zamfara","lga":"Bukkuyum","population":787,"num_buildings":185,"dist_transmission_km":12.23,"solar_pv_value":1665.175,"wealth_index":NaN,"viability_score":NaN,"viability_tier":"A_highly_viable","rank_in_state":47}},{"type":"Feature","geometry":{"type":"Point","coordinates":[5.650936,12.142951]},"properties":{"settlement_id":"s4hj0ddcu6","name":"Yashi","state":"Zamfara","lga":"Bukkuyum","population":353,"num_buildings":83,"dist_transmission_km":13.41,"solar_pv_value":1665.54,"wealth_index":NaN,"viability_score":NaN,"viability_tier":"A_highly_viable","rank_in_state":48}},{"type":"Feature","geometry":{"type":"Point","coordinates":[5.65797,12.143804]},"properties":{"settlement_id":"s4hj0f8nb3","name":"Yashi","state":"Zamfara","lga":"Bukkuyum","population":162,"num_buildings":38,"dist_transmission_km":13.56,"solar_pv_value":1665.54,"wealth_index":NaN,"viability_score":NaN,"viability_tier":"A_highly_viable","rank_in_state":49}},{"type":"Feature","geometry":{"type":"Point","coordinates":[5.629608,12.151577]},"properties":{"settlement_id":"s4hj0h5k56","name":"Yashi","state":"Zamfara","lga":"Bukkuyum","population":1123,"num_buildings":264,"dist_transmission_km":11.38,"solar_pv_value":1665.54,"wealth_index":NaN,"viability_score":NaN,"viability_tier":"A_highly_viable","rank_in_state":50}}]}